year,age,maritl,race,education,region,jobclass,health,health_ins,wage
2006,18,1. Never Married,1. White,< HS Grad,2. Middle Atlantic,1. Industrial,1. <=Good,2. No,4.31806333496276
2004,24,1. Never Married,1. White,College Grad,2. Middle Atlantic,2. Information,2. >=Very Good,2. No,4.185241685198245
2003,45,2. Married,1. White,Some College,2. Middle Atlantic,1. Industrial,1. <=Good,1. Yes,4.8750612633917
2003,43,2. Married,3. Asian,College Grad,2. Middle Atlantic,2. Information,2. >=Very Good,1. Yes,4.9058045950183775
2005,50,4. Divorced,1. White,HS Grad,2. Middle Atlantic,2. Information,1. <=Good,1. Yes,4.221807164176544
2008,54,2. Married,1. White,College Grad,2. Middle Atlantic,2. Information,2. >=Very Good,1. Yes,4.740253237103853
2009,44,2. Married,4. Other,Some College,2. Middle Atlantic,1. Industrial,2. >=Very Good,1. Yes,5.13302127864665
2008,30,1. Never Married,3. Asian,Some College,2. Middle Atlantic,2. Information,1. <=Good,1. Yes,4.7160033436348
2006,41,1. Never Married,2. Black,Some College,2. Middle Atlantic,2. Information,2. >=Very Good,1. Yes,4.77815125038364
2004,52,2. Married,1. White,HS Grad,2. Middle Atlantic,2. Information,2. >=Very Good,1. Yes,4.939436120045804
2007,45,4. Divorced,1. White,Some College,2. Middle Atlantic,2. Information,1. <=Good,1. Yes,4.7634279935629404
2007,34,2. Married,1. White,HS Grad,2. Middle Atlantic,1. Industrial,2. >=Very Good,2. No,4.394522377187859
2005,35,1. Never Married,1. White,HS Grad,2. Middle Atlantic,2. Information,2. >=Very Good,1. Yes,4.6749895766196365
2003,39,2. Married,1. White,College Grad,2. Middle Atlantic,1. Industrial,2. >=Very Good,1. Yes,5.052833127681704
2009,54,2. Married,1. White,HS Grad,2. Middle Atlantic,2. Information,2. >=Very Good,1. Yes,4.917601733851593
2009,51,2. Married,1. White,Some College,2. Middle Atlantic,1. Industrial,2. >=Very Good,1. Yes,4.50514997831991
2003,37,1. Never Married,3. Asian,College Grad,2. Middle Atlantic,1. Industrial,2. >=Very Good,2. No,4.5575553345890585
2006,50,2. Married,1. White,Advanced Degree,2. Middle Atlantic,2. Information,2. >=Very Good,2. No,5.36055176170483
2007,56,2. Married,1. White,College Grad,2. Middle Atlantic,1. Industrial,1. <=Good,1. Yes,4.759313773248188
2003,37,1. Never Married,1. White,Some College,2. Middle Atlantic,1. Industrial,2. >=Very Good,1. Yes,4.5910646070265
2003,38,2. Married,3. Asian,College Grad,2. Middle Atlantic,2. Information,2. >=Very Good,2. No,5.30102999566398
2005,40,4. Divorced,1. White,HS Grad,2. Middle Atlantic,2. Information,2. >=Very Good,2. No,3.9958153085937895
2009,75,2. Married,1. White,College Grad,2. Middle Atlantic,1. Industrial,2. >=Very Good,1. Yes,4.116069302624875
2007,40,2. Married,1. White,College Grad,2. Middle Atlantic,2. Information,2. >=Very Good,2. No,5.154839684541179
2006,38,1. Never Married,1. White,HS Grad,2. Middle Atlantic,1. Industrial,1. <=Good,2. No,4.728570592741233
2005,49,2. Married,1. White,Advanced Degree,2. Middle Atlantic,2. Information,2. >=Very Good,1. Yes,5.62618633492728
2006,43,2. Married,1. White,HS Grad,2. Middle Atlantic,1. Industrial,1. <=Good,1. Yes,4.382575377368933
2004,34,2. Married,4. Other,HS Grad,2. Middle Atlantic,1. Industrial,1. <=Good,1. Yes,4.344013507483319
2008,57,2. Married,1. White,HS Grad,2. Middle Atlantic,1. Industrial,2. >=Very Good,2. No,4.727937911398064
2003,18,1. Never Married,2. Black,HS Grad,2. Middle Atlantic,1. Industrial,2. >=Very Good,1. Yes,4.052657236395124
2004,55,2. Married,1. White,Advanced Degree,2. Middle Atlantic,2. Information,2. >=Very Good,1. Yes,5.27646180417324
2005,51,2. Married,1. White,Some College,2. Middle Atlantic,2. Information,2. >=Very Good,1. Yes,4.61909333062674
2008,33,1. Never Married,1. White,Advanced Degree,2. Middle Atlantic,1. Industrial,2. >=Very Good,2. No,4.39794000867204
2005,34,1. Never Married,1. White,HS Grad,2. Middle Atlantic,1. Industrial,2. >=Very Good,2. No,4.925615524161737
2006,36,2. Married,1. White,College Grad,2. Middle Atlantic,2. Information,2. >=Very Good,1. Yes,4.619127401393368
2003,56,1. Never Married,1. White,Advanced Degree,2. Middle Atlantic,2. Information,1. <=Good,1. Yes,4.47712125471966
2006,70,1. Never Married,1. White,College Grad,2. Middle Atlantic,1. Industrial,1. <=Good,1. Yes,4.476903673776739
2004,25,1. Never Married,1. White,College Grad,2. Middle Atlantic,1. Industrial,2. >=Very Good,1. Yes,4.570413379775917
2006,32,2. Married,1. White,Some College,2. Middle Atlantic,1. Industrial,2. >=Very Good,2. No,4.66275783168157
2003,27,2. Married,1. White,< HS Grad,2. Middle Atlantic,1. Industrial,2. >=Very Good,2. No,4.19312459835446
2004,28,2. Married,3. Asian,College Grad,2. Middle Atlantic,1. Industrial,2. >=Very Good,2. No,3.3843934413724686
2007,27,1. Never Married,1. White,College Grad,2. Middle Atlantic,2. Information,2. >=Very Good,1. Yes,4.534510994215365
2004,43,1. Never Married,1. White,< HS Grad,2. Middle Atlantic,1. Industrial,1. <=Good,2. No,3.81291335664286
2005,50,1. Never Married,4. Other,< HS Grad,2. Middle Atlantic,1. Industrial,1. <=Good,1. Yes,4.30102999566398
2004,39,2. Married,2. Black,HS Grad,2. Middle Atlantic,2. Information,2. >=Very Good,2. No,4.429504513819594
2008,52,2. Married,1. White,Advanced Degree,2. Middle Atlantic,1. Industrial,2. >=Very Good,1. Yes,5.04139268515823
2009,35,2. Married,1. White,College Grad,2. Middle Atlantic,1. Industrial,2. >=Very Good,1. Yes,5.59061783348625
2007,57,2. Married,1. White,Advanced Degree,2. Middle Atlantic,2. Information,2. >=Very Good,1. Yes,5.17609125905568
2006,25,1. Never Married,1. White,< HS Grad,2. Middle Atlantic,1. Industrial,2. >=Very Good,2. No,4.19312459835446
2006,33,1. Never Married,1. White,HS Grad,2. Middle Atlantic,2. Information,1. <=Good,1. Yes,4.7207594549301986
2005,57,2. Married,1. White,Advanced Degree,2. Middle Atlantic,2. Information,2. >=Very Good,2. No,5.30102999566398
2008,71,2. Married,1. White,Some College,2. Middle Atlantic,1. Industrial,2. >=Very Good,1. Yes,4.6232492903979
2004,43,2. Married,1. White,College Grad,2. Middle Atlantic,1. Industrial,2. >=Very Good,1. Yes,5.60688524128857
2003,23,1. Never Married,1. White,Some College,2. Middle Atlantic,1. Industrial,2. >=Very Good,2. No,3.55630250076729
2009,30,1. Never Married,1. White,Advanced Degree,2. Middle Atlantic,2. Information,2. >=Very Good,1. Yes,4.74036268949424
2004,22,1. Never Married,2. Black,HS Grad,2. Middle Atlantic,2. Information,2. >=Very Good,1. Yes,4.437888357432701
2006,59,2. Married,1. White,Advanced Degree,2. Middle Atlantic,2. Information,1. <=Good,1. Yes,5.30102999566398
2003,28,1. Never Married,3. Asian,College Grad,2. Middle Atlantic,2. Information,2. >=Very Good,1. Yes,4.906475558411157
2004,61,2. Married,1. White,HS Grad,2. Middle Atlantic,1. Industrial,2. >=Very Good,1. Yes,4.52121727157898
2003,34,2. Married,1. White,HS Grad,2. Middle Atlantic,2. Information,2. >=Very Good,1. Yes,4.806934134428886
2005,43,2. Married,1. White,College Grad,2. Middle Atlantic,1. Industrial,2. >=Very Good,1. Yes,4.897163182317918
2006,54,2. Married,1. White,Some College,2. Middle Atlantic,1. Industrial,2. >=Very Good,2. No,4.7634279935629404
2005,69,2. Married,1. White,HS Grad,2. Middle Atlantic,1. Industrial,1. <=Good,1. Yes,4.508943978447599
2004,41,2. Married,1. White,Some College,2. Middle Atlantic,1. Industrial,1. <=Good,1. Yes,4.47712125471966
2003,48,2. Married,1. White,Advanced Degree,2. Middle Atlantic,2. Information,2. >=Very Good,1. Yes,4.83250891270624
2003,49,2. Married,1. White,Some College,2. Middle Atlantic,2. Information,2. >=Very Good,1. Yes,4.81491318127507
2009,42,2. Married,1. White,HS Grad,2. Middle Atlantic,1. Industrial,2. >=Very Good,1. Yes,5.208978929175292
2003,37,2. Married,1. White,College Grad,2. Middle Atlantic,2. Information,2. >=Very Good,1. Yes,5.30102999566398
2004,55,2. Married,3. Asian,HS Grad,2. Middle Atlantic,1. Industrial,2. >=Very Good,1. Yes,4.6138070397616735
2008,21,1. Never Married,2. Black,HS Grad,2. Middle Atlantic,1. Industrial,2. >=Very Good,2. No,4.31508963106978
2004,58,2. Married,1. White,HS Grad,2. Middle Atlantic,2. Information,2. >=Very Good,1. Yes,4.426137996245461
2006,31,1. Never Married,1. White,HS Grad,2. Middle Atlantic,1. Industrial,2. >=Very Good,2. No,4.554795425802631
2006,25,1. Never Married,1. White,HS Grad,2. Middle Atlantic,1. Industrial,2. >=Very Good,1. Yes,4.284306997418907
2006,32,1. Never Married,1. White,Some College,2. Middle Atlantic,2. Information,2. >=Very Good,1. Yes,4.61278385671974
2009,40,1. Never Married,2. Black,< HS Grad,2. Middle Atlantic,2. Information,2. >=Very Good,1. Yes,4.54406804435028
2003,44,2. Married,1. White,Advanced Degree,2. Middle Atlantic,2. Information,2. >=Very Good,2. No,4.60205999132796
2003,60,2. Married,1. White,College Grad,2. Middle Atlantic,1. Industrial,2. >=Very Good,1. Yes,5.59198011410292
2006,23,1. Never Married,1. White,< HS Grad,2. Middle Atlantic,1. Industrial,1. <=Good,1. Yes,4.39794000867204
2003,63,2. Married,1. White,HS Grad,2. Middle Atlantic,2. Information,2. >=Very Good,2. No,4.650747549225815
2008,44,1. Never Married,1. White,< HS Grad,2. Middle Atlantic,1. Industrial,1. <=Good,2. No,4.47712125471966
2005,47,2. Married,3. Asian,Advanced Degree,2. Middle Atlantic,2. Information,1. <=Good,1. Yes,4.85733249643127
2004,61,2. Married,1. White,Some College,2. Middle Atlantic,1. Industrial,2. >=Very Good,1. Yes,4.67024585307412
2009,55,2. Married,1. White,Advanced Degree,2. Middle Atlantic,2. Information,2. >=Very Good,2. No,4.19033169817029
2003,24,1. Never Married,1. White,< HS Grad,2. Middle Atlantic,1. Industrial,1. <=Good,2. No,3.94200805302231
2007,42,3. Widowed,1. White,HS Grad,2. Middle Atlantic,1. Industrial,2. >=Very Good,1. Yes,4.6225937129707955
2006,25,2. Married,1. White,HS Grad,2. Middle Atlantic,2. Information,2. >=Very Good,1. Yes,4.395137225926241
2004,34,4. Divorced,1. White,HS Grad,2. Middle Atlantic,1. Industrial,2. >=Very Good,2. No,4.65485232216985
2009,53,2. Married,1. White,< HS Grad,2. Middle Atlantic,2. Information,2. >=Very Good,2. No,4.22063101944809
2009,53,2. Married,1. White,College Grad,2. Middle Atlantic,2. Information,2. >=Very Good,1. Yes,4.64056774918022
2009,70,2. Married,3. Asian,Advanced Degree,2. Middle Atlantic,2. Information,1. <=Good,2. No,4.85125834871908
2004,47,2. Married,1. White,College Grad,2. Middle Atlantic,2. Information,2. >=Very Good,1. Yes,4.973879022424178
2003,46,2. Married,1. White,HS Grad,2. Middle Atlantic,1. Industrial,2. >=Very Good,1. Yes,4.719120500316865
2003,33,4. Divorced,1. White,< HS Grad,2. Middle Atlantic,1. Industrial,1. <=Good,1. Yes,4.34242268082221
2005,34,2. Married,1. White,Advanced Degree,2. Middle Atlantic,2. Information,2. >=Very Good,1. Yes,4.68124123737559
2006,22,1. Never Married,1. White,HS Grad,2. Middle Atlantic,1. Industrial,1. <=Good,2. No,4.43776886173059
2009,74,2. Married,1. White,HS Grad,2. Middle Atlantic,1. Industrial,2. >=Very Good,1. Yes,4.453562770613416
2003,40,2. Married,2. Black,Some College,2. Middle Atlantic,2. Information,1. <=Good,1. Yes,4.5910646070265
2006,45,2. Married,1. White,College Grad,2. Middle Atlantic,2. Information,2. >=Very Good,1. Yes,5.30102999566398
2009,43,2. Married,3. Asian,College Grad,2. Middle Atlantic,2. Information,2. >=Very Good,1. Yes,4.9581730298318005
2005,33,2. Married,3. Asian,College Grad,2. Middle Atlantic,2. Information,2. >=Very Good,1. Yes,5.089790731218582
2009,62,2. Married,2. Black,College Grad,2. Middle Atlantic,2. Information,2. >=Very Good,1. Yes,4.743935908524918
2008,37,2. Married,1. White,College Grad,2. Middle Atlantic,2. Information,2. >=Very Good,1. Yes,4.936288337595786
2004,54,2. Married,1. White,HS Grad,2. Middle Atlantic,2. Information,1. <=Good,1. Yes,4.618505589236335
2005,34,2. Married,1. White,Some College,2. Middle Atlantic,1. Industrial,2. >=Very Good,2. No,4.23044892137827
2008,50,1. Never Married,1. White,College Grad,2. Middle Atlantic,2. Information,2. >=Very Good,1. Yes,4.669827136571832
2006,46,4. Divorced,1. White,Some College,2. Middle Atlantic,1. Industrial,1. <=Good,1. Yes,4.55630250076729
2007,41,2. Married,1. White,< HS Grad,2. Middle Atlantic,1. Industrial,2. >=Very Good,2. No,4.47712125471966
2003,63,4. Divorced,2. Black,Some College,2. Middle Atlantic,1. Industrial,1. <=Good,1. Yes,4.16316137497702
2007,38,2. Married,1. White,Some College,2. Middle Atlantic,1. Industrial,1. <=Good,1. Yes,4.85733249643127
2006,35,2. Married,1. White,Some College,2. Middle Atlantic,1. Industrial,2. >=Very Good,1. Yes,4.74036268949424
2009,29,2. Married,1. White,College Grad,2. Middle Atlantic,2. Information,1. <=Good,1. Yes,4.566595403951346
2008,66,2. Married,1. White,< HS Grad,2. Middle Atlantic,1. Industrial,2. >=Very Good,1. Yes,4.39794000867204
2004,37,2. Married,1. White,HS Grad,2. Middle Atlantic,2. Information,1. <=Good,1. Yes,4.524064902570666
2006,39,2. Married,2. Black,HS Grad,2. Middle Atlantic,2. Information,2. >=Very Good,1. Yes,4.7152274688887905
2003,42,2. Married,1. White,HS Grad,2. Middle Atlantic,1. Industrial,2. >=Very Good,2. No,4.553847206963107
2007,51,4. Divorced,1. White,HS Grad,2. Middle Atlantic,1. Industrial,2. >=Very Good,1. Yes,4.593984099969459
2009,55,2. Married,3. Asian,Advanced Degree,2. Middle Atlantic,1. Industrial,1. <=Good,1. Yes,4.74036268949424
2006,51,2. Married,1. White,Advanced Degree,2. Middle Atlantic,1. Industrial,2. >=Very Good,1. Yes,5.17609125905568
2008,38,2. Married,1. White,Advanced Degree,2. Middle Atlantic,1. Industrial,1. <=Good,1. Yes,5.62321723414596
2005,49,2. Married,1. White,HS Grad,2. Middle Atlantic,2. Information,2. >=Very Good,1. Yes,4.4969663204051935
2006,42,2. Married,1. White,HS Grad,2. Middle Atlantic,2. Information,2. >=Very Good,2. No,4.696603587020569
2009,43,5. Separated,1. White,< HS Grad,2. Middle Atlantic,2. Information,1. <=Good,2. No,4.46239799789896
2006,38,2. Married,1. White,College Grad,2. Middle Atlantic,2. Information,2. >=Very Good,1. Yes,5.265356035547278
2008,59,2. Married,3. Asian,HS Grad,2. Middle Atlantic,1. Industrial,2. >=Very Good,1. Yes,5.100592456504799
2009,57,2. Married,1. White,Some College,2. Middle Atlantic,1. Industrial,1. <=Good,1. Yes,4.55630250076729
2005,25,1. Never Married,1. White,HS Grad,2. Middle Atlantic,1. Industrial,1. <=Good,2. No,4.248343134981078
2004,49,2. Married,1. White,College Grad,2. Middle Atlantic,1. Industrial,1. <=Good,1. Yes,4.8960686019629245
2004,41,2. Married,1. White,< HS Grad,2. Middle Atlantic,1. Industrial,2. >=Very Good,1. Yes,4.50514997831991
2009,38,2. Married,1. White,HS Grad,2. Middle Atlantic,1. Industrial,2. >=Very Good,1. Yes,4.708073088283785
2003,61,2. Married,1. White,Advanced Degree,2. Middle Atlantic,1. Industrial,2. >=Very Good,1. Yes,4.37106786227174
2007,49,4. Divorced,1. White,HS Grad,2. Middle Atlantic,1. Industrial,1. <=Good,1. Yes,4.5500580830678254
2008,52,4. Divorced,1. White,Advanced Degree,2. Middle Atlantic,2. Information,2. >=Very Good,1. Yes,4.88649072517248
2007,43,2. Married,1. White,Advanced Degree,2. Middle Atlantic,2. Information,2. >=Very Good,1. Yes,4.95424250943933
2008,60,2. Married,1. White,College Grad,2. Middle Atlantic,2. Information,2. >=Very Good,1. Yes,4.814600454535707
2005,46,2. Married,3. Asian,Advanced Degree,2. Middle Atlantic,2. Information,2. >=Very Good,1. Yes,4.90308998699194
2004,21,1. Never Married,1. White,HS Grad,2. Middle Atlantic,2. Information,2. >=Very Good,2. No,4.038723880173765
2009,61,2. Married,1. White,College Grad,2. Middle Atlantic,1. Industrial,2. >=Very Good,1. Yes,4.73394987118011
2007,32,2. Married,2. Black,Advanced Degree,2. Middle Atlantic,2. Information,2. >=Very Good,1. Yes,4.77815125038364
2004,58,2. Married,1. White,HS Grad,2. Middle Atlantic,2. Information,1. <=Good,1. Yes,4.647037517427814
2003,35,1. Never Married,1. White,HS Grad,2. Middle Atlantic,2. Information,2. >=Very Good,1. Yes,4.533637073330398
2004,26,1. Never Married,2. Black,HS Grad,2. Middle Atlantic,2. Information,2. >=Very Good,1. Yes,4.37575674241438
2006,32,1. Never Married,2. Black,HS Grad,2. Middle Atlantic,1. Industrial,2. >=Very Good,2. No,4.6425296975940595
2003,37,2. Married,1. White,HS Grad,2. Middle Atlantic,2. Information,2. >=Very Good,1. Yes,4.809587271647891
2007,22,1. Never Married,3. Asian,HS Grad,2. Middle Atlantic,1. Industrial,1. <=Good,2. No,4.148456645259728
2005,51,1. Never Married,1. White,HS Grad,2. Middle Atlantic,1. Industrial,1. <=Good,2. No,4.124412656762293
2004,44,4. Divorced,1. White,Advanced Degree,2. Middle Atlantic,2. Information,1. <=Good,1. Yes,4.79239168949825
2005,35,2. Married,3. Asian,Advanced Degree,2. Middle Atlantic,1. Industrial,2. >=Very Good,1. Yes,5.06069784035361
2004,60,2. Married,1. White,HS Grad,2. Middle Atlantic,2. Information,2. >=Very Good,1. Yes,4.879646811706313
2007,40,2. Married,1. White,College Grad,2. Middle Atlantic,2. Information,2. >=Very Good,1. Yes,5.230840531574857
2004,35,1. Never Married,1. White,< HS Grad,2. Middle Atlantic,2. Information,2. >=Very Good,2. No,4.07918124604763
2007,35,2. Married,1. White,Advanced Degree,2. Middle Atlantic,2. Information,2. >=Very Good,2. No,4.54406804435028
2008,47,2. Married,1. White,HS Grad,2. Middle Atlantic,1. Industrial,2. >=Very Good,1. Yes,4.854892433268414
2003,43,1. Never Married,1. White,College Grad,2. Middle Atlantic,2. Information,2. >=Very Good,1. Yes,4.419973831036244
2003,33,2. Married,1. White,< HS Grad,2. Middle Atlantic,1. Industrial,1. <=Good,1. Yes,4.39794000867204
2003,60,4. Divorced,1. White,Advanced Degree,2. Middle Atlantic,1. Industrial,2. >=Very Good,1. Yes,5.03342375548695
2008,38,2. Married,3. Asian,Advanced Degree,2. Middle Atlantic,1. Industrial,2. >=Very Good,1. Yes,4.91907809237607
2005,53,2. Married,1. White,HS Grad,2. Middle Atlantic,2. Information,2. >=Very Good,2. No,4.3614745024045964
2004,55,2. Married,1. White,Some College,2. Middle Atlantic,2. Information,2. >=Very Good,1. Yes,4.86923171973098
2003,57,2. Married,2. Black,HS Grad,2. Middle Atlantic,2. Information,1. <=Good,2. No,4.637034773710859
2005,64,2. Married,1. White,College Grad,2. Middle Atlantic,2. Information,1. <=Good,2. No,3.939986436313122
2007,43,2. Married,1. White,HS Grad,2. Middle Atlantic,1. Industrial,1. <=Good,1. Yes,4.912544810350016
2008,35,2. Married,2. Black,Some College,2. Middle Atlantic,2. Information,2. >=Very Good,1. Yes,4.81291335664286
2008,54,2. Married,1. White,HS Grad,2. Middle Atlantic,2. Information,2. >=Very Good,2. No,4.4667999588192595
2007,45,2. Married,1. White,HS Grad,2. Middle Atlantic,2. Information,1. <=Good,1. Yes,4.474262777563238
2003,58,4. Divorced,3. Asian,College Grad,2. Middle Atlantic,2. Information,2. >=Very Good,1. Yes,4.865737527705936
2007,48,2. Married,1. White,College Grad,2. Middle Atlantic,2. Information,1. <=Good,2. No,4.977508766119223
2003,46,2. Married,3. Asian,< HS Grad,2. Middle Atlantic,1. Industrial,2. >=Very Good,1. Yes,4.23044892137827
2004,46,2. Married,1. White,HS Grad,2. Middle Atlantic,1. Industrial,2. >=Very Good,1. Yes,4.540947590843098
2009,55,2. Married,1. White,< HS Grad,2. Middle Atlantic,1. Industrial,2. >=Very Good,1. Yes,4.44715803134222
2006,51,2. Married,1. White,Some College,2. Middle Atlantic,1. Industrial,2. >=Very Good,1. Yes,4.85733249643127
2005,49,2. Married,1. White,Some College,2. Middle Atlantic,1. Industrial,2. >=Very Good,1. Yes,4.25527250510331
2008,34,1. Never Married,1. White,Some College,2. Middle Atlantic,1. Industrial,2. >=Very Good,1. Yes,4.34242268082221
2007,53,2. Married,1. White,Some College,2. Middle Atlantic,1. Industrial,2. >=Very Good,2. No,5
2004,40,2. Married,1. White,Some College,2. Middle Atlantic,1. Industrial,2. >=Very Good,1. Yes,5
2009,50,2. Married,1. White,Some College,2. Middle Atlantic,1. Industrial,2. >=Very Good,1. Yes,5.17026171539496
2006,37,4. Divorced,1. White,< HS Grad,2. Middle Atlantic,2. Information,1. <=Good,1. Yes,4.5910646070265
2003,39,2. Married,1. White,Some College,2. Middle Atlantic,1. Industrial,2. >=Very Good,1. Yes,4.97772360528885
2004,52,2. Married,1. White,College Grad,2. Middle Atlantic,1. Industrial,1. <=Good,1. Yes,4.388187068744372
2003,50,2. Married,1. White,HS Grad,2. Middle Atlantic,2. Information,2. >=Very Good,1. Yes,5.0288148595852835
2006,48,2. Married,1. White,College Grad,2. Middle Atlantic,1. Industrial,2. >=Very Good,1. Yes,4.815366724260513
2006,47,2. Married,1. White,HS Grad,2. Middle Atlantic,1. Industrial,2. >=Very Good,1. Yes,4.869967455650057
2005,27,2. Married,1. White,College Grad,2. Middle Atlantic,1. Industrial,2. >=Very Good,1. Yes,4.589912326456315
2006,39,2. Married,1. White,HS Grad,2. Middle Atlantic,1. Industrial,2. >=Very Good,1. Yes,4.780566902508481
2009,44,2. Married,2. Black,HS Grad,2. Middle Atlantic,2. Information,1. <=Good,1. Yes,4.7277629242363775
2003,37,2. Married,2. Black,Some College,2. Middle Atlantic,1. Industrial,2. >=Very Good,1. Yes,5.02118929906994
2006,52,2. Married,1. White,HS Grad,2. Middle Atlantic,1. Industrial,1. <=Good,2. No,4.615376495107626
2004,26,1. Never Married,3. Asian,Some College,2. Middle Atlantic,1. Industrial,2. >=Very Good,1. Yes,4.60205999132796
2008,39,2. Married,3. Asian,Advanced Degree,2. Middle Atlantic,1. Industrial,1. <=Good,1. Yes,4.60205999132796
2006,25,2. Married,2. Black,HS Grad,2. Middle Atlantic,1. Industrial,1. <=Good,2. No,4.677557062434333
2005,31,1. Never Married,1. White,College Grad,2. Middle Atlantic,2. Information,2. >=Very Good,2. No,4.439548602078379
2004,58,2. Married,1. White,Some College,2. Middle Atlantic,1. Industrial,1. <=Good,1. Yes,5.02530586526477
2005,30,2. Married,1. White,College Grad,2. Middle Atlantic,2. Information,2. >=Very Good,1. Yes,4.6285424996532445
2004,27,2. Married,1. White,< HS Grad,2. Middle Atlantic,1. Industrial,1. <=Good,1. Yes,4.17609125905568
2003,40,4. Divorced,1. White,HS Grad,2. Middle Atlantic,1. Industrial,2. >=Very Good,1. Yes,4.8482403742555285
2006,55,2. Married,1. White,Advanced Degree,2. Middle Atlantic,1. Industrial,2. >=Very Good,1. Yes,5.15836249209525
2009,35,2. Married,3. Asian,Advanced Degree,2. Middle Atlantic,2. Information,2. >=Very Good,1. Yes,5.26481782300954
2008,48,2. Married,1. White,HS Grad,2. Middle Atlantic,1. Industrial,1. <=Good,2. No,4.5726913953257435
2006,29,1. Never Married,3. Asian,College Grad,2. Middle Atlantic,1. Industrial,1. <=Good,1. Yes,4.9162929575608
2005,25,1. Never Married,1. White,Some College,2. Middle Atlantic,1. Industrial,2. >=Very Good,1. Yes,4.49415459401844
2004,40,2. Married,1. White,Some College,2. Middle Atlantic,1. Industrial,2. >=Very Good,1. Yes,4.79239168949825
2006,27,2. Married,1. White,< HS Grad,2. Middle Atlantic,2. Information,1. <=Good,2. No,4.30102999566398
2006,44,2. Married,1. White,HS Grad,2. Middle Atlantic,2. Information,2. >=Very Good,1. Yes,4.766060311258567
2006,49,2. Married,1. White,Some College,2. Middle Atlantic,2. Information,2. >=Very Good,1. Yes,4.77815125038364
2003,22,1. Never Married,1. White,Some College,2. Middle Atlantic,1. Industrial,1. <=Good,2. No,3.54406804435028
2007,45,2. Married,1. White,Some College,2. Middle Atlantic,1. Industrial,1. <=Good,1. Yes,4.74036268949424
2007,33,2. Married,1. White,Some College,2. Middle Atlantic,1. Industrial,2. >=Very Good,2. No,4.44715803134222
2007,63,2. Married,2. Black,Advanced Degree,2. Middle Atlantic,2. Information,2. >=Very Good,1. Yes,5.76312762749814
2006,49,1. Never Married,2. Black,College Grad,2. Middle Atlantic,1. Industrial,2. >=Very Good,1. Yes,5.016487762171978
2005,39,1. Never Married,1. White,Advanced Degree,2. Middle Atlantic,2. Information,2. >=Very Good,1. Yes,4.8750612633917
2007,25,1. Never Married,4. Other,< HS Grad,2. Middle Atlantic,1. Industrial,1. <=Good,2. No,4.30102999566398
2005,29,1. Never Married,1. White,Advanced Degree,2. Middle Atlantic,2. Information,2. >=Very Good,1. Yes,4.8750612633917
2006,37,2. Married,1. White,HS Grad,2. Middle Atlantic,1. Industrial,2. >=Very Good,1. Yes,4.53605101913721
2008,35,2. Married,1. White,Advanced Degree,2. Middle Atlantic,2. Information,1. <=Good,1. Yes,5.04336227802113
2009,46,2. Married,1. White,HS Grad,2. Middle Atlantic,1. Industrial,1. <=Good,1. Yes,4.590322628686652
2008,58,2. Married,1. White,College Grad,2. Middle Atlantic,1. Industrial,2. >=Very Good,1. Yes,4.297678391086906
2003,39,2. Married,1. White,Advanced Degree,2. Middle Atlantic,1. Industrial,2. >=Very Good,1. Yes,4.81291335664286
2008,41,2. Married,1. White,College Grad,2. Middle Atlantic,2. Information,2. >=Very Good,1. Yes,5.010979080034079
2008,29,2. Married,2. Black,College Grad,2. Middle Atlantic,2. Information,2. >=Very Good,1. Yes,4.194286231820011
2009,37,2. Married,1. White,College Grad,2. Middle Atlantic,2. Information,1. <=Good,1. Yes,4.916607089857064
2009,62,2. Married,1. White,HS Grad,2. Middle Atlantic,2. Information,1. <=Good,2. No,4.442400780044553
2008,27,1. Never Married,2. Black,HS Grad,2. Middle Atlantic,1. Industrial,2. >=Very Good,1. Yes,4.159090737178483
2003,37,2. Married,1. White,HS Grad,2. Middle Atlantic,1. Industrial,1. <=Good,1. Yes,4.734026893588843
2006,56,5. Separated,3. Asian,College Grad,2. Middle Atlantic,2. Information,1. <=Good,2. No,4.4960942705926845
2004,36,2. Married,1. White,Some College,2. Middle Atlantic,2. Information,2. >=Very Good,1. Yes,5.17609125905568
2005,23,1. Never Married,4. Other,HS Grad,2. Middle Atlantic,2. Information,2. >=Very Good,2. No,4.195590670610934
2003,46,2. Married,1. White,Some College,2. Middle Atlantic,2. Information,2. >=Very Good,1. Yes,4.60205999132796
2009,26,1. Never Married,1. White,Some College,2. Middle Atlantic,1. Industrial,2. >=Very Good,2. No,4.54406804435028
2006,43,2. Married,1. White,< HS Grad,2. Middle Atlantic,2. Information,2. >=Very Good,1. Yes,4.55630250076729
2007,36,2. Married,1. White,HS Grad,2. Middle Atlantic,2. Information,2. >=Very Good,1. Yes,4.918188189940191
2003,54,5. Separated,1. White,Some College,2. Middle Atlantic,2. Information,1. <=Good,1. Yes,4.60205999132796
2003,62,2. Married,1. White,HS Grad,2. Middle Atlantic,1. Industrial,2. >=Very Good,1. Yes,4.5103783767370045
2006,40,2. Married,1. White,HS Grad,2. Middle Atlantic,1. Industrial,2. >=Very Good,1. Yes,4.805237339541599
2006,53,2. Married,1. White,Some College,2. Middle Atlantic,1. Industrial,2. >=Very Good,1. Yes,4.77815125038364
2007,48,2. Married,1. White,Advanced Degree,2. Middle Atlantic,2. Information,2. >=Very Good,1. Yes,5.17609125905568
2004,23,2. Married,1. White,College Grad,2. Middle Atlantic,1. Industrial,2. >=Very Good,2. No,4.072641176275391
2009,34,2. Married,1. White,HS Grad,2. Middle Atlantic,1. Industrial,2. >=Very Good,1. Yes,4.526406916701627
2004,43,2. Married,1. White,College Grad,2. Middle Atlantic,2. Information,2. >=Very Good,2. No,5.5467412584381
2006,55,2. Married,1. White,HS Grad,2. Middle Atlantic,2. Information,1. <=Good,1. Yes,4.540568440841363
2007,59,1. Never Married,1. White,HS Grad,2. Middle Atlantic,2. Information,2. >=Very Good,1. Yes,4.410949763632562
2007,60,2. Married,1. White,HS Grad,2. Middle Atlantic,2. Information,2. >=Very Good,2. No,4.040747290056442
2009,49,1. Never Married,1. White,HS Grad,2. Middle Atlantic,1. Industrial,2. >=Very Good,1. Yes,4.24222759195219
2006,45,2. Married,3. Asian,Some College,2. Middle Atlantic,1. Industrial,2. >=Very Good,1. Yes,4.8750612633917
2006,31,4. Divorced,1. White,HS Grad,2. Middle Atlantic,1. Industrial,2. >=Very Good,2. No,3.7971582064752227
2004,34,1. Never Married,1. White,College Grad,2. Middle Atlantic,2. Information,1. <=Good,1. Yes,4.8239661973773
2005,26,1. Never Married,1. White,Advanced Degree,2. Middle Atlantic,2. Information,2. >=Very Good,1. Yes,4.74036268949424
2007,22,1. Never Married,1. White,HS Grad,2. Middle Atlantic,1. Industrial,2. >=Very Good,2. No,4.383965272692362
2004,40,2. Married,1. White,HS Grad,2. Middle Atlantic,2. Information,1. <=Good,2. No,4.445341947967754
2009,41,2. Married,1. White,Some College,2. Middle Atlantic,2. Information,2. >=Very Good,1. Yes,4.69897000433602
2006,36,1. Never Married,2. Black,Some College,2. Middle Atlantic,1. Industrial,2. >=Very Good,1. Yes,4.57978359661681
2007,38,2. Married,1. White,< HS Grad,2. Middle Atlantic,1. Industrial,2. >=Very Good,2. No,4.13353890837022
2003,48,2. Married,1. White,HS Grad,2. Middle Atlantic,1. Industrial,2. >=Very Good,2. No,4.500231461280037
2006,47,2. Married,1. White,Some College,2. Middle Atlantic,2. Information,2. >=Very Good,1. Yes,4.90308998699194
2005,47,5. Separated,1. White,< HS Grad,2. Middle Atlantic,1. Industrial,1. <=Good,2. No,4.11394335230684
2007,35,2. Married,1. White,College Grad,2. Middle Atlantic,2. Information,1. <=Good,2. No,4.891934583994247
2008,49,2. Married,3. Asian,HS Grad,2. Middle Atlantic,2. Information,2. >=Very Good,1. Yes,4.077565165360302
2004,40,2. Married,1. White,Some College,2. Middle Atlantic,2. Information,2. >=Very Good,1. Yes,4.69897000433602
2004,32,3. Widowed,3. Asian,College Grad,2. Middle Atlantic,1. Industrial,2. >=Very Good,2. No,4.675567834349981
2008,57,2. Married,1. White,College Grad,2. Middle Atlantic,1. Industrial,2. >=Very Good,1. Yes,4.262999504943167
2008,56,2. Married,1. White,College Grad,2. Middle Atlantic,1. Industrial,2. >=Very Good,1. Yes,4.944864994062223
2009,73,2. Married,1. White,< HS Grad,2. Middle Atlantic,1. Industrial,1. <=Good,2. No,4.50514997831991
2007,29,1. Never Married,1. White,HS Grad,2. Middle Atlantic,1. Industrial,1. <=Good,1. Yes,4.478198259405389
2003,49,2. Married,3. Asian,Advanced Degree,2. Middle Atlantic,1. Industrial,2. >=Very Good,1. Yes,4.90308998699194
2009,30,1. Never Married,1. White,HS Grad,2. Middle Atlantic,1. Industrial,2. >=Very Good,1. Yes,4.792981043114182
2008,29,2. Married,1. White,HS Grad,2. Middle Atlantic,1. Industrial,2. >=Very Good,1. Yes,4.64544803824499
2004,36,2. Married,1. White,Some College,2. Middle Atlantic,2. Information,2. >=Very Good,2. No,4.55630250076729
2009,39,2. Married,1. White,Advanced Degree,2. Middle Atlantic,2. Information,2. >=Very Good,1. Yes,5.05307844348342
2007,48,2. Married,1. White,College Grad,2. Middle Atlantic,2. Information,2. >=Very Good,1. Yes,4.724169407906494
2006,45,2. Married,2. Black,College Grad,2. Middle Atlantic,1. Industrial,2. >=Very Good,1. Yes,4.671037864115532
2004,50,2. Married,1. White,College Grad,2. Middle Atlantic,1. Industrial,1. <=Good,2. No,3.8809451397572894
2003,42,2. Married,1. White,College Grad,2. Middle Atlantic,2. Information,2. >=Very Good,1. Yes,3.3684678069277374
2007,58,2. Married,1. White,Some College,2. Middle Atlantic,1. Industrial,1. <=Good,2. No,4.77815125038364
2007,48,2. Married,1. White,HS Grad,2. Middle Atlantic,1. Industrial,2. >=Very Good,1. Yes,4.685383645352372
2003,48,2. Married,1. White,College Grad,2. Middle Atlantic,1. Industrial,2. >=Very Good,1. Yes,4.840674946483406
2005,45,2. Married,1. White,Some College,2. Middle Atlantic,2. Information,2. >=Very Good,1. Yes,4.77815125038364
2007,41,4. Divorced,1. White,Some College,2. Middle Atlantic,1. Industrial,2. >=Very Good,1. Yes,4.70757017609794
2008,27,1. Never Married,1. White,HS Grad,2. Middle Atlantic,1. Industrial,2. >=Very Good,1. Yes,4.50850686067054
2004,44,2. Married,1. White,HS Grad,2. Middle Atlantic,2. Information,2. >=Very Good,1. Yes,4.562188687161854
2003,32,2. Married,1. White,College Grad,2. Middle Atlantic,2. Information,2. >=Very Good,1. Yes,4.714680104702857
2006,46,2. Married,1. White,< HS Grad,2. Middle Atlantic,2. Information,2. >=Very Good,1. Yes,4.77815125038364
2005,52,2. Married,2. Black,HS Grad,2. Middle Atlantic,2. Information,1. <=Good,2. No,3.8031419856545714
2003,22,1. Never Married,1. White,Some College,2. Middle Atlantic,1. Industrial,2. >=Very Good,2. No,3.77815125038364
2004,53,3. Widowed,1. White,HS Grad,2. Middle Atlantic,1. Industrial,2. >=Very Good,1. Yes,4.641853621560514
2008,34,2. Married,1. White,Advanced Degree,2. Middle Atlantic,1. Industrial,1. <=Good,1. Yes,4.77815125038364
2009,38,2. Married,1. White,HS Grad,2. Middle Atlantic,1. Industrial,2. >=Very Good,1. Yes,4.985171895263208
2009,42,2. Married,1. White,< HS Grad,2. Middle Atlantic,2. Information,2. >=Very Good,1. Yes,4.6232492903979
2005,25,1. Never Married,2. Black,Some College,2. Middle Atlantic,2. Information,2. >=Very Good,1. Yes,4.54406804435028
2004,29,1. Never Married,1. White,Some College,2. Middle Atlantic,1. Industrial,2. >=Very Good,1. Yes,4.46239799789896
2005,28,2. Married,1. White,Advanced Degree,2. Middle Atlantic,2. Information,2. >=Very Good,1. Yes,4.95424250943933
2005,46,2. Married,1. White,College Grad,2. Middle Atlantic,1. Industrial,2. >=Very Good,1. Yes,4.265079628299262
2007,55,2. Married,2. Black,Advanced Degree,2. Middle Atlantic,2. Information,2. >=Very Good,1. Yes,4.77815125038364
2004,56,2. Married,1. White,HS Grad,2. Middle Atlantic,1. Industrial,1. <=Good,2. No,4.731763201842512
2005,41,4. Divorced,2. Black,HS Grad,2. Middle Atlantic,2. Information,1. <=Good,1. Yes,5.133301007931259
2009,61,2. Married,1. White,Advanced Degree,2. Middle Atlantic,2. Information,2. >=Very Good,2. No,5.17609125905568
2003,47,2. Married,1. White,HS Grad,2. Middle Atlantic,2. Information,2. >=Very Good,1. Yes,4.167944542040717
2006,52,2. Married,1. White,Some College,2. Middle Atlantic,1. Industrial,2. >=Very Good,1. Yes,4.44715803134222
2004,27,2. Married,1. White,HS Grad,2. Middle Atlantic,1. Industrial,2. >=Very Good,2. No,4.367443298232365
2007,33,1. Never Married,2. Black,Some College,2. Middle Atlantic,2. Information,2. >=Very Good,1. Yes,4.49136169383427
2003,58,1. Never Married,1. White,HS Grad,2. Middle Atlantic,2. Information,1. <=Good,1. Yes,4.227815020969453
2005,27,2. Married,1. White,College Grad,2. Middle Atlantic,1. Industrial,2. >=Very Good,1. Yes,4.842620710913054
2009,52,5. Separated,2. Black,HS Grad,2. Middle Atlantic,1. Industrial,2. >=Very Good,1. Yes,4.444069660289867
2003,45,2. Married,1. White,Advanced Degree,2. Middle Atlantic,1. Industrial,2. >=Very Good,2. No,3.7160033436348
2003,22,1. Never Married,1. White,HS Grad,2. Middle Atlantic,2. Information,2. >=Very Good,1. Yes,4.241109775043759
2005,25,1. Never Married,1. White,Some College,2. Middle Atlantic,1. Industrial,1. <=Good,1. Yes,4.39794000867204
2004,25,1. Never Married,1. White,HS Grad,2. Middle Atlantic,1. Industrial,2. >=Very Good,1. Yes,4.197298644418916
2005,41,2. Married,2. Black,< HS Grad,2. Middle Atlantic,1. Industrial,2. >=Very Good,1. Yes,4.8750612633917
2006,54,5. Separated,1. White,College Grad,2. Middle Atlantic,1. Industrial,2. >=Very Good,1. Yes,4.830472260657383
2007,23,2. Married,1. White,HS Grad,2. Middle Atlantic,1. Industrial,2. >=Very Good,1. Yes,4.357280537720387
2006,36,1. Never Married,1. White,Advanced Degree,2. Middle Atlantic,1. Industrial,2. >=Very Good,1. Yes,4.14612803567824
2004,31,5. Separated,1. White,Some College,2. Middle Atlantic,1. Industrial,1. <=Good,1. Yes,4.54406804435028
2006,52,2. Married,1. White,HS Grad,2. Middle Atlantic,2. Information,1. <=Good,1. Yes,4.457528325381585
2007,46,2. Married,2. Black,HS Grad,2. Middle Atlantic,2. Information,1. <=Good,2. No,4.078036916442132
2007,45,2. Married,1. White,HS Grad,2. Middle Atlantic,1. Industrial,1. <=Good,1. Yes,4.789959418283212
2009,40,2. Married,1. White,HS Grad,2. Middle Atlantic,1. Industrial,1. <=Good,2. No,4.660429431056906
2004,33,1. Never Married,3. Asian,College Grad,2. Middle Atlantic,2. Information,2. >=Very Good,1. Yes,4.578733718431609
2007,42,2. Married,1. White,College Grad,2. Middle Atlantic,2. Information,2. >=Very Good,1. Yes,4.793279080820348
2007,41,2. Married,1. White,College Grad,2. Middle Atlantic,2. Information,2. >=Very Good,1. Yes,4.757774683218027
2007,25,1. Never Married,4. Other,HS Grad,2. Middle Atlantic,1. Industrial,2. >=Very Good,1. Yes,4.511041934234464
2005,24,4. Divorced,1. White,HS Grad,2. Middle Atlantic,1. Industrial,2. >=Very Good,1. Yes,4.175975680730665
2006,24,1. Never Married,1. White,Some College,2. Middle Atlantic,1. Industrial,2. >=Very Good,2. No,4.77815125038364
2008,51,2. Married,1. White,HS Grad,2. Middle Atlantic,2. Information,1. <=Good,2. No,4.26422857426611
2004,41,2. Married,1. White,HS Grad,2. Middle Atlantic,1. Industrial,2. >=Very Good,2. No,4.999478450482868
2009,42,1. Never Married,1. White,College Grad,2. Middle Atlantic,2. Information,2. >=Very Good,1. Yes,4.58385063729835
2005,30,1. Never Married,1. White,College Grad,2. Middle Atlantic,1. Industrial,2. >=Very Good,1. Yes,4.323572458108782
2009,55,2. Married,3. Asian,< HS Grad,2. Middle Atlantic,1. Industrial,2. >=Very Good,2. No,4
2008,23,1. Never Married,1. White,HS Grad,2. Middle Atlantic,1. Industrial,2. >=Very Good,1. Yes,4.400169185253607
2003,60,4. Divorced,1. White,College Grad,2. Middle Atlantic,2. Information,2. >=Very Good,2. No,4.378999412350154
2003,40,2. Married,3. Asian,Advanced Degree,2. Middle Atlantic,2. Information,2. >=Very Good,1. Yes,4.95424250943933
2008,41,1. Never Married,1. White,HS Grad,2. Middle Atlantic,2. Information,2. >=Very Good,1. Yes,4.7321804071659574
2003,80,2. Married,1. White,HS Grad,2. Middle Atlantic,2. Information,1. <=Good,1. Yes,4.103330819662841
2005,53,2. Married,1. White,HS Grad,2. Middle Atlantic,2. Information,2. >=Very Good,1. Yes,4.458118909942999
2004,40,1. Never Married,1. White,HS Grad,2. Middle Atlantic,1. Industrial,2. >=Very Good,2. No,5.326962532722978
2009,35,2. Married,1. White,Some College,2. Middle Atlantic,1. Industrial,1. <=Good,1. Yes,4.92348752840002
2009,55,2. Married,1. White,< HS Grad,2. Middle Atlantic,1. Industrial,1. <=Good,1. Yes,4.32221929473392
2008,24,1. Never Married,1. White,HS Grad,2. Middle Atlantic,2. Information,2. >=Very Good,1. Yes,4.286435854585455
2007,39,2. Married,1. White,College Grad,2. Middle Atlantic,2. Information,2. >=Very Good,1. Yes,5.194409858904553
2003,30,2. Married,1. White,Advanced Degree,2. Middle Atlantic,1. Industrial,2. >=Very Good,1. Yes,4.55630250076729
2005,68,2. Married,1. White,HS Grad,2. Middle Atlantic,1. Industrial,1. <=Good,1. Yes,4.5720823710224705
2004,54,2. Married,2. Black,HS Grad,2. Middle Atlantic,2. Information,1. <=Good,1. Yes,4.665192467733519
2008,27,1. Never Married,1. White,College Grad,2. Middle Atlantic,1. Industrial,2. >=Very Good,2. No,4.2919302215908015
2005,34,2. Married,1. White,HS Grad,2. Middle Atlantic,1. Industrial,2. >=Very Good,1. Yes,4.995743026226082
2004,53,2. Married,1. White,Advanced Degree,2. Middle Atlantic,2. Information,1. <=Good,1. Yes,4.84509804001426
2004,48,2. Married,2. Black,Advanced Degree,2. Middle Atlantic,2. Information,2. >=Very Good,2. No,4.44715803134222
2005,59,2. Married,1. White,HS Grad,2. Middle Atlantic,1. Industrial,2. >=Very Good,1. Yes,4.259230517159777
2004,30,2. Married,1. White,Some College,2. Middle Atlantic,1. Industrial,2. >=Very Good,2. No,4.77815125038364
2007,45,2. Married,1. White,Advanced Degree,2. Middle Atlantic,2. Information,2. >=Very Good,1. Yes,5.09691001300806
2007,39,2. Married,4. Other,College Grad,2. Middle Atlantic,2. Information,1. <=Good,1. Yes,4.779136441341676
2008,45,2. Married,3. Asian,College Grad,2. Middle Atlantic,1. Industrial,1. <=Good,2. No,4.6079633065016905
2007,43,2. Married,1. White,Advanced Degree,2. Middle Atlantic,2. Information,2. >=Very Good,1. Yes,5.64100585131578
2003,30,1. Never Married,2. Black,Advanced Degree,2. Middle Atlantic,2. Information,2. >=Very Good,1. Yes,4.92941892571429
2005,57,2. Married,1. White,College Grad,2. Middle Atlantic,2. Information,2. >=Very Good,1. Yes,5.2114938951950345
2004,53,2. Married,1. White,College Grad,2. Middle Atlantic,2. Information,1. <=Good,1. Yes,4.800965185451555
2009,42,2. Married,1. White,College Grad,2. Middle Atlantic,2. Information,2. >=Very Good,1. Yes,5.219198569944862
2005,23,1. Never Married,1. White,HS Grad,2. Middle Atlantic,1. Industrial,1. <=Good,2. No,4.523347239548419
2009,58,2. Married,1. White,HS Grad,2. Middle Atlantic,1. Industrial,1. <=Good,2. No,4.277942749138531
2005,43,2. Married,1. White,< HS Grad,2. Middle Atlantic,1. Industrial,2. >=Very Good,1. Yes,4.97772360528885
2003,33,4. Divorced,1. White,Advanced Degree,2. Middle Atlantic,2. Information,2. >=Very Good,1. Yes,4.79239168949825
2004,56,2. Married,1. White,College Grad,2. Middle Atlantic,2. Information,2. >=Very Good,1. Yes,4.576026476897058
2006,37,2. Married,2. Black,College Grad,2. Middle Atlantic,1. Industrial,2. >=Very Good,2. No,4.773860256876195
2009,41,4. Divorced,1. White,Advanced Degree,2. Middle Atlantic,1. Industrial,2. >=Very Good,2. No,3.6534054906645
2007,33,2. Married,1. White,Some College,2. Middle Atlantic,2. Information,2. >=Very Good,1. Yes,4.53147891704226
2007,50,1. Never Married,1. White,Advanced Degree,2. Middle Atlantic,2. Information,2. >=Very Good,1. Yes,4.83884909073726
2003,43,2. Married,1. White,Advanced Degree,2. Middle Atlantic,2. Information,2. >=Very Good,1. Yes,5.25527250510331
2004,53,2. Married,1. White,College Grad,2. Middle Atlantic,1. Industrial,2. >=Very Good,1. Yes,4.890745468271641
2005,37,3. Widowed,1. White,Some College,2. Middle Atlantic,2. Information,2. >=Very Good,1. Yes,4.47712125471966
2006,20,1. Never Married,2. Black,Some College,2. Middle Atlantic,2. Information,2. >=Very Good,2. No,4.07918124604763
2003,26,1. Never Married,1. White,Some College,2. Middle Atlantic,1. Industrial,2. >=Very Good,1. Yes,4.30102999566398
2003,29,4. Divorced,1. White,College Grad,2. Middle Atlantic,2. Information,2. >=Very Good,2. No,4.41709754442876
2008,57,2. Married,1. White,College Grad,2. Middle Atlantic,2. Information,2. >=Very Good,1. Yes,4.816144857501956
2009,47,2. Married,1. White,Some College,2. Middle Atlantic,2. Information,2. >=Very Good,1. Yes,5.02118929906994
2004,54,2. Married,1. White,Advanced Degree,2. Middle Atlantic,1. Industrial,2. >=Very Good,2. No,5.60688524128857
2007,38,2. Married,1. White,< HS Grad,2. Middle Atlantic,1. Industrial,1. <=Good,2. No,4.57978359661681
2006,23,1. Never Married,1. White,Some College,2. Middle Atlantic,1. Industrial,2. >=Very Good,2. No,4.2211533219547
2004,31,2. Married,1. White,HS Grad,2. Middle Atlantic,2. Information,2. >=Very Good,1. Yes,4.783611711963749
2004,43,2. Married,1. White,College Grad,2. Middle Atlantic,2. Information,2. >=Very Good,1. Yes,5.60688524128857
2003,33,2. Married,1. White,Advanced Degree,2. Middle Atlantic,2. Information,1. <=Good,2. No,4.7160033436348
2004,48,2. Married,1. White,HS Grad,2. Middle Atlantic,1. Industrial,1. <=Good,1. Yes,4.829640322124235
2008,33,2. Married,1. White,HS Grad,2. Middle Atlantic,1. Industrial,2. >=Very Good,1. Yes,4.753252308903842
2009,52,2. Married,1. White,College Grad,2. Middle Atlantic,2. Information,2. >=Very Good,1. Yes,4.620986149260865
2008,30,1. Never Married,2. Black,Some College,2. Middle Atlantic,2. Information,2. >=Very Good,2. No,4.24551266781415
2004,44,2. Married,1. White,HS Grad,2. Middle Atlantic,1. Industrial,2. >=Very Good,1. Yes,4.450716684983806
2004,38,2. Married,1. White,HS Grad,2. Middle Atlantic,2. Information,2. >=Very Good,1. Yes,4.982411677289721
2008,51,2. Married,1. White,HS Grad,2. Middle Atlantic,1. Industrial,2. >=Very Good,1. Yes,5.029153775105348
2007,47,2. Married,1. White,Some College,2. Middle Atlantic,1. Industrial,2. >=Very Good,1. Yes,5.14612803567824
2005,28,2. Married,1. White,College Grad,2. Middle Atlantic,2. Information,1. <=Good,1. Yes,4.8142616140938035
2004,52,4. Divorced,1. White,Some College,2. Middle Atlantic,2. Information,2. >=Very Good,1. Yes,4.7481880270062
2004,23,1. Never Married,1. White,< HS Grad,2. Middle Atlantic,1. Industrial,1. <=Good,2. No,4.27875360095283
2003,65,2. Married,1. White,< HS Grad,2. Middle Atlantic,1. Industrial,1. <=Good,2. No,4.30102999566398
2005,27,1. Never Married,1. White,College Grad,2. Middle Atlantic,1. Industrial,2. >=Very Good,1. Yes,4.653183967613044
2004,33,2. Married,1. White,< HS Grad,2. Middle Atlantic,2. Information,2. >=Very Good,2. No,3.04139268515822
2008,49,2. Married,1. White,HS Grad,2. Middle Atlantic,1. Industrial,2. >=Very Good,1. Yes,4.446232736636825
2008,27,1. Never Married,1. White,Some College,2. Middle Atlantic,1. Industrial,1. <=Good,1. Yes,4.63346845557959
2008,48,4. Divorced,1. White,HS Grad,2. Middle Atlantic,1. Industrial,1. <=Good,1. Yes,4.626139784892899
2005,38,1. Never Married,1. White,Some College,2. Middle Atlantic,1. Industrial,1. <=Good,1. Yes,4.57978359661681
2008,58,2. Married,1. White,Some College,2. Middle Atlantic,1. Industrial,1. <=Good,2. No,4.65321251377534
2003,40,2. Married,3. Asian,Advanced Degree,2. Middle Atlantic,1. Industrial,2. >=Very Good,2. No,4.7481880270062
2007,46,2. Married,1. White,HS Grad,2. Middle Atlantic,1. Industrial,2. >=Very Good,2. No,4.708003311098414
2009,53,2. Married,2. Black,Some College,2. Middle Atlantic,2. Information,1. <=Good,1. Yes,4.81291335664286
2009,25,1. Never Married,2. Black,Advanced Degree,2. Middle Atlantic,2. Information,2. >=Very Good,1. Yes,4.77815125038364
2003,42,2. Married,1. White,Some College,2. Middle Atlantic,2. Information,2. >=Very Good,1. Yes,4.56820172406699
2004,40,1. Never Married,1. White,HS Grad,2. Middle Atlantic,1. Industrial,2. >=Very Good,1. Yes,4.771313569920248
2006,35,2. Married,1. White,HS Grad,2. Middle Atlantic,2. Information,2. >=Very Good,1. Yes,5.0880909482237335
2005,50,5. Separated,1. White,HS Grad,2. Middle Atlantic,2. Information,1. <=Good,2. No,4.397688401534399
2004,34,2. Married,1. White,Some College,2. Middle Atlantic,1. Industrial,2. >=Very Good,1. Yes,4.39794000867204
2009,48,2. Married,1. White,HS Grad,2. Middle Atlantic,2. Information,2. >=Very Good,1. Yes,4.573189861907728
2004,49,2. Married,1. White,Advanced Degree,2. Middle Atlantic,2. Information,1. <=Good,1. Yes,4.7160033436348
2009,41,2. Married,3. Asian,College Grad,2. Middle Atlantic,2. Information,2. >=Very Good,2. No,4.590894521541958
2004,37,2. Married,3. Asian,College Grad,2. Middle Atlantic,2. Information,2. >=Very Good,1. Yes,4.996953918546054
2003,58,2. Married,1. White,Some College,2. Middle Atlantic,2. Information,2. >=Very Good,1. Yes,4.65321251377534
2006,28,1. Never Married,2. Black,HS Grad,2. Middle Atlantic,1. Industrial,1. <=Good,2. No,4.3893817266140305
2003,33,2. Married,1. White,HS Grad,2. Middle Atlantic,1. Industrial,2. >=Very Good,1. Yes,4.745348663601173
2003,50,2. Married,1. White,Some College,2. Middle Atlantic,1. Industrial,2. >=Very Good,1. Yes,4.96930872345047
2009,38,2. Married,1. White,HS Grad,2. Middle Atlantic,2. Information,2. >=Very Good,1. Yes,4.799244500416976
2003,48,2. Married,1. White,HS Grad,2. Middle Atlantic,1. Industrial,2. >=Very Good,1. Yes,4.344627239458342
2008,30,2. Married,1. White,Some College,2. Middle Atlantic,1. Industrial,2. >=Very Good,1. Yes,4.55630250076729
2006,49,2. Married,1. White,Advanced Degree,2. Middle Atlantic,2. Information,2. >=Very Good,2. No,4.92941892571429
2005,44,2. Married,1. White,College Grad,2. Middle Atlantic,2. Information,2. >=Very Good,1. Yes,4.7774781158415305
2009,50,2. Married,1. White,HS Grad,2. Middle Atlantic,1. Industrial,2. >=Very Good,1. Yes,4.409704719434598
2009,58,2. Married,3. Asian,College Grad,2. Middle Atlantic,2. Information,1. <=Good,1. Yes,4.684734781954319
2004,45,1. Never Married,1. White,College Grad,2. Middle Atlantic,2. Information,2. >=Very Good,1. Yes,4.939869291557575
2005,44,2. Married,1. White,Some College,2. Middle Atlantic,2. Information,2. >=Very Good,2. No,4.57978359661681
2005,35,4. Divorced,1. White,College Grad,2. Middle Atlantic,2. Information,1. <=Good,2. No,4.706408753636428
2005,59,2. Married,1. White,HS Grad,2. Middle Atlantic,2. Information,2. >=Very Good,2. No,4.463060658716081
2009,45,2. Married,1. White,HS Grad,2. Middle Atlantic,2. Information,2. >=Very Good,2. No,5.043554870106901
2004,51,2. Married,1. White,College Grad,2. Middle Atlantic,1. Industrial,1. <=Good,1. Yes,4.884175620151434
2006,61,2. Married,1. White,Some College,2. Middle Atlantic,2. Information,2. >=Very Good,2. No,4.8750612633917
2008,45,2. Married,1. White,HS Grad,2. Middle Atlantic,1. Industrial,2. >=Very Good,1. Yes,4.837595531692356
2003,34,1. Never Married,1. White,College Grad,2. Middle Atlantic,1. Industrial,2. >=Very Good,1. Yes,4.580077284232155
2007,33,2. Married,1. White,College Grad,2. Middle Atlantic,2. Information,1. <=Good,2. No,4.749545929174219
2005,45,2. Married,1. White,HS Grad,2. Middle Atlantic,2. Information,1. <=Good,1. Yes,4.5545276048053225
2009,50,1. Never Married,1. White,Advanced Degree,2. Middle Atlantic,2. Information,1. <=Good,1. Yes,5.06069784035361
2006,50,2. Married,1. White,HS Grad,2. Middle Atlantic,2. Information,2. >=Very Good,1. Yes,4.529285031348186
2005,39,2. Married,1. White,Some College,2. Middle Atlantic,2. Information,1. <=Good,2. No,4.43136376415899
2009,26,1. Never Married,1. White,College Grad,2. Middle Atlantic,2. Information,2. >=Very Good,1. Yes,4.85507367442953
2007,49,2. Married,1. White,HS Grad,2. Middle Atlantic,1. Industrial,1. <=Good,2. No,3.9119625967946696
2003,20,1. Never Married,1. White,HS Grad,2. Middle Atlantic,1. Industrial,2. >=Very Good,2. No,4.1726702144811805
2003,31,2. Married,1. White,College Grad,2. Middle Atlantic,1. Industrial,2. >=Very Good,2. No,4.377714122837789
2007,49,2. Married,1. White,HS Grad,2. Middle Atlantic,2. Information,1. <=Good,1. Yes,4.292423230270079
2007,56,1. Never Married,2. Black,HS Grad,2. Middle Atlantic,1. Industrial,1. <=Good,1. Yes,4.373932896309486
2005,61,2. Married,1. White,College Grad,2. Middle Atlantic,2. Information,2. >=Very Good,1. Yes,4.969050962494211
2005,56,5. Separated,1. White,HS Grad,2. Middle Atlantic,2. Information,1. <=Good,1. Yes,4.670643448719668
2009,51,2. Married,1. White,College Grad,2. Middle Atlantic,2. Information,2. >=Very Good,2. No,4.625300085107149
2004,42,2. Married,1. White,< HS Grad,2. Middle Atlantic,1. Industrial,2. >=Very Good,1. Yes,4.79239168949825
2004,45,2. Married,1. White,College Grad,2. Middle Atlantic,1. Industrial,2. >=Very Good,1. Yes,5.60688524128857
2006,30,2. Married,1. White,Advanced Degree,2. Middle Atlantic,2. Information,2. >=Very Good,1. Yes,4.65753388755799
2005,48,1. Never Married,1. White,College Grad,2. Middle Atlantic,2. Information,1. <=Good,2. No,4.2916766229580725
2009,33,2. Married,1. White,Advanced Degree,2. Middle Atlantic,1. Industrial,1. <=Good,1. Yes,4.47712125471966
2007,50,2. Married,1. White,Some College,2. Middle Atlantic,2. Information,2. >=Very Good,1. Yes,4.49136169383427
2003,31,2. Married,3. Asian,Advanced Degree,2. Middle Atlantic,2. Information,2. >=Very Good,1. Yes,5.14612803567824
2003,48,2. Married,1. White,College Grad,2. Middle Atlantic,1. Industrial,1. <=Good,1. Yes,4.990307763472672
2005,35,2. Married,1. White,Advanced Degree,2. Middle Atlantic,2. Information,2. >=Very Good,1. Yes,5.30102999566398
2009,47,2. Married,2. Black,Some College,2. Middle Atlantic,1. Industrial,2. >=Very Good,1. Yes,4.53147891704226
2007,45,2. Married,1. White,College Grad,2. Middle Atlantic,1. Industrial,1. <=Good,1. Yes,5.026343111649675
2009,52,2. Married,1. White,HS Grad,2. Middle Atlantic,1. Industrial,2. >=Very Good,1. Yes,4.5870158603291395
2007,46,2. Married,1. White,HS Grad,2. Middle Atlantic,1. Industrial,2. >=Very Good,1. Yes,4.388681861725951
2007,47,2. Married,3. Asian,College Grad,2. Middle Atlantic,2. Information,2. >=Very Good,2. No,4.750949760441272
2009,49,2. Married,1. White,HS Grad,2. Middle Atlantic,1. Industrial,2. >=Very Good,1. Yes,5.59061783348625
2007,36,2. Married,1. White,< HS Grad,2. Middle Atlantic,1. Industrial,1. <=Good,2. No,4.65321251377534
2005,51,2. Married,1. White,College Grad,2. Middle Atlantic,1. Industrial,1. <=Good,2. No,4.685440975177984
2008,46,2. Married,1. White,HS Grad,2. Middle Atlantic,1. Industrial,2. >=Very Good,1. Yes,5.163369417662372
2004,37,2. Married,3. Asian,College Grad,2. Middle Atlantic,2. Information,2. >=Very Good,2. No,5.2330505878551845
2005,23,1. Never Married,1. White,Some College,2. Middle Atlantic,1. Industrial,2. >=Very Good,1. Yes,4.17609125905568
2008,43,2. Married,1. White,College Grad,2. Middle Atlantic,1. Industrial,2. >=Very Good,1. Yes,4.620056899633761
2006,34,2. Married,3. Asian,College Grad,2. Middle Atlantic,2. Information,2. >=Very Good,1. Yes,4.518173930927215
2008,58,2. Married,1. White,HS Grad,2. Middle Atlantic,1. Industrial,2. >=Very Good,1. Yes,4.786667210244705
2009,44,1. Never Married,3. Asian,College Grad,2. Middle Atlantic,2. Information,2. >=Very Good,1. Yes,4.567257124670867
2008,61,2. Married,1. White,College Grad,2. Middle Atlantic,2. Information,2. >=Very Good,2. No,4.3017447828534845
2005,40,4. Divorced,1. White,< HS Grad,2. Middle Atlantic,1. Industrial,2. >=Very Good,2. No,4.17609125905568
2003,37,2. Married,1. White,Some College,2. Middle Atlantic,2. Information,2. >=Very Good,1. Yes,4.7160033436348
2003,33,2. Married,1. White,HS Grad,2. Middle Atlantic,2. Information,2. >=Very Good,2. No,4.735485629090456
2004,38,2. Married,1. White,Some College,2. Middle Atlantic,2. Information,2. >=Very Good,1. Yes,5.17609125905568
2006,41,2. Married,1. White,HS Grad,2. Middle Atlantic,2. Information,1. <=Good,1. Yes,4.60026243360792
2005,30,2. Married,2. Black,HS Grad,2. Middle Atlantic,1. Industrial,2. >=Very Good,1. Yes,4.568250079172531
2003,51,2. Married,1. White,< HS Grad,2. Middle Atlantic,1. Industrial,1. <=Good,1. Yes,4.26007138798508
2003,39,1. Never Married,1. White,Some College,2. Middle Atlantic,1. Industrial,2. >=Very Good,1. Yes,4.54406804435028
2006,56,2. Married,2. Black,Some College,2. Middle Atlantic,2. Information,2. >=Very Good,1. Yes,4.84509804001426
2007,44,1. Never Married,1. White,HS Grad,2. Middle Atlantic,1. Industrial,1. <=Good,2. No,4.677146737607119
2005,51,4. Divorced,1. White,Advanced Degree,2. Middle Atlantic,2. Information,2. >=Very Good,1. Yes,4.69897000433602
2006,35,2. Married,1. White,HS Grad,2. Middle Atlantic,1. Industrial,2. >=Very Good,2. No,4.669150252152081
2009,27,1. Never Married,1. White,HS Grad,2. Middle Atlantic,1. Industrial,1. <=Good,2. No,4.281805426400596
2003,47,2. Married,1. White,Some College,2. Middle Atlantic,1. Industrial,1. <=Good,1. Yes,4.98677173426625
2007,51,2. Married,3. Asian,Some College,2. Middle Atlantic,2. Information,1. <=Good,2. No,4.39794000867204
2006,41,2. Married,1. White,HS Grad,2. Middle Atlantic,1. Industrial,2. >=Very Good,2. No,4.808927735211836
2005,63,2. Married,1. White,< HS Grad,2. Middle Atlantic,1. Industrial,1. <=Good,2. No,4.30102999566398
2009,61,1. Never Married,1. White,HS Grad,2. Middle Atlantic,2. Information,1. <=Good,2. No,4.295839299221096
2004,46,2. Married,1. White,HS Grad,2. Middle Atlantic,1. Industrial,1. <=Good,1. Yes,4.545408082264917
2009,33,1. Never Married,1. White,Some College,2. Middle Atlantic,1. Industrial,2. >=Very Good,2. No,4.38021124171161
2009,35,5. Separated,1. White,< HS Grad,2. Middle Atlantic,2. Information,1. <=Good,2. No,4.30102999566398
2003,28,2. Married,1. White,Advanced Degree,2. Middle Atlantic,2. Information,2. >=Very Good,1. Yes,4.47712125471966
2007,50,2. Married,3. Asian,Some College,2. Middle Atlantic,1. Industrial,2. >=Very Good,2. No,4.77815125038364
2007,41,2. Married,1. White,Advanced Degree,2. Middle Atlantic,2. Information,2. >=Very Good,1. Yes,5.65082021253478
2008,23,2. Married,1. White,College Grad,2. Middle Atlantic,1. Industrial,1. <=Good,2. No,4.7258172815574
2004,45,2. Married,1. White,Some College,2. Middle Atlantic,2. Information,2. >=Very Good,1. Yes,4.67209785793572
2007,63,2. Married,1. White,Advanced Degree,2. Middle Atlantic,1. Industrial,2. >=Very Good,1. Yes,4.60530504614111
2006,59,2. Married,2. Black,Some College,2. Middle Atlantic,2. Information,1. <=Good,1. Yes,4.69019608002851
2005,30,2. Married,1. White,College Grad,2. Middle Atlantic,2. Information,2. >=Very Good,1. Yes,4.60046025477498
2003,30,2. Married,1. White,Advanced Degree,2. Middle Atlantic,2. Information,2. >=Very Good,1. Yes,4.7481880270062
2007,45,2. Married,1. White,HS Grad,2. Middle Atlantic,1. Industrial,1. <=Good,2. No,4.939285423059009
2005,42,2. Married,1. White,HS Grad,2. Middle Atlantic,1. Industrial,1. <=Good,1. Yes,4.510978335498768
2009,57,2. Married,1. White,< HS Grad,2. Middle Atlantic,1. Industrial,2. >=Very Good,1. Yes,4.67209785793572
2003,52,4. Divorced,1. White,Some College,2. Middle Atlantic,1. Industrial,1. <=Good,2. No,3.13385812520333
2003,54,2. Married,1. White,Some College,2. Middle Atlantic,2. Information,2. >=Very Good,1. Yes,4.74651743741465
2005,30,2. Married,1. White,Some College,2. Middle Atlantic,2. Information,2. >=Very Good,1. Yes,4.64345267648619
2003,47,2. Married,1. White,College Grad,2. Middle Atlantic,1. Industrial,2. >=Very Good,1. Yes,5.327652747896413
2003,38,1. Never Married,1. White,Some College,2. Middle Atlantic,2. Information,2. >=Very Good,1. Yes,5.75044127844004
2003,47,2. Married,1. White,Some College,2. Middle Atlantic,2. Information,1. <=Good,1. Yes,4.60205999132796
2008,39,1. Never Married,1. White,College Grad,2. Middle Atlantic,1. Industrial,1. <=Good,1. Yes,5.060987584428027
2005,50,2. Married,1. White,HS Grad,2. Middle Atlantic,1. Industrial,2. >=Very Good,2. No,4.47939762662272
2003,47,2. Married,1. White,HS Grad,2. Middle Atlantic,1. Industrial,2. >=Very Good,2. No,4.172915004324916
2004,45,2. Married,1. White,HS Grad,2. Middle Atlantic,1. Industrial,1. <=Good,1. Yes,4.480115450053569
2007,44,2. Married,1. White,< HS Grad,2. Middle Atlantic,2. Information,2. >=Very Good,1. Yes,4.77815125038364
2003,52,2. Married,1. White,HS Grad,2. Middle Atlantic,1. Industrial,2. >=Very Good,1. Yes,4.471386866198579
2004,42,2. Married,1. White,College Grad,2. Middle Atlantic,1. Industrial,1. <=Good,2. No,4.751110277082704
2004,18,1. Never Married,1. White,< HS Grad,2. Middle Atlantic,1. Industrial,2. >=Very Good,2. No,3.73062079788728
2006,56,2. Married,1. White,College Grad,2. Middle Atlantic,2. Information,2. >=Very Good,1. Yes,4.727352849349807
2004,50,2. Married,3. Asian,Advanced Degree,2. Middle Atlantic,2. Information,2. >=Very Good,2. No,4.41497334797082
2006,50,2. Married,1. White,Advanced Degree,2. Middle Atlantic,2. Information,2. >=Very Good,1. Yes,5.62689955920852
2006,53,1. Never Married,1. White,Some College,2. Middle Atlantic,2. Information,1. <=Good,2. No,4.60205999132796
2009,38,2. Married,1. White,Advanced Degree,2. Middle Atlantic,1. Industrial,2. >=Very Good,1. Yes,5.17609125905568
2004,27,1. Never Married,1. White,< HS Grad,2. Middle Atlantic,2. Information,2. >=Very Good,2. No,4.43136376415899
2004,56,2. Married,1. White,Advanced Degree,2. Middle Atlantic,2. Information,2. >=Very Good,2. No,5.09691001300806
2003,50,2. Married,1. White,Advanced Degree,2. Middle Atlantic,2. Information,2. >=Very Good,1. Yes,4.39794000867204
2003,56,2. Married,1. White,College Grad,2. Middle Atlantic,1. Industrial,2. >=Very Good,1. Yes,4.7396407423387394
2007,50,2. Married,1. White,< HS Grad,2. Middle Atlantic,1. Industrial,1. <=Good,2. No,4.84509804001426
2005,49,1. Never Married,1. White,HS Grad,2. Middle Atlantic,2. Information,2. >=Very Good,2. No,4.321719377305562
2005,42,1. Never Married,1. White,Some College,2. Middle Atlantic,1. Industrial,2. >=Very Good,2. No,4.65321251377534
2009,50,2. Married,1. White,Advanced Degree,2. Middle Atlantic,1. Industrial,1. <=Good,1. Yes,5.23044892137827
2003,53,2. Married,1. White,College Grad,2. Middle Atlantic,2. Information,2. >=Very Good,1. Yes,5.03754323454749
2007,28,2. Married,1. White,HS Grad,2. Middle Atlantic,1. Industrial,1. <=Good,2. No,4.783410695309877
2003,45,2. Married,1. White,HS Grad,2. Middle Atlantic,1. Industrial,1. <=Good,1. Yes,4.286617766351116
2009,24,1. Never Married,1. White,HS Grad,2. Middle Atlantic,2. Information,2. >=Very Good,2. No,4.157003106357752
2003,25,1. Never Married,1. White,< HS Grad,2. Middle Atlantic,1. Industrial,2. >=Very Good,2. No,4.39794000867204
2004,38,2. Married,1. White,College Grad,2. Middle Atlantic,1. Industrial,2. >=Very Good,1. Yes,4.831239019074081
2009,47,2. Married,1. White,College Grad,2. Middle Atlantic,1. Industrial,1. <=Good,1. Yes,4.720570104710351
2003,38,2. Married,1. White,College Grad,2. Middle Atlantic,1. Industrial,2. >=Very Good,1. Yes,5.2080763871512055
2007,33,2. Married,1. White,Some College,2. Middle Atlantic,2. Information,2. >=Very Good,2. No,4.67209785793572
2006,39,2. Married,1. White,Advanced Degree,2. Middle Atlantic,2. Information,2. >=Very Good,1. Yes,5.62689955920852
2005,52,4. Divorced,1. White,HS Grad,2. Middle Atlantic,1. Industrial,1. <=Good,1. Yes,4.264634113835489
2005,46,4. Divorced,1. White,HS Grad,2. Middle Atlantic,1. Industrial,2. >=Very Good,1. Yes,4.558159551666923
2004,42,2. Married,1. White,HS Grad,2. Middle Atlantic,2. Information,2. >=Very Good,1. Yes,4.798866128030143
2003,61,2. Married,1. White,HS Grad,2. Middle Atlantic,1. Industrial,2. >=Very Good,1. Yes,4.136714164868649
2005,32,1. Never Married,1. White,HS Grad,2. Middle Atlantic,1. Industrial,2. >=Very Good,1. Yes,4.387797826254399
2009,42,4. Divorced,2. Black,HS Grad,2. Middle Atlantic,2. Information,2. >=Very Good,1. Yes,5.032854226230292
2006,61,2. Married,1. White,Advanced Degree,2. Middle Atlantic,2. Information,2. >=Very Good,1. Yes,5.27875360095283
2009,27,2. Married,1. White,HS Grad,2. Middle Atlantic,1. Industrial,2. >=Very Good,2. No,4.638565794844926
2008,45,2. Married,1. White,Advanced Degree,2. Middle Atlantic,1. Industrial,1. <=Good,1. Yes,5.30102999566398
2003,58,2. Married,1. White,College Grad,2. Middle Atlantic,2. Information,2. >=Very Good,2. No,3.469340540884965
2007,25,1. Never Married,1. White,College Grad,2. Middle Atlantic,1. Industrial,2. >=Very Good,1. Yes,4.599290158085758
2007,34,2. Married,1. White,< HS Grad,2. Middle Atlantic,1. Industrial,2. >=Very Good,2. No,4.61278385671974
2005,44,2. Married,2. Black,Some College,2. Middle Atlantic,2. Information,1. <=Good,1. Yes,4.44715803134222
2007,40,2. Married,1. White,Some College,2. Middle Atlantic,2. Information,2. >=Very Good,2. No,4.41497334797082
2007,51,2. Married,2. Black,College Grad,2. Middle Atlantic,1. Industrial,2. >=Very Good,2. No,4.523379032531627
2003,50,2. Married,1. White,Advanced Degree,2. Middle Atlantic,2. Information,2. >=Very Good,1. Yes,4.79588001734407
2009,64,2. Married,1. White,College Grad,2. Middle Atlantic,2. Information,1. <=Good,1. Yes,4.894201647033918
2003,54,2. Married,1. White,Some College,2. Middle Atlantic,1. Industrial,2. >=Very Good,1. Yes,5
2008,42,1. Never Married,1. White,College Grad,2. Middle Atlantic,2. Information,2. >=Very Good,1. Yes,4.569870356931228
2007,31,2. Married,3. Asian,HS Grad,2. Middle Atlantic,1. Industrial,1. <=Good,2. No,4.366428420975786
2003,25,1. Never Married,1. White,College Grad,2. Middle Atlantic,1. Industrial,2. >=Very Good,1. Yes,4.434501240583752
2006,32,2. Married,1. White,Some College,2. Middle Atlantic,1. Industrial,2. >=Very Good,1. Yes,4.67209785793572
2007,51,2. Married,1. White,< HS Grad,2. Middle Atlantic,2. Information,1. <=Good,1. Yes,4.74036268949424
2007,75,2. Married,2. Black,< HS Grad,2. Middle Atlantic,2. Information,1. <=Good,2. No,3.97772360528885
2003,28,2. Married,4. Other,HS Grad,2. Middle Atlantic,1. Industrial,2. >=Very Good,2. No,4.293682376926464
2009,28,1. Never Married,1. White,HS Grad,2. Middle Atlantic,1. Industrial,2. >=Very Good,2. No,4.18443650845512
2007,32,1. Never Married,1. White,Advanced Degree,2. Middle Atlantic,1. Industrial,1. <=Good,1. Yes,4.56820172406699
2006,53,2. Married,1. White,Advanced Degree,2. Middle Atlantic,2. Information,2. >=Very Good,1. Yes,5.6072834161861
2008,36,2. Married,1. White,Some College,2. Middle Atlantic,1. Industrial,1. <=Good,2. No,4.57634135020579
2004,43,2. Married,1. White,Advanced Degree,2. Middle Atlantic,2. Information,2. >=Very Good,1. Yes,5.30102999566398
2004,51,2. Married,1. White,College Grad,2. Middle Atlantic,1. Industrial,1. <=Good,1. Yes,4.76177028286847
2005,35,2. Married,2. Black,College Grad,2. Middle Atlantic,2. Information,2. >=Very Good,1. Yes,4.70870360331725
2004,46,5. Separated,1. White,HS Grad,2. Middle Atlantic,1. Industrial,2. >=Very Good,2. No,4.510683104814983
2003,38,2. Married,1. White,College Grad,2. Middle Atlantic,1. Industrial,2. >=Very Good,1. Yes,4.552381498995673
2004,43,2. Married,3. Asian,College Grad,2. Middle Atlantic,2. Information,2. >=Very Good,2. No,4.87188593086508
2004,39,2. Married,1. White,HS Grad,2. Middle Atlantic,1. Industrial,2. >=Very Good,2. No,4.857974908911356
2007,37,4. Divorced,1. White,Some College,2. Middle Atlantic,1. Industrial,2. >=Very Good,1. Yes,4.81291335664286
2008,59,4. Divorced,1. White,Advanced Degree,2. Middle Atlantic,2. Information,1. <=Good,1. Yes,4.30102999566398
2003,33,2. Married,1. White,College Grad,2. Middle Atlantic,1. Industrial,1. <=Good,2. No,4.639620264215864
2007,23,1. Never Married,1. White,Some College,2. Middle Atlantic,1. Industrial,2. >=Very Good,2. No,4.30102999566398
2006,37,1. Never Married,1. White,Some College,2. Middle Atlantic,1. Industrial,2. >=Very Good,2. No,4.47712125471966
2005,40,2. Married,1. White,HS Grad,2. Middle Atlantic,1. Industrial,1. <=Good,2. No,3.261614504345614
2006,25,2. Married,1. White,Some College,2. Middle Atlantic,2. Information,2. >=Very Good,1. Yes,4.54406804435028
2008,27,1. Never Married,1. White,College Grad,2. Middle Atlantic,1. Industrial,2. >=Very Good,1. Yes,4.47236942919954
2004,47,2. Married,1. White,Advanced Degree,2. Middle Atlantic,2. Information,1. <=Good,1. Yes,5.60688524128857
2008,52,2. Married,2. Black,College Grad,2. Middle Atlantic,1. Industrial,2. >=Very Good,2. No,4.30829432534329
2007,23,1. Never Married,1. White,HS Grad,2. Middle Atlantic,2. Information,2. >=Very Good,2. No,4.359099579543575
2004,33,2. Married,1. White,College Grad,2. Middle Atlantic,2. Information,1. <=Good,2. No,4.510075333055454
2005,37,1. Never Married,3. Asian,College Grad,2. Middle Atlantic,2. Information,1. <=Good,1. Yes,4.879155281863453
2008,34,2. Married,1. White,HS Grad,2. Middle Atlantic,1. Industrial,1. <=Good,2. No,4.564358739419184
2003,51,5. Separated,1. White,HS Grad,2. Middle Atlantic,1. Industrial,1. <=Good,1. Yes,4.888758529034314
2007,40,4. Divorced,1. White,Some College,2. Middle Atlantic,1. Industrial,2. >=Very Good,1. Yes,5
2007,50,2. Married,1. White,HS Grad,2. Middle Atlantic,2. Information,1. <=Good,1. Yes,4.363741669887243
2005,64,2. Married,1. White,Some College,2. Middle Atlantic,1. Industrial,2. >=Very Good,1. Yes,4.77815125038364
2008,54,2. Married,1. White,< HS Grad,2. Middle Atlantic,1. Industrial,1. <=Good,1. Yes,4.38810120157052
2003,50,2. Married,2. Black,HS Grad,2. Middle Atlantic,2. Information,2. >=Very Good,1. Yes,4.63531280871016
2004,32,2. Married,1. White,College Grad,2. Middle Atlantic,2. Information,2. >=Very Good,1. Yes,4.71388617814457
2004,37,2. Married,2. Black,College Grad,2. Middle Atlantic,2. Information,1. <=Good,1. Yes,4.833178605260102
2006,19,1. Never Married,1. White,< HS Grad,2. Middle Atlantic,1. Industrial,2. >=Very Good,2. No,4.17609125905568
2006,32,2. Married,1. White,HS Grad,2. Middle Atlantic,1. Industrial,2. >=Very Good,1. Yes,4.331059904394401
2004,42,2. Married,1. White,Some College,2. Middle Atlantic,1. Industrial,1. <=Good,1. Yes,4.60205999132796
2009,26,1. Never Married,1. White,Some College,2. Middle Atlantic,1. Industrial,1. <=Good,2. No,4.60205999132796
2009,46,2. Married,1. White,Advanced Degree,2. Middle Atlantic,2. Information,2. >=Very Good,1. Yes,5.06069784035361
2009,18,1. Never Married,1. White,< HS Grad,2. Middle Atlantic,1. Industrial,1. <=Good,2. No,3.90308998699194
2005,43,2. Married,1. White,HS Grad,2. Middle Atlantic,2. Information,1. <=Good,1. Yes,4.550554724927627
2003,62,2. Married,1. White,Some College,2. Middle Atlantic,1. Industrial,2. >=Very Good,1. Yes,4.7160033436348
2008,44,2. Married,1. White,HS Grad,2. Middle Atlantic,1. Industrial,2. >=Very Good,1. Yes,5.005168466636488
2005,40,2. Married,1. White,Some College,2. Middle Atlantic,2. Information,1. <=Good,1. Yes,4.89209460269048
2006,43,2. Married,1. White,HS Grad,2. Middle Atlantic,1. Industrial,1. <=Good,1. Yes,5.071475138254026
2004,32,1. Never Married,3. Asian,College Grad,2. Middle Atlantic,1. Industrial,2. >=Very Good,1. Yes,4.860631936900781
2006,48,1. Never Married,2. Black,HS Grad,2. Middle Atlantic,2. Information,2. >=Very Good,1. Yes,4.343278866502695
2009,35,2. Married,1. White,Some College,2. Middle Atlantic,2. Information,2. >=Very Good,1. Yes,4.69897000433602
2006,61,2. Married,1. White,Some College,2. Middle Atlantic,2. Information,1. <=Good,1. Yes,4.8750612633917
2006,47,2. Married,1. White,< HS Grad,2. Middle Atlantic,1. Industrial,2. >=Very Good,1. Yes,4.49136169383427
2005,55,4. Divorced,1. White,HS Grad,2. Middle Atlantic,2. Information,2. >=Very Good,1. Yes,4.586276859758704
2008,28,4. Divorced,4. Other,HS Grad,2. Middle Atlantic,1. Industrial,2. >=Very Good,1. Yes,4.333478187382617
2008,52,2. Married,1. White,Advanced Degree,2. Middle Atlantic,1. Industrial,1. <=Good,2. No,5.00860017176192
2009,27,1. Never Married,2. Black,Advanced Degree,2. Middle Atlantic,2. Information,2. >=Very Good,1. Yes,4.63346845557959
2006,22,2. Married,2. Black,Some College,2. Middle Atlantic,2. Information,2. >=Very Good,1. Yes,4.50514997831991
2006,20,1. Never Married,1. White,HS Grad,2. Middle Atlantic,1. Industrial,1. <=Good,2. No,4.238089579064874
2006,42,2. Married,1. White,HS Grad,2. Middle Atlantic,2. Information,1. <=Good,1. Yes,4.5832598471071995
2007,29,2. Married,1. White,College Grad,2. Middle Atlantic,1. Industrial,2. >=Very Good,2. No,4.3885373159202565
2003,31,1. Never Married,1. White,College Grad,2. Middle Atlantic,2. Information,1. <=Good,1. Yes,4.632866571500152
2008,59,4. Divorced,1. White,Some College,2. Middle Atlantic,2. Information,1. <=Good,1. Yes,5.02118929906994
2008,36,2. Married,1. White,Advanced Degree,2. Middle Atlantic,1. Industrial,2. >=Very Good,1. Yes,5
2007,32,2. Married,1. White,< HS Grad,2. Middle Atlantic,1. Industrial,1. <=Good,2. No,4.20411998265593
2005,32,1. Never Married,1. White,Some College,2. Middle Atlantic,2. Information,1. <=Good,1. Yes,4.64345267648619
2006,25,1. Never Married,1. White,Some College,2. Middle Atlantic,2. Information,2. >=Very Good,1. Yes,4.60205999132796
2008,43,2. Married,1. White,Some College,2. Middle Atlantic,2. Information,2. >=Very Good,2. No,4.90308998699194
2008,44,1. Never Married,1. White,HS Grad,2. Middle Atlantic,1. Industrial,1. <=Good,2. No,3.7519003655209358
2009,57,2. Married,1. White,Some College,2. Middle Atlantic,1. Industrial,2. >=Very Good,2. No,4.75966784468963
2006,49,2. Married,2. Black,College Grad,2. Middle Atlantic,2. Information,2. >=Very Good,1. Yes,5.012772423240939
2007,41,2. Married,1. White,HS Grad,2. Middle Atlantic,2. Information,2. >=Very Good,1. Yes,5.125439330168208
2006,38,2. Married,1. White,College Grad,2. Middle Atlantic,1. Industrial,2. >=Very Good,1. Yes,5.135192993433949
2004,58,2. Married,1. White,< HS Grad,2. Middle Atlantic,2. Information,1. <=Good,1. Yes,4.77815125038364
2004,59,2. Married,3. Asian,Advanced Degree,2. Middle Atlantic,2. Information,2. >=Very Good,2. No,5.2430380486863
2005,39,2. Married,1. White,Advanced Degree,2. Middle Atlantic,2. Information,2. >=Very Good,1. Yes,5.07918124604763
2006,60,2. Married,1. White,Some College,2. Middle Atlantic,1. Industrial,1. <=Good,1. Yes,4.56467789772798
2007,56,2. Married,1. White,HS Grad,2. Middle Atlantic,2. Information,1. <=Good,1. Yes,4.841972845682496
2008,44,2. Married,1. White,Some College,2. Middle Atlantic,1. Industrial,2. >=Very Good,1. Yes,5
2008,70,2. Married,2. Black,Some College,2. Middle Atlantic,2. Information,2. >=Very Good,1. Yes,4.60205999132796
2009,27,1. Never Married,1. White,College Grad,2. Middle Atlantic,2. Information,2. >=Very Good,2. No,4.155600941967277
2004,47,2. Married,1. White,HS Grad,2. Middle Atlantic,1. Industrial,1. <=Good,2. No,4.7022577045559215
2003,41,2. Married,1. White,Some College,2. Middle Atlantic,1. Industrial,2. >=Very Good,2. No,4.84509804001426
2008,29,2. Married,1. White,Some College,2. Middle Atlantic,1. Industrial,2. >=Very Good,1. Yes,4.65321251377534
2009,42,2. Married,1. White,< HS Grad,2. Middle Atlantic,1. Industrial,2. >=Very Good,1. Yes,4.72427586960079
2007,51,4. Divorced,1. White,College Grad,2. Middle Atlantic,2. Information,1. <=Good,1. Yes,5.64100585131578
2009,47,2. Married,1. White,HS Grad,2. Middle Atlantic,1. Industrial,2. >=Very Good,1. Yes,4.463685678705798
2008,48,2. Married,2. Black,HS Grad,2. Middle Atlantic,1. Industrial,1. <=Good,1. Yes,4.5752394780646215
2003,39,2. Married,1. White,HS Grad,2. Middle Atlantic,1. Industrial,2. >=Very Good,2. No,5.031298494515037
2005,23,1. Never Married,1. White,HS Grad,2. Middle Atlantic,1. Industrial,2. >=Very Good,1. Yes,4.392702090398596
2007,31,2. Married,1. White,Some College,2. Middle Atlantic,1. Industrial,2. >=Very Good,2. No,4.78532983501077
2005,59,2. Married,1. White,HS Grad,2. Middle Atlantic,1. Industrial,1. <=Good,1. Yes,4.790993739801422
2003,19,1. Never Married,1. White,< HS Grad,2. Middle Atlantic,1. Industrial,2. >=Very Good,2. No,3.30102999566398
2009,42,2. Married,1. White,Advanced Degree,2. Middle Atlantic,2. Information,2. >=Very Good,1. Yes,5.20411998265593
2004,35,2. Married,3. Asian,HS Grad,2. Middle Atlantic,1. Industrial,2. >=Very Good,2. No,4.3467538661691245
2007,38,2. Married,1. White,Advanced Degree,2. Middle Atlantic,2. Information,1. <=Good,1. Yes,4.95424250943933
2006,45,2. Married,1. White,Some College,2. Middle Atlantic,2. Information,2. >=Very Good,1. Yes,4.74036268949424
2008,58,2. Married,1. White,Advanced Degree,2. Middle Atlantic,1. Industrial,2. >=Very Good,2. No,4.90969506679213
2006,26,1. Never Married,1. White,Some College,2. Middle Atlantic,2. Information,2. >=Very Good,1. Yes,4.7634279935629404
2003,30,1. Never Married,3. Asian,HS Grad,2. Middle Atlantic,2. Information,2. >=Very Good,2. No,4.834936543926043
2006,54,5. Separated,1. White,Advanced Degree,2. Middle Atlantic,2. Information,2. >=Very Good,1. Yes,5.62689955920852
2008,38,2. Married,1. White,HS Grad,2. Middle Atlantic,1. Industrial,2. >=Very Good,1. Yes,4.7946877534900825
2005,44,2. Married,3. Asian,HS Grad,2. Middle Atlantic,1. Industrial,2. >=Very Good,1. Yes,4.616097895667013
2003,52,2. Married,1. White,College Grad,2. Middle Atlantic,2. Information,2. >=Very Good,2. No,4.502364350380077
2004,73,4. Divorced,1. White,HS Grad,2. Middle Atlantic,1. Industrial,1. <=Good,1. Yes,4.2990611815757696
2006,65,2. Married,1. White,Advanced Degree,2. Middle Atlantic,2. Information,2. >=Very Good,1. Yes,4.65321251377534
2003,28,2. Married,1. White,College Grad,2. Middle Atlantic,2. Information,1. <=Good,2. No,4.445962116611318
2009,53,2. Married,1. White,< HS Grad,2. Middle Atlantic,1. Industrial,1. <=Good,1. Yes,4
2006,53,2. Married,1. White,Some College,2. Middle Atlantic,2. Information,2. >=Very Good,1. Yes,4.49136169383427
2008,52,2. Married,1. White,College Grad,2. Middle Atlantic,2. Information,2. >=Very Good,1. Yes,4.7976205711569095
2009,27,1. Never Married,1. White,HS Grad,2. Middle Atlantic,2. Information,2. >=Very Good,1. Yes,4.561580783704535
2003,57,2. Married,1. White,< HS Grad,2. Middle Atlantic,1. Industrial,2. >=Very Good,1. Yes,4.8750612633917
2004,32,1. Never Married,1. White,College Grad,2. Middle Atlantic,2. Information,2. >=Very Good,1. Yes,4.394641124888303
2007,51,1. Never Married,1. White,HS Grad,2. Middle Atlantic,2. Information,1. <=Good,1. Yes,4.9445349571439605
2008,43,2. Married,1. White,HS Grad,2. Middle Atlantic,2. Information,2. >=Very Good,1. Yes,3.8486054111143737
2004,50,2. Married,1. White,Some College,2. Middle Atlantic,1. Industrial,2. >=Very Good,1. Yes,4.95424250943933
2004,53,2. Married,1. White,Some College,2. Middle Atlantic,2. Information,2. >=Very Good,1. Yes,4.7481880270062
2007,54,2. Married,3. Asian,< HS Grad,2. Middle Atlantic,1. Industrial,1. <=Good,2. No,4.17609125905568
2007,24,1. Never Married,1. White,HS Grad,2. Middle Atlantic,1. Industrial,2. >=Very Good,1. Yes,4.32674754416227
2008,40,2. Married,1. White,HS Grad,2. Middle Atlantic,2. Information,1. <=Good,1. Yes,4.755318086594933
2003,30,2. Married,1. White,College Grad,2. Middle Atlantic,1. Industrial,1. <=Good,1. Yes,4.459340330594596
2003,45,2. Married,1. White,College Grad,2. Middle Atlantic,2. Information,2. >=Very Good,1. Yes,4.6944845425107165
2007,55,4. Divorced,1. White,College Grad,2. Middle Atlantic,1. Industrial,2. >=Very Good,1. Yes,4.758658856297782
2003,45,1. Never Married,1. White,Advanced Degree,2. Middle Atlantic,2. Information,2. >=Very Good,1. Yes,4.94448267215017
2004,44,1. Never Married,2. Black,College Grad,2. Middle Atlantic,2. Information,2. >=Very Good,1. Yes,4.650898032812896
2004,37,3. Widowed,1. White,College Grad,2. Middle Atlantic,2. Information,2. >=Very Good,1. Yes,5.041298681924786
2008,41,2. Married,1. White,< HS Grad,2. Middle Atlantic,1. Industrial,1. <=Good,1. Yes,4.7481880270062
2007,44,2. Married,1. White,HS Grad,2. Middle Atlantic,1. Industrial,1. <=Good,2. No,4.119653194623998
2007,52,1. Never Married,1. White,HS Grad,2. Middle Atlantic,1. Industrial,2. >=Very Good,1. Yes,4.477348813806414
2009,55,2. Married,1. White,College Grad,2. Middle Atlantic,2. Information,2. >=Very Good,1. Yes,4.858658125261588
2003,43,2. Married,1. White,HS Grad,2. Middle Atlantic,1. Industrial,2. >=Very Good,1. Yes,4.361652875236146
2009,27,1. Never Married,3. Asian,Advanced Degree,2. Middle Atlantic,2. Information,2. >=Very Good,1. Yes,5.30102999566398
2006,43,2. Married,1. White,HS Grad,2. Middle Atlantic,2. Information,2. >=Very Good,1. Yes,4.7714587147801035
2007,46,2. Married,1. White,HS Grad,2. Middle Atlantic,1. Industrial,1. <=Good,1. Yes,4.4712556265911605
2003,30,2. Married,1. White,Some College,2. Middle Atlantic,2. Information,1. <=Good,1. Yes,5.23044892137827
2003,43,2. Married,1. White,< HS Grad,2. Middle Atlantic,1. Industrial,2. >=Very Good,1. Yes,4.39794000867204
2005,48,2. Married,1. White,Some College,2. Middle Atlantic,1. Industrial,2. >=Very Good,1. Yes,5.07918124604763
2003,33,1. Never Married,2. Black,< HS Grad,2. Middle Atlantic,1. Industrial,2. >=Very Good,2. No,4.15836249209525
2008,29,1. Never Married,1. White,Some College,2. Middle Atlantic,1. Industrial,2. >=Very Good,1. Yes,4.47712125471966
2005,24,1. Never Married,1. White,HS Grad,2. Middle Atlantic,2. Information,2. >=Very Good,2. No,4.132396982989133
2009,52,2. Married,1. White,Some College,2. Middle Atlantic,1. Industrial,2. >=Very Good,1. Yes,4.97772360528885
2005,50,2. Married,1. White,Advanced Degree,2. Middle Atlantic,1. Industrial,2. >=Very Good,2. No,4.95424250943933
2005,24,1. Never Married,1. White,HS Grad,2. Middle Atlantic,1. Industrial,2. >=Very Good,2. No,4.347366893054621
2003,42,1. Never Married,1. White,Some College,2. Middle Atlantic,1. Industrial,2. >=Very Good,1. Yes,4.81954393554187
2004,53,2. Married,1. White,College Grad,2. Middle Atlantic,1. Industrial,2. >=Very Good,1. Yes,4.645614185278189
2008,49,2. Married,1. White,Advanced Degree,2. Middle Atlantic,2. Information,2. >=Very Good,1. Yes,5.63191940591859
2004,46,2. Married,1. White,< HS Grad,2. Middle Atlantic,1. Industrial,1. <=Good,2. No,4
2008,40,2. Married,1. White,Some College,2. Middle Atlantic,1. Industrial,2. >=Very Good,1. Yes,5.04139268515823
2003,41,1. Never Married,3. Asian,Advanced Degree,2. Middle Atlantic,2. Information,2. >=Very Good,1. Yes,5.19312459835446
2006,41,2. Married,1. White,College Grad,2. Middle Atlantic,2. Information,2. >=Very Good,1. Yes,4.806025152002817
2009,36,2. Married,1. White,Some College,2. Middle Atlantic,1. Industrial,2. >=Very Good,2. No,4.47712125471966
2003,34,2. Married,2. Black,Some College,2. Middle Atlantic,2. Information,1. <=Good,2. No,4.51851393987789
2004,24,1. Never Married,1. White,Some College,2. Middle Atlantic,2. Information,2. >=Very Good,2. No,4.07918124604763
2008,44,2. Married,1. White,College Grad,2. Middle Atlantic,1. Industrial,2. >=Very Good,1. Yes,4.763543248797392
2007,33,2. Married,2. Black,College Grad,2. Middle Atlantic,2. Information,2. >=Very Good,2. No,4.733468412364501
2007,25,1. Never Married,1. White,HS Grad,2. Middle Atlantic,1. Industrial,2. >=Very Good,1. Yes,4.3969066757934225
2005,40,2. Married,1. White,HS Grad,2. Middle Atlantic,1. Industrial,2. >=Very Good,2. No,4.940537085357576
2007,48,1. Never Married,3. Asian,HS Grad,2. Middle Atlantic,1. Industrial,2. >=Very Good,2. No,4.169660922437147
2005,56,2. Married,1. White,HS Grad,2. Middle Atlantic,1. Industrial,1. <=Good,2. No,4.609194611797526
2005,25,1. Never Married,1. White,College Grad,2. Middle Atlantic,1. Industrial,2. >=Very Good,2. No,4.66861956557198
2005,44,2. Married,1. White,College Grad,2. Middle Atlantic,1. Industrial,2. >=Very Good,1. Yes,4.854332281277204
2003,27,1. Never Married,1. White,Some College,2. Middle Atlantic,2. Information,2. >=Very Good,1. Yes,4.75511226639507
2006,58,2. Married,1. White,< HS Grad,2. Middle Atlantic,1. Industrial,1. <=Good,1. Yes,4.32221929473392
2008,52,4. Divorced,2. Black,College Grad,2. Middle Atlantic,2. Information,2. >=Very Good,1. Yes,4.472529471756175
2007,60,1. Never Married,1. White,Advanced Degree,2. Middle Atlantic,1. Industrial,1. <=Good,1. Yes,4.7160033436348
2008,39,2. Married,1. White,Some College,2. Middle Atlantic,2. Information,2. >=Very Good,1. Yes,4.64345267648619
2004,51,2. Married,1. White,College Grad,2. Middle Atlantic,1. Industrial,2. >=Very Good,1. Yes,4.829381378527789
2007,31,1. Never Married,1. White,Some College,2. Middle Atlantic,2. Information,2. >=Very Good,1. Yes,4.47712125471966
2005,45,3. Widowed,1. White,HS Grad,2. Middle Atlantic,1. Industrial,2. >=Very Good,2. No,4.81718225211228
2005,43,1. Never Married,1. White,College Grad,2. Middle Atlantic,2. Information,2. >=Very Good,1. Yes,4.551857842128672
2008,45,2. Married,1. White,College Grad,2. Middle Atlantic,1. Industrial,2. >=Very Good,1. Yes,4.86952770148286
2004,40,2. Married,1. White,Some College,2. Middle Atlantic,2. Information,2. >=Very Good,1. Yes,5.26717172840301
2008,46,2. Married,1. White,HS Grad,2. Middle Atlantic,1. Industrial,2. >=Very Good,1. Yes,5.037415024219676
2009,51,2. Married,1. White,Advanced Degree,2. Middle Atlantic,2. Information,2. >=Very Good,1. Yes,5.59061783348625
2006,47,4. Divorced,1. White,College Grad,2. Middle Atlantic,2. Information,2. >=Very Good,1. Yes,5.2457890765106825
2004,52,2. Married,1. White,Advanced Degree,2. Middle Atlantic,2. Information,2. >=Very Good,1. Yes,4.89762709129044
2003,31,4. Divorced,1. White,HS Grad,2. Middle Atlantic,2. Information,2. >=Very Good,1. Yes,5.107730392860945
2007,40,2. Married,2. Black,College Grad,2. Middle Atlantic,2. Information,2. >=Very Good,1. Yes,5.276865632677553
2009,26,1. Never Married,1. White,College Grad,2. Middle Atlantic,2. Information,2. >=Very Good,1. Yes,4.575965604353987
2004,49,2. Married,1. White,HS Grad,2. Middle Atlantic,1. Industrial,2. >=Very Good,2. No,4.485908893514436
2009,38,4. Divorced,1. White,Some College,2. Middle Atlantic,1. Industrial,1. <=Good,2. No,4.69897000433602
2005,50,2. Married,4. Other,< HS Grad,2. Middle Atlantic,2. Information,1. <=Good,2. No,4.7160033436348
2006,63,2. Married,1. White,Some College,2. Middle Atlantic,1. Industrial,2. >=Very Good,1. Yes,4.90308998699194
2008,35,2. Married,1. White,< HS Grad,2. Middle Atlantic,1. Industrial,2. >=Very Good,2. No,4.45319598633954
2008,29,1. Never Married,1. White,HS Grad,2. Middle Atlantic,2. Information,2. >=Very Good,2. No,4.762063944536504
2008,33,2. Married,1. White,HS Grad,2. Middle Atlantic,1. Industrial,1. <=Good,1. Yes,4.583689096015066
2007,29,2. Married,1. White,HS Grad,2. Middle Atlantic,1. Industrial,2. >=Very Good,2. No,4.527793609978005
2007,62,4. Divorced,1. White,College Grad,2. Middle Atlantic,2. Information,2. >=Very Good,1. Yes,4.673645773754741
2008,45,2. Married,1. White,Advanced Degree,2. Middle Atlantic,2. Information,2. >=Very Good,1. Yes,4.82607480270083
2003,56,2. Married,1. White,< HS Grad,2. Middle Atlantic,1. Industrial,2. >=Very Good,1. Yes,4.85125834871908
2003,58,2. Married,1. White,< HS Grad,2. Middle Atlantic,1. Industrial,1. <=Good,2. No,4.57978359661681
2007,39,2. Married,1. White,Advanced Degree,2. Middle Atlantic,1. Industrial,2. >=Very Good,1. Yes,5.29003461136252
2005,49,2. Married,1. White,Some College,2. Middle Atlantic,1. Industrial,2. >=Very Good,1. Yes,4.53147891704226
2004,24,1. Never Married,1. White,College Grad,2. Middle Atlantic,2. Information,2. >=Very Good,2. No,4.357002956010451
2003,61,4. Divorced,1. White,HS Grad,2. Middle Atlantic,1. Industrial,2. >=Very Good,1. Yes,5.0529721613674745
2008,58,2. Married,1. White,College Grad,2. Middle Atlantic,1. Industrial,2. >=Very Good,1. Yes,4.38994391214477
2009,47,2. Married,3. Asian,Some College,2. Middle Atlantic,2. Information,2. >=Very Good,2. No,4.77815125038364
2004,41,5. Separated,1. White,College Grad,2. Middle Atlantic,2. Information,2. >=Very Good,1. Yes,4.451338825049601
2008,71,2. Married,1. White,< HS Grad,2. Middle Atlantic,2. Information,1. <=Good,1. Yes,4.54406804435028
2006,47,2. Married,1. White,Some College,2. Middle Atlantic,1. Industrial,2. >=Very Good,1. Yes,5.01110502981598
2005,38,2. Married,1. White,College Grad,2. Middle Atlantic,1. Industrial,1. <=Good,1. Yes,5.348422498388745
2005,31,1. Never Married,1. White,College Grad,2. Middle Atlantic,1. Industrial,2. >=Very Good,1. Yes,4.118099747378975
2007,56,2. Married,3. Asian,College Grad,2. Middle Atlantic,2. Information,2. >=Very Good,1. Yes,4.69954724787378
2006,44,1. Never Married,1. White,College Grad,2. Middle Atlantic,2. Information,2. >=Very Good,1. Yes,5.62689955920852
2003,33,2. Married,1. White,College Grad,2. Middle Atlantic,2. Information,2. >=Very Good,1. Yes,4.777361298731002
2005,36,1. Never Married,1. White,College Grad,2. Middle Atlantic,1. Industrial,2. >=Very Good,2. No,4.193460770821955
2006,31,2. Married,1. White,College Grad,2. Middle Atlantic,2. Information,2. >=Very Good,1. Yes,4.368267246245683
2004,55,2. Married,1. White,Some College,2. Middle Atlantic,2. Information,2. >=Very Good,1. Yes,4.69897000433602
2005,48,2. Married,1. White,College Grad,2. Middle Atlantic,2. Information,2. >=Very Good,2. No,4.252605130347898
2005,50,2. Married,1. White,Some College,2. Middle Atlantic,2. Information,2. >=Very Good,1. Yes,4.74036268949424
2006,42,2. Married,1. White,College Grad,2. Middle Atlantic,2. Information,2. >=Very Good,2. No,5.1046836117318515
2008,25,1. Never Married,1. White,Some College,2. Middle Atlantic,2. Information,2. >=Very Good,1. Yes,4.8750612633917
2008,55,2. Married,1. White,HS Grad,2. Middle Atlantic,1. Industrial,1. <=Good,1. Yes,4.848361821349142
2004,28,1. Never Married,1. White,Advanced Degree,2. Middle Atlantic,1. Industrial,2. >=Very Good,1. Yes,4.7634279935629404
2003,30,2. Married,4. Other,< HS Grad,2. Middle Atlantic,2. Information,1. <=Good,2. No,4.81291335664286
2008,46,1. Never Married,2. Black,College Grad,2. Middle Atlantic,1. Industrial,2. >=Very Good,1. Yes,4.909799949913214
2004,48,4. Divorced,1. White,Advanced Degree,2. Middle Atlantic,2. Information,1. <=Good,1. Yes,4.8750612633917
2006,42,4. Divorced,1. White,Some College,2. Middle Atlantic,1. Industrial,2. >=Very Good,1. Yes,4.39794000867204
2008,23,2. Married,1. White,College Grad,2. Middle Atlantic,1. Industrial,2. >=Very Good,2. No,3.536029474434607
2003,60,2. Married,1. White,Advanced Degree,2. Middle Atlantic,1. Industrial,2. >=Very Good,2. No,4.65321251377534
2008,34,2. Married,2. Black,< HS Grad,2. Middle Atlantic,2. Information,2. >=Very Good,1. Yes,4.3096301674259
2003,45,2. Married,1. White,College Grad,2. Middle Atlantic,1. Industrial,2. >=Very Good,1. Yes,4.956369268812447
2007,28,1. Never Married,1. White,Some College,2. Middle Atlantic,1. Industrial,1. <=Good,2. No,4.4320066872696
2004,33,2. Married,1. White,Advanced Degree,2. Middle Atlantic,2. Information,2. >=Very Good,1. Yes,5.22530928172586
2008,58,2. Married,1. White,HS Grad,2. Middle Atlantic,2. Information,2. >=Very Good,1. Yes,4.497928489682059
2008,47,2. Married,1. White,Advanced Degree,2. Middle Atlantic,2. Information,2. >=Very Good,1. Yes,5.09691001300806
2003,24,1. Never Married,1. White,Some College,2. Middle Atlantic,1. Industrial,2. >=Very Good,2. No,4.14612803567824
2008,56,2. Married,1. White,College Grad,2. Middle Atlantic,1. Industrial,2. >=Very Good,2. No,4.824176451290864
2004,56,2. Married,1. White,College Grad,2. Middle Atlantic,1. Industrial,2. >=Very Good,1. Yes,4.660989168085841
2005,23,1. Never Married,4. Other,College Grad,2. Middle Atlantic,2. Information,1. <=Good,1. Yes,4.587032489171101
2003,56,2. Married,1. White,Advanced Degree,2. Middle Atlantic,2. Information,1. <=Good,1. Yes,4.88649072517248
2003,45,2. Married,1. White,College Grad,2. Middle Atlantic,2. Information,2. >=Very Good,1. Yes,4.99494238197327
2009,58,2. Married,1. White,Some College,2. Middle Atlantic,2. Information,2. >=Very Good,1. Yes,4.97772360528885
2007,30,2. Married,3. Asian,Advanced Degree,2. Middle Atlantic,2. Information,2. >=Very Good,1. Yes,4.77815125038364
2009,46,2. Married,1. White,Advanced Degree,2. Middle Atlantic,1. Industrial,2. >=Very Good,2. No,5.01283722470517
2004,48,2. Married,1. White,Advanced Degree,2. Middle Atlantic,1. Industrial,2. >=Very Good,1. Yes,5.63108441419736
2006,50,4. Divorced,1. White,HS Grad,2. Middle Atlantic,1. Industrial,1. <=Good,1. Yes,4.456694507232427
2008,43,1. Never Married,1. White,College Grad,2. Middle Atlantic,2. Information,2. >=Very Good,1. Yes,4.4274593611067585
2006,37,2. Married,1. White,< HS Grad,2. Middle Atlantic,1. Industrial,2. >=Very Good,2. No,4.54406804435028
2003,49,4. Divorced,1. White,Some College,2. Middle Atlantic,2. Information,2. >=Very Good,2. No,5.17609125905568
2009,31,2. Married,3. Asian,College Grad,2. Middle Atlantic,2. Information,2. >=Very Good,1. Yes,5.061493620641645
2009,54,2. Married,3. Asian,HS Grad,2. Middle Atlantic,1. Industrial,2. >=Very Good,1. Yes,4.450585010295709
2007,52,2. Married,1. White,College Grad,2. Middle Atlantic,2. Information,2. >=Very Good,1. Yes,4.735874131222711
2003,70,2. Married,1. White,HS Grad,2. Middle Atlantic,1. Industrial,1. <=Good,2. No,4.327837701086476
2005,30,2. Married,1. White,Advanced Degree,2. Middle Atlantic,2. Information,2. >=Very Good,1. Yes,4.95424733490676
2006,44,2. Married,1. White,HS Grad,2. Middle Atlantic,1. Industrial,2. >=Very Good,1. Yes,4.6809978113240724
2003,34,2. Married,3. Asian,College Grad,2. Middle Atlantic,2. Information,2. >=Very Good,1. Yes,5.079231509170542
2007,38,2. Married,1. White,HS Grad,2. Middle Atlantic,1. Industrial,2. >=Very Good,2. No,4.692582544380597
2006,28,5. Separated,1. White,< HS Grad,2. Middle Atlantic,1. Industrial,1. <=Good,1. Yes,4.50514997831991
2005,38,2. Married,1. White,Some College,2. Middle Atlantic,1. Industrial,2. >=Very Good,1. Yes,4.95424250943933
2003,39,2. Married,1. White,HS Grad,2. Middle Atlantic,1. Industrial,1. <=Good,2. No,4.093961088112585
2008,52,1. Never Married,1. White,College Grad,2. Middle Atlantic,2. Information,1. <=Good,1. Yes,3.987907193532808
2004,34,1. Never Married,1. White,College Grad,2. Middle Atlantic,1. Industrial,2. >=Very Good,1. Yes,5.045044605471698
2003,33,2. Married,1. White,College Grad,2. Middle Atlantic,2. Information,2. >=Very Good,1. Yes,4.81238849369543
2007,45,2. Married,1. White,College Grad,2. Middle Atlantic,1. Industrial,1. <=Good,1. Yes,4.85201178460202
2006,58,2. Married,1. White,HS Grad,2. Middle Atlantic,1. Industrial,1. <=Good,2. No,4.418302597007157
2003,38,2. Married,1. White,HS Grad,2. Middle Atlantic,1. Industrial,2. >=Very Good,2. No,4.6446128311292405
2007,63,2. Married,1. White,College Grad,2. Middle Atlantic,1. Industrial,1. <=Good,2. No,3.961739473408463
2007,38,2. Married,1. White,Advanced Degree,2. Middle Atlantic,2. Information,2. >=Very Good,1. Yes,4.60205999132796
2007,31,2. Married,1. White,Some College,2. Middle Atlantic,1. Industrial,2. >=Very Good,2. No,4.60205999132796
2007,53,2. Married,1. White,College Grad,2. Middle Atlantic,2. Information,2. >=Very Good,1. Yes,5.095304061515556
2009,21,1. Never Married,2. Black,HS Grad,2. Middle Atlantic,2. Information,1. <=Good,1. Yes,4.816469246624356
2006,38,2. Married,1. White,College Grad,2. Middle Atlantic,2. Information,2. >=Very Good,1. Yes,5.321987095442069
2004,18,1. Never Married,1. White,< HS Grad,2. Middle Atlantic,1. Industrial,1. <=Good,1. Yes,4.24303804868629
2008,28,1. Never Married,1. White,Some College,2. Middle Atlantic,1. Industrial,2. >=Very Good,1. Yes,4.60205999132796
2003,33,1. Never Married,1. White,College Grad,2. Middle Atlantic,2. Information,2. >=Very Good,1. Yes,4.6851472376405265
2004,32,2. Married,1. White,Some College,2. Middle Atlantic,1. Industrial,2. >=Very Good,2. No,4.60205999132796
2009,29,1. Never Married,1. White,HS Grad,2. Middle Atlantic,2. Information,2. >=Very Good,1. Yes,4.51932082198487
2005,28,2. Married,1. White,< HS Grad,2. Middle Atlantic,1. Industrial,1. <=Good,1. Yes,4.41497334797082
2005,42,2. Married,1. White,Advanced Degree,2. Middle Atlantic,2. Information,2. >=Very Good,1. Yes,4.76168733198664
2007,28,3. Widowed,1. White,< HS Grad,2. Middle Atlantic,2. Information,1. <=Good,2. No,4
2009,36,2. Married,1. White,Advanced Degree,2. Middle Atlantic,2. Information,2. >=Very Good,1. Yes,4.92941892571429
2007,47,2. Married,1. White,HS Grad,2. Middle Atlantic,2. Information,2. >=Very Good,1. Yes,4.863582281132208
2007,53,2. Married,1. White,Advanced Degree,2. Middle Atlantic,2. Information,2. >=Very Good,1. Yes,5.64100585131578
2003,48,2. Married,1. White,Advanced Degree,2. Middle Atlantic,2. Information,2. >=Very Good,1. Yes,5.09691001300806
2006,36,2. Married,1. White,Advanced Degree,2. Middle Atlantic,1. Industrial,2. >=Very Good,1. Yes,5.18858541025256
2007,55,2. Married,1. White,Some College,2. Middle Atlantic,2. Information,2. >=Very Good,1. Yes,4.83884909073726
2008,37,2. Married,1. White,< HS Grad,2. Middle Atlantic,1. Industrial,1. <=Good,2. No,4.25527250510331
2009,68,2. Married,1. White,College Grad,2. Middle Atlantic,2. Information,1. <=Good,1. Yes,4.664522212591145
2003,65,2. Married,4. Other,HS Grad,2. Middle Atlantic,1. Industrial,2. >=Very Good,2. No,4.334831777486197
2007,37,1. Never Married,1. White,College Grad,2. Middle Atlantic,2. Information,2. >=Very Good,2. No,4.9485145962963895
2007,33,2. Married,1. White,College Grad,2. Middle Atlantic,2. Information,2. >=Very Good,1. Yes,5.014135879922935
2003,19,1. Never Married,1. White,HS Grad,2. Middle Atlantic,2. Information,2. >=Very Good,2. No,3.985381175036721
2004,50,2. Married,1. White,College Grad,2. Middle Atlantic,2. Information,2. >=Very Good,1. Yes,4.4457618621462025
2004,22,1. Never Married,1. White,Some College,2. Middle Atlantic,1. Industrial,1. <=Good,2. No,4.38738982633873
2004,40,2. Married,1. White,Some College,2. Middle Atlantic,2. Information,2. >=Very Good,1. Yes,4.49136169383427
2008,45,2. Married,1. White,Some College,2. Middle Atlantic,1. Industrial,2. >=Very Good,2. No,4.7634279935629404
2009,36,2. Married,1. White,Advanced Degree,2. Middle Atlantic,1. Industrial,2. >=Very Good,2. No,4.84509804001426
2005,37,2. Married,3. Asian,< HS Grad,2. Middle Atlantic,1. Industrial,2. >=Very Good,2. No,4.39794000867204
2003,24,1. Never Married,1. White,HS Grad,2. Middle Atlantic,1. Industrial,1. <=Good,2. No,3.9217394202527966
2007,66,2. Married,2. Black,< HS Grad,2. Middle Atlantic,2. Information,2. >=Very Good,1. Yes,4.60205999132796
2004,35,2. Married,3. Asian,< HS Grad,2. Middle Atlantic,1. Industrial,1. <=Good,2. No,4.14612803567824
2009,33,1. Never Married,1. White,College Grad,2. Middle Atlantic,2. Information,2. >=Very Good,1. Yes,5.2603647511358655
2005,44,2. Married,1. White,Some College,2. Middle Atlantic,1. Industrial,1. <=Good,1. Yes,4.6232492903979
2004,48,1. Never Married,1. White,Some College,2. Middle Atlantic,2. Information,2. >=Very Good,1. Yes,4.68124123737559
2009,47,2. Married,1. White,HS Grad,2. Middle Atlantic,2. Information,2. >=Very Good,2. No,3.927326867223267
2004,41,2. Married,1. White,Some College,2. Middle Atlantic,1. Industrial,2. >=Very Good,1. Yes,4.60205999132796
2005,55,2. Married,1. White,College Grad,2. Middle Atlantic,2. Information,2. >=Very Good,1. Yes,4.0330422368457555
2008,74,4. Divorced,2. Black,Advanced Degree,2. Middle Atlantic,2. Information,2. >=Very Good,2. No,5
2007,33,1. Never Married,1. White,College Grad,2. Middle Atlantic,2. Information,2. >=Very Good,1. Yes,4.633623877987152
2003,62,2. Married,1. White,Advanced Degree,2. Middle Atlantic,2. Information,1. <=Good,1. Yes,4.8750612633917
2004,56,4. Divorced,1. White,HS Grad,2. Middle Atlantic,1. Industrial,1. <=Good,1. Yes,4.698811419573885
2006,29,1. Never Married,1. White,Advanced Degree,2. Middle Atlantic,2. Information,2. >=Very Good,1. Yes,4.60205999132796
2009,56,1. Never Married,2. Black,< HS Grad,2. Middle Atlantic,2. Information,1. <=Good,2. No,4.38021124171161
2009,47,2. Married,2. Black,Advanced Degree,2. Middle Atlantic,2. Information,2. >=Very Good,1. Yes,5.07918124604763
2005,45,2. Married,1. White,HS Grad,2. Middle Atlantic,2. Information,2. >=Very Good,1. Yes,4.968747828669531
2007,44,2. Married,1. White,College Grad,2. Middle Atlantic,2. Information,2. >=Very Good,1. Yes,5.038659593561389
2004,25,1. Never Married,1. White,College Grad,2. Middle Atlantic,2. Information,2. >=Very Good,1. Yes,4.359988081266004
2005,45,4. Divorced,2. Black,Some College,2. Middle Atlantic,2. Information,2. >=Very Good,2. No,4.32221929473392
2005,40,2. Married,1. White,College Grad,2. Middle Atlantic,2. Information,2. >=Very Good,1. Yes,4.969010835993609
2003,56,2. Married,1. White,HS Grad,2. Middle Atlantic,2. Information,1. <=Good,1. Yes,4.884179297502632
2005,56,2. Married,3. Asian,Some College,2. Middle Atlantic,2. Information,2. >=Very Good,1. Yes,4.40654018043396
2003,47,2. Married,3. Asian,College Grad,2. Middle Atlantic,1. Industrial,2. >=Very Good,1. Yes,5.24239523188658
2007,39,2. Married,1. White,HS Grad,2. Middle Atlantic,1. Industrial,2. >=Very Good,1. Yes,4.983308355844802
2005,38,2. Married,1. White,Some College,2. Middle Atlantic,2. Information,2. >=Very Good,1. Yes,4.7979596437372
2009,48,2. Married,1. White,HS Grad,2. Middle Atlantic,1. Industrial,2. >=Very Good,2. No,4.581816679541217
2005,44,2. Married,2. Black,HS Grad,2. Middle Atlantic,1. Industrial,1. <=Good,2. No,4.769951209793514
2003,42,2. Married,1. White,Advanced Degree,2. Middle Atlantic,2. Information,2. >=Very Good,2. No,4.81954393554187
2009,55,2. Married,1. White,HS Grad,2. Middle Atlantic,1. Industrial,2. >=Very Good,1. Yes,4.663124715059082
2006,61,1. Never Married,1. White,Advanced Degree,2. Middle Atlantic,1. Industrial,2. >=Very Good,2. No,4.41497334797082
2006,39,2. Married,1. White,HS Grad,2. Middle Atlantic,1. Industrial,1. <=Good,1. Yes,4.661513514833183
2005,30,2. Married,2. Black,Some College,2. Middle Atlantic,1. Industrial,2. >=Very Good,2. No,4.65321251377534
2009,49,4. Divorced,1. White,HS Grad,2. Middle Atlantic,1. Industrial,1. <=Good,1. Yes,4.700826793689172
2006,33,2. Married,1. White,College Grad,2. Middle Atlantic,2. Information,2. >=Very Good,1. Yes,5.018313083947387
2006,31,2. Married,1. White,< HS Grad,2. Middle Atlantic,1. Industrial,1. <=Good,2. No,4.39794000867204
2005,35,1. Never Married,3. Asian,HS Grad,2. Middle Atlantic,1. Industrial,2. >=Very Good,1. Yes,4.263427783516566
2003,55,2. Married,1. White,HS Grad,2. Middle Atlantic,1. Industrial,2. >=Very Good,1. Yes,4.214966064001208
2008,36,2. Married,1. White,HS Grad,2. Middle Atlantic,1. Industrial,2. >=Very Good,1. Yes,4.9862861010174475
2003,37,2. Married,1. White,HS Grad,2. Middle Atlantic,1. Industrial,2. >=Very Good,2. No,4.940006969297902
2006,33,2. Married,1. White,HS Grad,2. Middle Atlantic,1. Industrial,2. >=Very Good,1. Yes,4.864902883426757
2006,48,2. Married,1. White,HS Grad,2. Middle Atlantic,1. Industrial,1. <=Good,1. Yes,4.74150018054583
2004,47,2. Married,3. Asian,Some College,2. Middle Atlantic,1. Industrial,2. >=Very Good,1. Yes,4.77815125038364
2003,60,2. Married,1. White,Some College,2. Middle Atlantic,2. Information,1. <=Good,1. Yes,4.81291335664286
2004,28,1. Never Married,1. White,College Grad,2. Middle Atlantic,2. Information,1. <=Good,1. Yes,4.574872950659809
2005,28,2. Married,1. White,Some College,2. Middle Atlantic,2. Information,2. >=Very Good,1. Yes,4.63346845557959
2005,48,2. Married,1. White,College Grad,2. Middle Atlantic,2. Information,2. >=Very Good,1. Yes,5.263648811966553
2009,29,2. Married,1. White,Advanced Degree,2. Middle Atlantic,2. Information,2. >=Very Good,2. No,4.7634279935629404
2004,40,1. Never Married,1. White,HS Grad,2. Middle Atlantic,1. Industrial,1. <=Good,1. Yes,4.744857392798098
2009,32,1. Never Married,1. White,Advanced Degree,2. Middle Atlantic,2. Information,2. >=Very Good,1. Yes,4.60530504614111
2004,33,4. Divorced,1. White,HS Grad,2. Middle Atlantic,2. Information,2. >=Very Good,2. No,4.233580553260743
2003,40,4. Divorced,1. White,HS Grad,2. Middle Atlantic,1. Industrial,2. >=Very Good,1. Yes,4.871635832840891
2004,42,2. Married,1. White,Some College,2. Middle Atlantic,1. Industrial,2. >=Very Good,1. Yes,5
2003,36,2. Married,1. White,HS Grad,2. Middle Atlantic,1. Industrial,2. >=Very Good,2. No,4.994283092573245
2004,39,2. Married,2. Black,< HS Grad,2. Middle Atlantic,1. Industrial,1. <=Good,2. No,4.30102999566398
2009,44,2. Married,1. White,Advanced Degree,2. Middle Atlantic,2. Information,2. >=Very Good,1. Yes,5.59061783348625
2009,43,2. Married,1. White,HS Grad,2. Middle Atlantic,1. Industrial,2. >=Very Good,2. No,5.090565845543962
2008,44,2. Married,1. White,< HS Grad,2. Middle Atlantic,1. Industrial,2. >=Very Good,1. Yes,4.56820172406699
2006,29,2. Married,3. Asian,Advanced Degree,2. Middle Atlantic,2. Information,2. >=Very Good,1. Yes,4.47712125471966
2007,49,2. Married,2. Black,Some College,2. Middle Atlantic,2. Information,2. >=Very Good,1. Yes,4.65321251377534
2007,47,2. Married,2. Black,Some College,2. Middle Atlantic,2. Information,2. >=Very Good,1. Yes,4.8750612633917
2004,46,2. Married,3. Asian,Advanced Degree,2. Middle Atlantic,2. Information,2. >=Very Good,1. Yes,5.24990244443139
2006,41,4. Divorced,1. White,< HS Grad,2. Middle Atlantic,1. Industrial,2. >=Very Good,1. Yes,4.77085201164214
2008,52,2. Married,1. White,HS Grad,2. Middle Atlantic,2. Information,1. <=Good,2. No,4.364584968937574
2003,43,4. Divorced,1. White,HS Grad,2. Middle Atlantic,2. Information,2. >=Very Good,1. Yes,4.449930022972973
2004,38,2. Married,1. White,Advanced Degree,2. Middle Atlantic,2. Information,2. >=Very Good,1. Yes,5
2003,42,2. Married,1. White,Some College,2. Middle Atlantic,2. Information,2. >=Very Good,1. Yes,4.31005573775089
2005,56,2. Married,2. Black,College Grad,2. Middle Atlantic,1. Industrial,2. >=Very Good,2. No,4.7097309992632
2003,39,2. Married,1. White,HS Grad,2. Middle Atlantic,1. Industrial,2. >=Very Good,1. Yes,5.0264567278471475
2005,29,2. Married,2. Black,Some College,2. Middle Atlantic,2. Information,2. >=Very Good,1. Yes,4.47712125471966
2009,33,2. Married,1. White,Advanced Degree,2. Middle Atlantic,2. Information,2. >=Very Good,1. Yes,5.59061783348625
2004,33,2. Married,1. White,HS Grad,2. Middle Atlantic,1. Industrial,2. >=Very Good,2. No,4.784638127014739
2004,41,2. Married,1. White,HS Grad,2. Middle Atlantic,2. Information,2. >=Very Good,2. No,4.7046931626972786
2004,44,1. Never Married,2. Black,< HS Grad,2. Middle Atlantic,2. Information,1. <=Good,1. Yes,4.25527250510331
2005,45,2. Married,1. White,Advanced Degree,2. Middle Atlantic,2. Information,2. >=Very Good,1. Yes,5.30102999566398
2004,58,2. Married,1. White,HS Grad,2. Middle Atlantic,2. Information,2. >=Very Good,1. Yes,4.518630182903385
2005,29,2. Married,1. White,Some College,2. Middle Atlantic,1. Industrial,2. >=Very Good,1. Yes,4.63346845557959
2004,42,4. Divorced,1. White,HS Grad,2. Middle Atlantic,1. Industrial,2. >=Very Good,2. No,4.303072002081679
2008,68,2. Married,1. White,HS Grad,2. Middle Atlantic,1. Industrial,2. >=Very Good,1. Yes,4.654374631215479
2005,47,2. Married,1. White,Advanced Degree,2. Middle Atlantic,2. Information,1. <=Good,1. Yes,4.84509804001426
2005,30,2. Married,2. Black,College Grad,2. Middle Atlantic,2. Information,2. >=Very Good,2. No,4.478519910707153
2005,39,2. Married,1. White,< HS Grad,2. Middle Atlantic,2. Information,2. >=Very Good,2. No,4.21748394421391
2008,42,2. Married,1. White,College Grad,2. Middle Atlantic,1. Industrial,2. >=Very Good,1. Yes,4.736259551448563
2006,49,2. Married,1. White,Some College,2. Middle Atlantic,1. Industrial,2. >=Very Good,1. Yes,5.10720996964787
2009,36,1. Never Married,1. White,HS Grad,2. Middle Atlantic,1. Industrial,1. <=Good,1. Yes,4.792000301026968
2003,44,2. Married,3. Asian,HS Grad,2. Middle Atlantic,2. Information,1. <=Good,1. Yes,4.716328315445233
2009,54,2. Married,1. White,HS Grad,2. Middle Atlantic,2. Information,2. >=Very Good,1. Yes,4.35436769870816
2003,42,2. Married,1. White,HS Grad,2. Middle Atlantic,1. Industrial,1. <=Good,1. Yes,4.410709936528349
2003,39,2. Married,1. White,College Grad,2. Middle Atlantic,1. Industrial,2. >=Very Good,1. Yes,4.909147414968431
2008,30,2. Married,3. Asian,HS Grad,2. Middle Atlantic,2. Information,2. >=Very Good,2. No,4.260741246961302
2004,33,1. Never Married,2. Black,HS Grad,2. Middle Atlantic,2. Information,2. >=Very Good,2. No,4.341431221307962
2003,28,2. Married,1. White,HS Grad,2. Middle Atlantic,2. Information,2. >=Very Good,1. Yes,4.412017469291692
2003,38,2. Married,1. White,HS Grad,2. Middle Atlantic,1. Industrial,2. >=Very Good,1. Yes,4.496877762889158
2005,30,2. Married,4. Other,Some College,2. Middle Atlantic,1. Industrial,2. >=Very Good,1. Yes,4.41497334797082
2008,25,1. Never Married,1. White,Advanced Degree,2. Middle Atlantic,1. Industrial,2. >=Very Good,1. Yes,4.77815125038364
2007,52,2. Married,2. Black,HS Grad,2. Middle Atlantic,2. Information,2. >=Very Good,1. Yes,4.355059096793574
2007,26,2. Married,1. White,HS Grad,2. Middle Atlantic,1. Industrial,1. <=Good,2. No,4.268492308829457
2009,54,2. Married,1. White,College Grad,2. Middle Atlantic,1. Industrial,2. >=Very Good,1. Yes,4.972417623257264
2005,62,2. Married,1. White,College Grad,2. Middle Atlantic,2. Information,2. >=Very Good,2. No,4.653932820838572
2009,57,2. Married,3. Asian,Advanced Degree,2. Middle Atlantic,2. Information,1. <=Good,1. Yes,4.95424250943933
2003,32,2. Married,1. White,College Grad,2. Middle Atlantic,1. Industrial,2. >=Very Good,1. Yes,4.945288814196483
2003,60,2. Married,1. White,HS Grad,2. Middle Atlantic,1. Industrial,2. >=Very Good,1. Yes,3.5255586897755498
2004,40,2. Married,1. White,College Grad,2. Middle Atlantic,2. Information,2. >=Very Good,1. Yes,4.856831510247727
2005,49,2. Married,1. White,HS Grad,2. Middle Atlantic,1. Industrial,2. >=Very Good,2. No,4.748839816200193
2006,54,2. Married,1. White,College Grad,2. Middle Atlantic,1. Industrial,2. >=Very Good,1. Yes,4.84003511605898
2009,48,1. Never Married,1. White,Advanced Degree,2. Middle Atlantic,2. Information,2. >=Very Good,1. Yes,5
2009,35,1. Never Married,1. White,< HS Grad,2. Middle Atlantic,1. Industrial,2. >=Very Good,1. Yes,4.30102999566398
2009,46,4. Divorced,1. White,HS Grad,2. Middle Atlantic,2. Information,1. <=Good,1. Yes,4.932752543784815
2007,42,2. Married,1. White,HS Grad,2. Middle Atlantic,1. Industrial,2. >=Very Good,1. Yes,4.682388386255052
2004,58,2. Married,1. White,College Grad,2. Middle Atlantic,2. Information,2. >=Very Good,1. Yes,5.60688524128857
2003,30,1. Never Married,1. White,College Grad,2. Middle Atlantic,2. Information,2. >=Very Good,1. Yes,5.30102999566398
2008,27,1. Never Married,1. White,HS Grad,2. Middle Atlantic,1. Industrial,2. >=Very Good,1. Yes,4.510656170711481
2008,55,2. Married,1. White,< HS Grad,2. Middle Atlantic,1. Industrial,2. >=Very Good,1. Yes,4.69897000433602
2004,50,2. Married,1. White,HS Grad,2. Middle Atlantic,1. Industrial,2. >=Very Good,2. No,4.016738937627697
2006,55,4. Divorced,1. White,HS Grad,2. Middle Atlantic,1. Industrial,1. <=Good,1. Yes,4.795440617492674
2006,40,2. Married,1. White,Some College,2. Middle Atlantic,1. Industrial,2. >=Very Good,1. Yes,4.98227123303957
2005,32,2. Married,1. White,HS Grad,2. Middle Atlantic,2. Information,1. <=Good,2. No,4.649474773023972
2006,27,2. Married,1. White,HS Grad,2. Middle Atlantic,1. Industrial,1. <=Good,1. Yes,4.678746436014917
2007,49,2. Married,1. White,Some College,2. Middle Atlantic,2. Information,2. >=Very Good,1. Yes,4.67209785793572
2007,50,2. Married,1. White,College Grad,2. Middle Atlantic,2. Information,1. <=Good,1. Yes,4.673446982530748
2006,50,2. Married,1. White,< HS Grad,2. Middle Atlantic,1. Industrial,1. <=Good,1. Yes,4.47712125471966
2008,44,2. Married,1. White,Advanced Degree,2. Middle Atlantic,2. Information,2. >=Very Good,1. Yes,4.9731278535997
2007,57,2. Married,3. Asian,Advanced Degree,2. Middle Atlantic,2. Information,1. <=Good,1. Yes,5.07773117965239
2008,72,2. Married,2. Black,Advanced Degree,2. Middle Atlantic,1. Industrial,1. <=Good,2. No,4.47712125471966
2006,23,1. Never Married,1. White,< HS Grad,2. Middle Atlantic,1. Industrial,1. <=Good,2. No,4.17609125905568
2007,31,1. Never Married,1. White,Advanced Degree,2. Middle Atlantic,2. Information,2. >=Very Good,1. Yes,5.17609125905568
2008,36,2. Married,1. White,HS Grad,2. Middle Atlantic,2. Information,2. >=Very Good,2. No,4.159860037963997
2009,63,2. Married,2. Black,Some College,2. Middle Atlantic,1. Industrial,2. >=Very Good,1. Yes,4.69897000433602
2006,48,2. Married,1. White,< HS Grad,2. Middle Atlantic,1. Industrial,1. <=Good,2. No,4.40303468374459
2005,46,2. Married,1. White,College Grad,2. Middle Atlantic,1. Industrial,2. >=Very Good,2. No,4.727507294142451
2003,55,2. Married,1. White,College Grad,2. Middle Atlantic,1. Industrial,2. >=Very Good,1. Yes,4.898135905953876
2007,44,2. Married,1. White,Advanced Degree,2. Middle Atlantic,2. Information,2. >=Very Good,1. Yes,5.07918124604763
2006,44,2. Married,1. White,Some College,2. Middle Atlantic,1. Industrial,2. >=Very Good,1. Yes,4.54406804435028
2004,32,2. Married,4. Other,< HS Grad,2. Middle Atlantic,1. Industrial,1. <=Good,2. No,4
2003,60,2. Married,1. White,< HS Grad,2. Middle Atlantic,1. Industrial,2. >=Very Good,1. Yes,4.30102999566398
2004,42,2. Married,1. White,Advanced Degree,2. Middle Atlantic,2. Information,2. >=Very Good,1. Yes,5.07918124604763
2009,48,2. Married,2. Black,Advanced Degree,2. Middle Atlantic,2. Information,2. >=Very Good,1. Yes,5
2008,36,2. Married,1. White,< HS Grad,2. Middle Atlantic,1. Industrial,2. >=Very Good,2. No,4.47713573096112
2009,31,2. Married,1. White,HS Grad,2. Middle Atlantic,1. Industrial,1. <=Good,1. Yes,4.801522802323593
2006,54,2. Married,1. White,HS Grad,2. Middle Atlantic,2. Information,2. >=Very Good,1. Yes,4.689653862422656
2007,29,2. Married,1. White,Some College,2. Middle Atlantic,1. Industrial,2. >=Very Good,1. Yes,4.67209785793572
2003,46,4. Divorced,1. White,Some College,2. Middle Atlantic,1. Industrial,2. >=Very Good,2. No,4.83884909073726
2003,35,4. Divorced,1. White,HS Grad,2. Middle Atlantic,1. Industrial,2. >=Very Good,2. No,5.01807687495294
2009,50,2. Married,1. White,< HS Grad,2. Middle Atlantic,2. Information,1. <=Good,1. Yes,4.53147891704226
2005,25,2. Married,1. White,Some College,2. Middle Atlantic,1. Industrial,2. >=Very Good,1. Yes,4
2005,33,1. Never Married,1. White,Some College,2. Middle Atlantic,2. Information,1. <=Good,2. No,4.56820172406699
2008,34,2. Married,1. White,HS Grad,2. Middle Atlantic,1. Industrial,2. >=Very Good,1. Yes,4.824058645560162
2006,51,2. Married,2. Black,HS Grad,2. Middle Atlantic,1. Industrial,1. <=Good,1. Yes,4.565080001155509
2004,33,2. Married,1. White,HS Grad,2. Middle Atlantic,1. Industrial,2. >=Very Good,1. Yes,4.671043109521639
2007,59,2. Married,1. White,Some College,2. Middle Atlantic,2. Information,2. >=Very Good,1. Yes,4.93449845124357
2006,62,5. Separated,2. Black,< HS Grad,2. Middle Atlantic,1. Industrial,2. >=Very Good,1. Yes,4.39794000867204
2005,28,5. Separated,1. White,HS Grad,2. Middle Atlantic,1. Industrial,2. >=Very Good,1. Yes,4.5992940770349104
2008,40,2. Married,1. White,Some College,2. Middle Atlantic,2. Information,1. <=Good,1. Yes,4.47712125471966
2003,52,2. Married,1. White,Advanced Degree,2. Middle Atlantic,1. Industrial,2. >=Very Good,1. Yes,4.92941892571429
2007,29,2. Married,1. White,HS Grad,2. Middle Atlantic,1. Industrial,2. >=Very Good,2. No,4.363351773581248
2007,34,2. Married,1. White,< HS Grad,2. Middle Atlantic,1. Industrial,2. >=Very Good,1. Yes,4.53147891704226
2004,25,1. Never Married,1. White,HS Grad,2. Middle Atlantic,1. Industrial,2. >=Very Good,2. No,4.1819222265918246
2005,66,2. Married,1. White,College Grad,2. Middle Atlantic,1. Industrial,2. >=Very Good,1. Yes,4.527452482575532
2005,43,2. Married,1. White,HS Grad,2. Middle Atlantic,2. Information,1. <=Good,1. Yes,4.162111102302415
2007,45,2. Married,2. Black,HS Grad,2. Middle Atlantic,2. Information,2. >=Very Good,2. No,4.505901543115804
2006,35,2. Married,1. White,Advanced Degree,2. Middle Atlantic,2. Information,2. >=Very Good,1. Yes,4.74036268949424
2005,43,2. Married,1. White,HS Grad,2. Middle Atlantic,2. Information,2. >=Very Good,1. Yes,4.729798231498102
2007,49,2. Married,1. White,College Grad,2. Middle Atlantic,2. Information,2. >=Very Good,1. Yes,4.697562448565505
2004,60,1. Never Married,2. Black,< HS Grad,2. Middle Atlantic,2. Information,1. <=Good,1. Yes,4.34439227368511
2003,46,2. Married,1. White,HS Grad,2. Middle Atlantic,2. Information,2. >=Very Good,2. No,4.567850008848062
2009,55,2. Married,1. White,HS Grad,2. Middle Atlantic,1. Industrial,2. >=Very Good,1. Yes,4.355975156314804
2006,32,2. Married,1. White,Some College,2. Middle Atlantic,1. Industrial,2. >=Very Good,1. Yes,4.77815125038364
2007,53,2. Married,1. White,HS Grad,2. Middle Atlantic,1. Industrial,2. >=Very Good,2. No,4.86392953036018
2009,57,2. Married,1. White,College Grad,2. Middle Atlantic,2. Information,2. >=Very Good,1. Yes,4.993725885240519
2007,51,2. Married,1. White,Advanced Degree,2. Middle Atlantic,2. Information,1. <=Good,1. Yes,5.64100585131578
2004,59,2. Married,1. White,Advanced Degree,2. Middle Atlantic,2. Information,2. >=Very Good,1. Yes,5.20411998265593
2006,45,2. Married,1. White,Some College,2. Middle Atlantic,2. Information,1. <=Good,1. Yes,4.77995705124691
2006,56,1. Never Married,1. White,HS Grad,2. Middle Atlantic,1. Industrial,1. <=Good,1. Yes,4.1528380056491105
2005,30,2. Married,1. White,HS Grad,2. Middle Atlantic,1. Industrial,2. >=Very Good,1. Yes,4.538388308186638
2006,21,1. Never Married,1. White,HS Grad,2. Middle Atlantic,1. Industrial,2. >=Very Good,2. No,4.260040854686733
2003,60,2. Married,1. White,College Grad,2. Middle Atlantic,1. Industrial,2. >=Very Good,1. Yes,5.008976576075602
2007,60,2. Married,1. White,HS Grad,2. Middle Atlantic,2. Information,2. >=Very Good,1. Yes,4.5926225353591645
2007,48,4. Divorced,1. White,< HS Grad,2. Middle Atlantic,1. Industrial,2. >=Very Good,1. Yes,4.69897000433602
2003,39,4. Divorced,1. White,College Grad,2. Middle Atlantic,2. Information,2. >=Very Good,2. No,4.598587449147109
2009,32,1. Never Married,1. White,Some College,2. Middle Atlantic,2. Information,2. >=Very Good,1. Yes,4.7481880270062
2007,51,2. Married,2. Black,Advanced Degree,2. Middle Atlantic,2. Information,2. >=Very Good,1. Yes,5.25527250510331
2006,47,2. Married,1. White,College Grad,2. Middle Atlantic,1. Industrial,2. >=Very Good,2. No,4.610071244303056
2007,44,2. Married,1. White,HS Grad,2. Middle Atlantic,2. Information,1. <=Good,1. Yes,4.335144038861573
2008,46,2. Married,1. White,HS Grad,2. Middle Atlantic,1. Industrial,2. >=Very Good,1. Yes,5.113355679616029
2004,28,1. Never Married,1. White,College Grad,2. Middle Atlantic,1. Industrial,2. >=Very Good,1. Yes,3.877716002179401
2003,24,1. Never Married,1. White,College Grad,2. Middle Atlantic,2. Information,2. >=Very Good,2. No,4.631922528008608
2006,37,2. Married,1. White,HS Grad,2. Middle Atlantic,1. Industrial,2. >=Very Good,2. No,4.66790778052666
2006,31,2. Married,1. White,HS Grad,2. Middle Atlantic,1. Industrial,2. >=Very Good,1. Yes,4.596985618842309
2004,72,2. Married,1. White,HS Grad,2. Middle Atlantic,2. Information,1. <=Good,1. Yes,4.4303776324109
2008,50,2. Married,1. White,Some College,2. Middle Atlantic,1. Industrial,1. <=Good,1. Yes,4.6232492903979
2007,36,2. Married,1. White,Some College,2. Middle Atlantic,1. Industrial,2. >=Very Good,1. Yes,4.97772360528885
2006,27,1. Never Married,2. Black,HS Grad,2. Middle Atlantic,1. Industrial,2. >=Very Good,1. Yes,4.430401387392848
2009,27,2. Married,1. White,Some College,2. Middle Atlantic,1. Industrial,2. >=Very Good,1. Yes,4.50514997831991
2004,41,2. Married,1. White,College Grad,2. Middle Atlantic,1. Industrial,2. >=Very Good,2. No,4.77421348257805
2008,20,1. Never Married,1. White,Some College,2. Middle Atlantic,2. Information,2. >=Very Good,2. No,4.41497334797082
2008,49,2. Married,2. Black,HS Grad,2. Middle Atlantic,1. Industrial,2. >=Very Good,1. Yes,4.302749553416457
2007,25,1. Never Married,1. White,HS Grad,2. Middle Atlantic,1. Industrial,2. >=Very Good,1. Yes,4.195116748123538
2006,41,2. Married,3. Asian,< HS Grad,2. Middle Atlantic,1. Industrial,1. <=Good,1. Yes,4.49415459401844
2009,53,1. Never Married,1. White,HS Grad,2. Middle Atlantic,1. Industrial,1. <=Good,1. Yes,4.309110302824144
2009,45,2. Married,1. White,College Grad,2. Middle Atlantic,1. Industrial,1. <=Good,2. No,4.8654226678766985
2003,32,2. Married,1. White,< HS Grad,2. Middle Atlantic,1. Industrial,2. >=Very Good,2. No,4.20411998265593
2005,47,2. Married,1. White,Some College,2. Middle Atlantic,2. Information,2. >=Very Good,1. Yes,5
2003,26,2. Married,1. White,HS Grad,2. Middle Atlantic,1. Industrial,2. >=Very Good,1. Yes,4.701530512380636
2009,31,2. Married,2. Black,Some College,2. Middle Atlantic,2. Information,2. >=Very Good,1. Yes,4.89209460269048
2007,32,2. Married,3. Asian,Advanced Degree,2. Middle Atlantic,2. Information,2. >=Very Good,1. Yes,4.77815125038364
2006,50,4. Divorced,1. White,Advanced Degree,2. Middle Atlantic,2. Information,2. >=Very Good,1. Yes,4.78887511577542
2007,46,2. Married,1. White,HS Grad,2. Middle Atlantic,1. Industrial,2. >=Very Good,1. Yes,4.876388491247004
2006,47,2. Married,1. White,Advanced Degree,2. Middle Atlantic,2. Information,2. >=Very Good,1. Yes,4.72427586960079
2005,55,2. Married,1. White,Some College,2. Middle Atlantic,1. Industrial,1. <=Good,1. Yes,4.77815125038364
2005,49,2. Married,1. White,College Grad,2. Middle Atlantic,1. Industrial,2. >=Very Good,1. Yes,5.018628066208003
2004,25,2. Married,1. White,HS Grad,2. Middle Atlantic,1. Industrial,2. >=Very Good,1. Yes,4.026336354020619
2008,60,2. Married,1. White,HS Grad,2. Middle Atlantic,2. Information,2. >=Very Good,2. No,4.627277046338024
2008,62,2. Married,1. White,HS Grad,2. Middle Atlantic,1. Industrial,2. >=Very Good,1. Yes,4.487311787069007
2003,63,5. Separated,2. Black,HS Grad,2. Middle Atlantic,2. Information,2. >=Very Good,1. Yes,4.872921401584373
2004,31,1. Never Married,1. White,Advanced Degree,2. Middle Atlantic,2. Information,2. >=Very Good,1. Yes,4.85733249643127
2006,29,2. Married,1. White,College Grad,2. Middle Atlantic,1. Industrial,2. >=Very Good,1. Yes,4.526880799101503
2008,51,2. Married,1. White,HS Grad,2. Middle Atlantic,1. Industrial,2. >=Very Good,1. Yes,4.632696585694724
2007,28,2. Married,3. Asian,HS Grad,2. Middle Atlantic,1. Industrial,2. >=Very Good,2. No,4.3930753416276636
2005,36,1. Never Married,1. White,Some College,2. Middle Atlantic,2. Information,1. <=Good,1. Yes,4.81291335664286
2007,28,1. Never Married,1. White,Some College,2. Middle Atlantic,2. Information,2. >=Very Good,1. Yes,4.60205999132796
2004,38,2. Married,1. White,College Grad,2. Middle Atlantic,2. Information,2. >=Very Good,1. Yes,4.773875777773368
2008,35,2. Married,1. White,Some College,2. Middle Atlantic,1. Industrial,2. >=Very Good,1. Yes,4.56820172406699
2005,46,4. Divorced,1. White,Some College,2. Middle Atlantic,1. Industrial,2. >=Very Good,1. Yes,4.7634279935629404
2007,37,2. Married,1. White,Some College,2. Middle Atlantic,2. Information,2. >=Very Good,2. No,4.50514997831991
2005,41,4. Divorced,2. Black,Some College,2. Middle Atlantic,2. Information,2. >=Very Good,1. Yes,4.65321251377534
2006,59,2. Married,2. Black,Some College,2. Middle Atlantic,1. Industrial,1. <=Good,2. No,4.30102999566398
2006,51,2. Married,1. White,Some College,2. Middle Atlantic,1. Industrial,1. <=Good,2. No,4.68124123737559
2006,26,1. Never Married,2. Black,HS Grad,2. Middle Atlantic,1. Industrial,2. >=Very Good,1. Yes,4.585982727006974
2003,34,2. Married,2. Black,Some College,2. Middle Atlantic,1. Industrial,2. >=Very Good,1. Yes,4.09691001300806
2004,32,2. Married,1. White,HS Grad,2. Middle Atlantic,2. Information,2. >=Very Good,1. Yes,4.966882066518353
2007,23,1. Never Married,1. White,Some College,2. Middle Atlantic,1. Industrial,2. >=Very Good,1. Yes,4.39794000867204
2004,50,2. Married,1. White,HS Grad,2. Middle Atlantic,2. Information,2. >=Very Good,1. Yes,5.025489145389806
2009,25,1. Never Married,1. White,< HS Grad,2. Middle Atlantic,1. Industrial,2. >=Very Good,1. Yes,4.23552844690755
2004,43,2. Married,1. White,HS Grad,2. Middle Atlantic,1. Industrial,2. >=Very Good,1. Yes,4.517306307456786
2009,36,2. Married,2. Black,Some College,2. Middle Atlantic,1. Industrial,2. >=Very Good,1. Yes,4.85733249643127
2006,50,2. Married,1. White,HS Grad,2. Middle Atlantic,2. Information,1. <=Good,2. No,3.8580310876171238
2006,34,5. Separated,2. Black,HS Grad,2. Middle Atlantic,2. Information,2. >=Very Good,1. Yes,4.927585406906165
2005,34,1. Never Married,1. White,HS Grad,2. Middle Atlantic,1. Industrial,2. >=Very Good,2. No,4.8275490919411075
2005,55,2. Married,3. Asian,Advanced Degree,2. Middle Atlantic,2. Information,2. >=Very Good,1. Yes,5.62618633492728
2003,39,2. Married,2. Black,HS Grad,2. Middle Atlantic,1. Industrial,1. <=Good,2. No,4.449452898788944
2004,40,2. Married,1. White,< HS Grad,2. Middle Atlantic,1. Industrial,1. <=Good,1. Yes,4.41497334797082
2005,32,2. Married,1. White,Some College,2. Middle Atlantic,2. Information,1. <=Good,1. Yes,4.7634279935629404
2006,63,2. Married,1. White,HS Grad,2. Middle Atlantic,2. Information,1. <=Good,1. Yes,4.72366790636059
2004,38,1. Never Married,1. White,HS Grad,2. Middle Atlantic,1. Industrial,2. >=Very Good,2. No,4.946272617161775
2008,67,2. Married,3. Asian,HS Grad,2. Middle Atlantic,1. Industrial,1. <=Good,2. No,4.175337728743606
2005,39,2. Married,1. White,HS Grad,2. Middle Atlantic,1. Industrial,2. >=Very Good,1. Yes,5.035063832562268
2003,31,2. Married,3. Asian,HS Grad,2. Middle Atlantic,1. Industrial,1. <=Good,2. No,4.1831036150860825
2006,41,1. Never Married,1. White,Some College,2. Middle Atlantic,2. Information,2. >=Very Good,1. Yes,4.74036268949424
2003,47,2. Married,1. White,< HS Grad,2. Middle Atlantic,1. Industrial,2. >=Very Good,1. Yes,4.36172783601759
2009,61,2. Married,1. White,HS Grad,2. Middle Atlantic,1. Industrial,2. >=Very Good,1. Yes,4.8198035480643755
2005,61,2. Married,1. White,Advanced Degree,2. Middle Atlantic,1. Industrial,2. >=Very Good,1. Yes,5
2008,21,2. Married,4. Other,HS Grad,2. Middle Atlantic,1. Industrial,2. >=Very Good,2. No,3.9407683929564064
2004,22,1. Never Married,1. White,College Grad,2. Middle Atlantic,1. Industrial,1. <=Good,2. No,4.242434653108641
2003,53,2. Married,1. White,College Grad,2. Middle Atlantic,1. Industrial,2. >=Very Good,1. Yes,4.729487177723875
2004,47,2. Married,1. White,College Grad,2. Middle Atlantic,1. Industrial,2. >=Very Good,2. No,4.522797593777009
2005,36,2. Married,1. White,Some College,2. Middle Atlantic,1. Industrial,2. >=Very Good,1. Yes,4.85125834871908
2007,36,1. Never Married,1. White,HS Grad,2. Middle Atlantic,1. Industrial,2. >=Very Good,2. No,4.623169021713624
2005,42,2. Married,1. White,HS Grad,2. Middle Atlantic,1. Industrial,2. >=Very Good,1. Yes,4.884054530928868
2004,54,4. Divorced,1. White,Some College,2. Middle Atlantic,1. Industrial,2. >=Very Good,2. No,4.65321251377534
2004,27,2. Married,1. White,Some College,2. Middle Atlantic,1. Industrial,1. <=Good,1. Yes,4.47712125471966
2004,36,2. Married,1. White,HS Grad,2. Middle Atlantic,1. Industrial,2. >=Very Good,1. Yes,5.1731171384993875
2006,35,1. Never Married,1. White,HS Grad,2. Middle Atlantic,2. Information,1. <=Good,2. No,4.5593852013361404
2003,60,2. Married,1. White,HS Grad,2. Middle Atlantic,1. Industrial,2. >=Very Good,1. Yes,4.541621013628486
2005,42,5. Separated,1. White,HS Grad,2. Middle Atlantic,1. Industrial,1. <=Good,1. Yes,4.603615144296425
2008,41,2. Married,2. Black,Advanced Degree,2. Middle Atlantic,2. Information,2. >=Very Good,1. Yes,4.81291335664286
2004,35,1. Never Married,2. Black,Some College,2. Middle Atlantic,1. Industrial,1. <=Good,1. Yes,4.88016738443536
2006,34,1. Never Married,2. Black,Advanced Degree,2. Middle Atlantic,2. Information,2. >=Very Good,1. Yes,5.73518995947785
2007,22,1. Never Married,1. White,HS Grad,2. Middle Atlantic,1. Industrial,1. <=Good,1. Yes,4.270142947097558
2007,47,2. Married,1. White,HS Grad,2. Middle Atlantic,1. Industrial,2. >=Very Good,2. No,4.3622753694993675
2004,59,2. Married,1. White,HS Grad,2. Middle Atlantic,1. Industrial,2. >=Very Good,1. Yes,4.693619241781909
2007,29,1. Never Married,1. White,Some College,2. Middle Atlantic,2. Information,2. >=Very Good,1. Yes,4.64345267648619
2006,32,1. Never Married,1. White,< HS Grad,2. Middle Atlantic,2. Information,2. >=Very Good,1. Yes,4.54406804435028
2003,49,2. Married,1. White,College Grad,2. Middle Atlantic,1. Industrial,2. >=Very Good,1. Yes,4.942787177090329
2009,30,1. Never Married,1. White,Some College,2. Middle Atlantic,2. Information,2. >=Very Good,1. Yes,4.66651798055488
2003,33,1. Never Married,3. Asian,HS Grad,2. Middle Atlantic,1. Industrial,1. <=Good,1. Yes,4.890244026693247
2007,51,2. Married,1. White,HS Grad,2. Middle Atlantic,1. Industrial,1. <=Good,1. Yes,4.686765796926545
2003,37,2. Married,1. White,HS Grad,2. Middle Atlantic,1. Industrial,2. >=Very Good,2. No,4.268569036408219
2003,46,2. Married,1. White,Some College,2. Middle Atlantic,1. Industrial,2. >=Very Good,1. Yes,4.8750612633917
2007,63,2. Married,1. White,Advanced Degree,2. Middle Atlantic,2. Information,2. >=Very Good,1. Yes,4.69897000433602
2005,41,2. Married,1. White,HS Grad,2. Middle Atlantic,1. Industrial,2. >=Very Good,2. No,4.693941919823705
2005,40,2. Married,1. White,HS Grad,2. Middle Atlantic,1. Industrial,1. <=Good,1. Yes,4.897712639686772
2007,46,2. Married,1. White,Advanced Degree,2. Middle Atlantic,2. Information,2. >=Very Good,1. Yes,5.64100585131578
2005,45,4. Divorced,1. White,HS Grad,2. Middle Atlantic,2. Information,2. >=Very Good,1. Yes,4.5034323118646205
2008,48,1. Never Married,1. White,College Grad,2. Middle Atlantic,1. Industrial,2. >=Very Good,1. Yes,5.30102999566398
2007,28,2. Married,1. White,Some College,2. Middle Atlantic,2. Information,2. >=Very Good,2. No,4.47712125471966
2009,65,4. Divorced,2. Black,HS Grad,2. Middle Atlantic,1. Industrial,1. <=Good,2. No,4.4892448502311115
2005,50,1. Never Married,1. White,HS Grad,2. Middle Atlantic,1. Industrial,2. >=Very Good,2. No,4.454435591506694
2008,53,2. Married,1. White,HS Grad,2. Middle Atlantic,1. Industrial,2. >=Very Good,2. No,4.6150457915370975
2007,48,2. Married,3. Asian,HS Grad,2. Middle Atlantic,1. Industrial,2. >=Very Good,2. No,4.551573338330383
2003,30,2. Married,1. White,Some College,2. Middle Atlantic,2. Information,2. >=Very Good,2. No,4.69897000433602
2006,37,2. Married,1. White,HS Grad,2. Middle Atlantic,2. Information,2. >=Very Good,1. Yes,4.758893670836973
2004,51,2. Married,1. White,College Grad,2. Middle Atlantic,2. Information,2. >=Very Good,1. Yes,4.371363596777292
2008,55,2. Married,1. White,Advanced Degree,2. Middle Atlantic,2. Information,2. >=Very Good,1. Yes,5.11394335230684
2004,35,2. Married,1. White,HS Grad,2. Middle Atlantic,2. Information,2. >=Very Good,1. Yes,4.60792532337056
2006,33,2. Married,1. White,HS Grad,2. Middle Atlantic,1. Industrial,2. >=Very Good,1. Yes,4.876559819326647
2008,41,4. Divorced,1. White,College Grad,2. Middle Atlantic,2. Information,1. <=Good,1. Yes,4.894339573974935
2003,34,2. Married,1. White,Advanced Degree,2. Middle Atlantic,2. Information,2. >=Very Good,1. Yes,4.56820172406699
2006,33,2. Married,1. White,HS Grad,2. Middle Atlantic,1. Industrial,2. >=Very Good,2. No,4.441839429785735
2008,49,1. Never Married,1. White,< HS Grad,2. Middle Atlantic,1. Industrial,2. >=Very Good,1. Yes,4.39794000867204
2006,62,2. Married,1. White,Advanced Degree,2. Middle Atlantic,2. Information,2. >=Very Good,1. Yes,4.30102999566398
2004,31,1. Never Married,2. Black,< HS Grad,2. Middle Atlantic,2. Information,1. <=Good,1. Yes,4.69897000433602
2007,43,4. Divorced,1. White,< HS Grad,2. Middle Atlantic,2. Information,2. >=Very Good,2. No,4.60616631460762
2008,43,2. Married,2. Black,College Grad,2. Middle Atlantic,2. Information,2. >=Very Good,1. Yes,4.7974448485293015
2004,43,1. Never Married,1. White,Some College,2. Middle Atlantic,2. Information,2. >=Very Good,1. Yes,4.51851393987789
2009,48,2. Married,1. White,College Grad,2. Middle Atlantic,2. Information,1. <=Good,2. No,4.716841051358327
2003,48,2. Married,1. White,HS Grad,2. Middle Atlantic,2. Information,2. >=Very Good,2. No,4.252351700631668
2007,50,2. Married,1. White,College Grad,2. Middle Atlantic,2. Information,2. >=Very Good,1. Yes,4.93025372870362
2009,29,1. Never Married,3. Asian,College Grad,2. Middle Atlantic,2. Information,2. >=Very Good,2. No,4.451167792522127
2004,52,2. Married,1. White,Some College,2. Middle Atlantic,2. Information,2. >=Very Good,2. No,4.54406804435028
2004,46,1. Never Married,1. White,HS Grad,2. Middle Atlantic,2. Information,2. >=Very Good,2. No,4.320796867004395
2005,40,1. Never Married,1. White,HS Grad,2. Middle Atlantic,1. Industrial,2. >=Very Good,1. Yes,4.7891494333017635
2004,43,2. Married,1. White,HS Grad,2. Middle Atlantic,1. Industrial,1. <=Good,1. Yes,4.362579295645231
2006,54,2. Married,1. White,HS Grad,2. Middle Atlantic,1. Industrial,2. >=Very Good,1. Yes,4.6035644164736524
2006,38,1. Never Married,1. White,Advanced Degree,2. Middle Atlantic,2. Information,2. >=Very Good,1. Yes,4.68124123737559
2004,32,2. Married,1. White,Some College,2. Middle Atlantic,1. Industrial,1. <=Good,2. No,4.61909333062674
2008,28,1. Never Married,3. Asian,College Grad,2. Middle Atlantic,2. Information,2. >=Very Good,1. Yes,4.81351850514023
2005,33,1. Never Married,1. White,Advanced Degree,2. Middle Atlantic,1. Industrial,2. >=Very Good,1. Yes,4.97772360528885
2004,44,2. Married,1. White,Advanced Degree,2. Middle Atlantic,1. Industrial,2. >=Very Good,2. No,5.09691001300806
2006,41,2. Married,1. White,HS Grad,2. Middle Atlantic,2. Information,1. <=Good,2. No,4.515454457942394
2005,31,1. Never Married,1. White,< HS Grad,2. Middle Atlantic,1. Industrial,1. <=Good,2. No,3.69897000433602
2007,48,4. Divorced,1. White,College Grad,2. Middle Atlantic,2. Information,2. >=Very Good,1. Yes,4.5676284242228675
2007,50,2. Married,2. Black,College Grad,2. Middle Atlantic,1. Industrial,1. <=Good,2. No,4.695569657122081
2004,47,2. Married,1. White,College Grad,2. Middle Atlantic,1. Industrial,2. >=Very Good,1. Yes,4.967693058465316
2004,31,2. Married,2. Black,HS Grad,2. Middle Atlantic,1. Industrial,1. <=Good,2. No,4.570624092327135
2008,40,2. Married,1. White,HS Grad,2. Middle Atlantic,1. Industrial,1. <=Good,1. Yes,4.6539788900583785
2009,54,4. Divorced,1. White,Some College,2. Middle Atlantic,1. Industrial,1. <=Good,2. No,4.46239799789896
2004,24,1. Never Married,2. Black,HS Grad,2. Middle Atlantic,2. Information,2. >=Very Good,1. Yes,4.4319029903785045
2005,34,2. Married,1. White,HS Grad,2. Middle Atlantic,2. Information,2. >=Very Good,1. Yes,4.684589077836441
2003,65,2. Married,1. White,College Grad,2. Middle Atlantic,2. Information,2. >=Very Good,1. Yes,4.497153405969063
2007,28,2. Married,1. White,HS Grad,2. Middle Atlantic,1. Industrial,1. <=Good,1. Yes,4.776441439709718
2008,30,5. Separated,1. White,HS Grad,2. Middle Atlantic,2. Information,1. <=Good,1. Yes,4.4290482616487195
2009,45,2. Married,1. White,Some College,2. Middle Atlantic,1. Industrial,2. >=Very Good,2. No,5.11394335230684
2008,35,5. Separated,1. White,College Grad,2. Middle Atlantic,2. Information,2. >=Very Good,1. Yes,5.035076513248663
2005,46,2. Married,4. Other,Advanced Degree,2. Middle Atlantic,2. Information,2. >=Very Good,1. Yes,4.97772360528885
2003,47,2. Married,1. White,HS Grad,2. Middle Atlantic,1. Industrial,2. >=Very Good,2. No,4.406896932813795
2008,71,2. Married,1. White,HS Grad,2. Middle Atlantic,1. Industrial,1. <=Good,2. No,4.560957471344005
2003,39,2. Married,1. White,Some College,2. Middle Atlantic,2. Information,2. >=Very Good,1. Yes,4.8750612633917
2009,41,1. Never Married,1. White,< HS Grad,2. Middle Atlantic,1. Industrial,1. <=Good,2. No,4.23044892137827
2007,33,2. Married,1. White,HS Grad,2. Middle Atlantic,1. Industrial,2. >=Very Good,1. Yes,5.226347912472795
2009,76,4. Divorced,1. White,Advanced Degree,2. Middle Atlantic,2. Information,2. >=Very Good,1. Yes,5.17609125905568
2009,20,1. Never Married,1. White,HS Grad,2. Middle Atlantic,1. Industrial,2. >=Very Good,1. Yes,4.379467472965596
2006,34,2. Married,1. White,Advanced Degree,2. Middle Atlantic,2. Information,2. >=Very Good,1. Yes,4.90308998699194
2003,26,1. Never Married,1. White,College Grad,2. Middle Atlantic,2. Information,2. >=Very Good,1. Yes,4.531616098622204
2006,51,2. Married,1. White,College Grad,2. Middle Atlantic,2. Information,2. >=Very Good,1. Yes,4.90089070346904
2003,25,2. Married,1. White,< HS Grad,2. Middle Atlantic,1. Industrial,2. >=Very Good,1. Yes,4.38021124171161
2006,62,2. Married,1. White,Some College,2. Middle Atlantic,1. Industrial,2. >=Very Good,1. Yes,4.85733249643127
2006,37,2. Married,1. White,College Grad,2. Middle Atlantic,1. Industrial,2. >=Very Good,1. Yes,5.307754595059472
2009,37,1. Never Married,2. Black,Some College,2. Middle Atlantic,1. Industrial,2. >=Very Good,1. Yes,4.54406804435028
2007,32,2. Married,1. White,Some College,2. Middle Atlantic,1. Industrial,2. >=Very Good,2. No,4.49415459401844
2007,55,2. Married,1. White,Some College,2. Middle Atlantic,1. Industrial,2. >=Very Good,1. Yes,4.86923171973098
2009,36,2. Married,1. White,< HS Grad,2. Middle Atlantic,1. Industrial,2. >=Very Good,2. No,4.35024801833416
2006,39,2. Married,1. White,HS Grad,2. Middle Atlantic,1. Industrial,2. >=Very Good,1. Yes,5.3517183353907
2004,46,2. Married,1. White,College Grad,2. Middle Atlantic,2. Information,2. >=Very Good,1. Yes,5.289012999204444
2007,48,2. Married,1. White,College Grad,2. Middle Atlantic,2. Information,1. <=Good,2. No,5.011626341478046
2005,34,4. Divorced,1. White,College Grad,2. Middle Atlantic,2. Information,2. >=Very Good,1. Yes,5.094312236788164
2004,39,2. Married,1. White,Some College,2. Middle Atlantic,2. Information,1. <=Good,2. No,4.67209785793572
2005,50,2. Married,1. White,Advanced Degree,2. Middle Atlantic,1. Industrial,1. <=Good,2. No,4.7481880270062
2006,54,2. Married,1. White,Some College,2. Middle Atlantic,2. Information,2. >=Very Good,1. Yes,4.51851393987789
2007,60,2. Married,1. White,College Grad,2. Middle Atlantic,1. Industrial,1. <=Good,1. Yes,5.123166283857657
2007,48,1. Never Married,1. White,Advanced Degree,2. Middle Atlantic,2. Information,2. >=Very Good,1. Yes,4.7160033436348
2007,47,2. Married,1. White,College Grad,2. Middle Atlantic,1. Industrial,2. >=Very Good,2. No,4.917930740506342
2004,20,1. Never Married,1. White,HS Grad,2. Middle Atlantic,1. Industrial,2. >=Very Good,2. No,4.103815388780565
2003,60,2. Married,1. White,HS Grad,2. Middle Atlantic,1. Industrial,1. <=Good,1. Yes,4.711416779239381
2003,37,1. Never Married,1. White,College Grad,2. Middle Atlantic,2. Information,2. >=Very Good,1. Yes,4.138304172643223
2003,46,2. Married,1. White,College Grad,2. Middle Atlantic,2. Information,2. >=Very Good,1. Yes,4.950066830279278
2003,54,2. Married,1. White,Some College,2. Middle Atlantic,2. Information,1. <=Good,1. Yes,4.28330122870355
2006,51,2. Married,1. White,College Grad,2. Middle Atlantic,2. Information,1. <=Good,1. Yes,4.642311849367217
2009,32,1. Never Married,2. Black,HS Grad,2. Middle Atlantic,1. Industrial,2. >=Very Good,1. Yes,4.69780802574115
2006,35,2. Married,1. White,College Grad,2. Middle Atlantic,2. Information,2. >=Very Good,1. Yes,5.24677559730649
2003,46,2. Married,1. White,HS Grad,2. Middle Atlantic,2. Information,2. >=Very Good,1. Yes,4.864753332730017
2008,38,2. Married,2. Black,< HS Grad,2. Middle Atlantic,1. Industrial,2. >=Very Good,1. Yes,4.47712125471966
2005,62,2. Married,2. Black,HS Grad,2. Middle Atlantic,2. Information,1. <=Good,1. Yes,4.386667843416065
2003,47,2. Married,1. White,HS Grad,2. Middle Atlantic,1. Industrial,2. >=Very Good,1. Yes,4.491739830490924
2003,28,2. Married,3. Asian,Advanced Degree,2. Middle Atlantic,1. Industrial,1. <=Good,2. No,4.95424250943933
2007,61,2. Married,1. White,College Grad,2. Middle Atlantic,2. Information,2. >=Very Good,1. Yes,4.946832735606547
2003,26,1. Never Married,1. White,College Grad,2. Middle Atlantic,2. Information,1. <=Good,1. Yes,4.432459009292878
2006,49,2. Married,1. White,HS Grad,2. Middle Atlantic,1. Industrial,2. >=Very Good,1. Yes,4.7109015409353745
2009,28,2. Married,1. White,HS Grad,2. Middle Atlantic,2. Information,1. <=Good,1. Yes,4.668772258598998
2003,61,2. Married,1. White,HS Grad,2. Middle Atlantic,2. Information,1. <=Good,1. Yes,4.602520751911508
2003,42,2. Married,1. White,College Grad,2. Middle Atlantic,2. Information,2. >=Very Good,1. Yes,4.799421606790778
2009,31,2. Married,1. White,Advanced Degree,2. Middle Atlantic,1. Industrial,2. >=Very Good,1. Yes,4.84509804001426
2009,50,2. Married,1. White,HS Grad,2. Middle Atlantic,2. Information,2. >=Very Good,1. Yes,4.401231646930193
2005,44,2. Married,1. White,< HS Grad,2. Middle Atlantic,1. Industrial,1. <=Good,2. No,4.36172783601759
2007,46,2. Married,2. Black,HS Grad,2. Middle Atlantic,2. Information,2. >=Very Good,1. Yes,5.76312762749814
2006,54,2. Married,1. White,HS Grad,2. Middle Atlantic,1. Industrial,2. >=Very Good,1. Yes,4.402125712694684
2003,40,4. Divorced,1. White,HS Grad,2. Middle Atlantic,2. Information,2. >=Very Good,1. Yes,4.693366943443792
2005,38,2. Married,1. White,HS Grad,2. Middle Atlantic,1. Industrial,1. <=Good,2. No,4.730529825289247
2006,43,2. Married,1. White,Advanced Degree,2. Middle Atlantic,2. Information,2. >=Very Good,1. Yes,5.21584369204863
2009,43,1. Never Married,2. Black,HS Grad,2. Middle Atlantic,1. Industrial,1. <=Good,1. Yes,4.781210180827845
2004,30,2. Married,1. White,Some College,2. Middle Atlantic,2. Information,2. >=Very Good,1. Yes,4.55630250076729
2005,58,2. Married,1. White,Advanced Degree,2. Middle Atlantic,2. Information,1. <=Good,1. Yes,4.07918124604763
2007,60,2. Married,3. Asian,College Grad,2. Middle Atlantic,1. Industrial,1. <=Good,1. Yes,4.76061605539427
2004,45,2. Married,1. White,Advanced Degree,2. Middle Atlantic,1. Industrial,1. <=Good,1. Yes,4.8750612633917
2008,47,2. Married,1. White,College Grad,2. Middle Atlantic,2. Information,2. >=Very Good,1. Yes,5.0116243641664155
2005,47,2. Married,1. White,< HS Grad,2. Middle Atlantic,1. Industrial,2. >=Very Good,2. No,4.47712125471966
2003,59,4. Divorced,1. White,Some College,2. Middle Atlantic,2. Information,2. >=Very Good,1. Yes,4.21018470547241
2006,36,2. Married,1. White,Some College,2. Middle Atlantic,2. Information,2. >=Very Good,2. No,4.42270471737679
2008,39,1. Never Married,1. White,Advanced Degree,2. Middle Atlantic,2. Information,2. >=Very Good,1. Yes,4.77815125038364
2004,40,2. Married,3. Asian,< HS Grad,2. Middle Atlantic,2. Information,1. <=Good,2. No,4.66275783168157
2003,42,2. Married,1. White,HS Grad,2. Middle Atlantic,2. Information,2. >=Very Good,1. Yes,4.575316586039318
2009,29,1. Never Married,1. White,Advanced Degree,2. Middle Atlantic,2. Information,2. >=Very Good,2. No,4.30102999566398
2005,38,2. Married,1. White,College Grad,2. Middle Atlantic,2. Information,2. >=Very Good,1. Yes,5.002430574476348
2003,58,2. Married,2. Black,Some College,2. Middle Atlantic,1. Industrial,1. <=Good,1. Yes,4.81291335664286
2004,18,1. Never Married,1. White,HS Grad,2. Middle Atlantic,1. Industrial,2. >=Very Good,2. No,4.120878957589134
2004,35,2. Married,1. White,College Grad,2. Middle Atlantic,1. Industrial,2. >=Very Good,1. Yes,5.107029620488454
2008,30,2. Married,3. Asian,Advanced Degree,2. Middle Atlantic,2. Information,1. <=Good,2. No,5.03742649794062
2003,48,2. Married,1. White,Some College,2. Middle Atlantic,1. Industrial,1. <=Good,2. No,4.77815125038364
2004,27,2. Married,1. White,College Grad,2. Middle Atlantic,1. Industrial,2. >=Very Good,1. Yes,4.578528884538327
2005,40,2. Married,1. White,Some College,2. Middle Atlantic,2. Information,2. >=Very Good,1. Yes,4.79518458968242
2007,34,2. Married,1. White,Advanced Degree,2. Middle Atlantic,2. Information,2. >=Very Good,2. No,4.57978359661681
2004,54,2. Married,1. White,HS Grad,2. Middle Atlantic,2. Information,2. >=Very Good,1. Yes,5.0353310259885715
2006,20,1. Never Married,2. Black,HS Grad,2. Middle Atlantic,2. Information,2. >=Very Good,1. Yes,4.3701573181065925
2005,50,2. Married,1. White,HS Grad,2. Middle Atlantic,1. Industrial,2. >=Very Good,1. Yes,4.359403802372026
2009,42,2. Married,1. White,Advanced Degree,2. Middle Atlantic,2. Information,2. >=Very Good,1. Yes,5.29003461136252
2008,45,2. Married,2. Black,Some College,2. Middle Atlantic,2. Information,1. <=Good,1. Yes,4.17840134153376
2003,59,2. Married,1. White,Some College,2. Middle Atlantic,1. Industrial,2. >=Very Good,2. No,4.68124123737559
2003,44,2. Married,1. White,< HS Grad,2. Middle Atlantic,1. Industrial,1. <=Good,1. Yes,4.39794000867204
2005,67,4. Divorced,1. White,College Grad,2. Middle Atlantic,2. Information,2. >=Very Good,2. No,4.347471991111075
2007,26,1. Never Married,2. Black,College Grad,2. Middle Atlantic,1. Industrial,2. >=Very Good,1. Yes,4.297077102147346
2007,40,2. Married,1. White,Advanced Degree,2. Middle Atlantic,2. Information,2. >=Very Good,1. Yes,4.94448267215017
2004,42,2. Married,1. White,HS Grad,2. Middle Atlantic,1. Industrial,2. >=Very Good,1. Yes,4.693626772985623
2005,22,1. Never Married,1. White,HS Grad,2. Middle Atlantic,1. Industrial,2. >=Very Good,1. Yes,4.425944411758267
2005,43,2. Married,1. White,Some College,2. Middle Atlantic,1. Industrial,2. >=Very Good,2. No,4.94448267215017
2004,34,1. Never Married,1. White,HS Grad,2. Middle Atlantic,2. Information,1. <=Good,2. No,4.521290920282249
2004,44,4. Divorced,2. Black,HS Grad,2. Middle Atlantic,2. Information,1. <=Good,1. Yes,4.244356983625848
2003,53,2. Married,1. White,Some College,2. Middle Atlantic,1. Industrial,1. <=Good,1. Yes,5.59198011410292
2003,54,2. Married,1. White,Advanced Degree,2. Middle Atlantic,2. Information,1. <=Good,1. Yes,4.82607480270083
2008,55,2. Married,1. White,College Grad,2. Middle Atlantic,2. Information,1. <=Good,1. Yes,4.947380557371265
2009,30,1. Never Married,3. Asian,Advanced Degree,2. Middle Atlantic,1. Industrial,2. >=Very Good,1. Yes,4.77815125038364
2004,48,2. Married,1. White,Advanced Degree,2. Middle Atlantic,2. Information,2. >=Very Good,1. Yes,5.17609125905568
2003,48,2. Married,1. White,HS Grad,2. Middle Atlantic,1. Industrial,2. >=Very Good,1. Yes,4.752113763003423
2008,30,2. Married,3. Asian,Advanced Degree,2. Middle Atlantic,2. Information,2. >=Very Good,2. No,4.84509804001426
2006,38,4. Divorced,1. White,Some College,2. Middle Atlantic,1. Industrial,2. >=Very Good,1. Yes,4.70757017609794
2005,25,2. Married,1. White,Some College,2. Middle Atlantic,1. Industrial,2. >=Very Good,1. Yes,4.51851393987789
2009,59,3. Widowed,2. Black,HS Grad,2. Middle Atlantic,2. Information,1. <=Good,1. Yes,4.713814667258998
2004,38,2. Married,1. White,Advanced Degree,2. Middle Atlantic,2. Information,1. <=Good,2. No,5.60688524128857
2003,40,2. Married,1. White,College Grad,2. Middle Atlantic,2. Information,2. >=Very Good,1. Yes,5.59198011410292
2007,36,2. Married,1. White,Advanced Degree,2. Middle Atlantic,2. Information,2. >=Very Good,1. Yes,5.09691001300806
2008,60,2. Married,1. White,College Grad,2. Middle Atlantic,1. Industrial,2. >=Very Good,1. Yes,4.658411323919128
2005,40,2. Married,3. Asian,College Grad,2. Middle Atlantic,2. Information,2. >=Very Good,2. No,4.883165219602903
2003,28,2. Married,1. White,Some College,2. Middle Atlantic,2. Information,2. >=Very Good,1. Yes,4.77815125038364
2004,34,2. Married,3. Asian,Advanced Degree,2. Middle Atlantic,1. Industrial,2. >=Very Good,1. Yes,5
2008,39,2. Married,1. White,College Grad,2. Middle Atlantic,1. Industrial,2. >=Very Good,1. Yes,5.326555520190785
2005,26,2. Married,1. White,HS Grad,2. Middle Atlantic,1. Industrial,2. >=Very Good,2. No,4.605798856642409
2004,28,1. Never Married,1. White,HS Grad,2. Middle Atlantic,2. Information,2. >=Very Good,1. Yes,4.68931570041528
2004,27,1. Never Married,1. White,College Grad,2. Middle Atlantic,2. Information,2. >=Very Good,1. Yes,4.412122212183186
2008,34,2. Married,1. White,HS Grad,2. Middle Atlantic,1. Industrial,2. >=Very Good,1. Yes,4.705494146503638
2009,38,2. Married,2. Black,HS Grad,2. Middle Atlantic,2. Information,1. <=Good,1. Yes,5.7427934507407
2005,51,2. Married,1. White,College Grad,2. Middle Atlantic,2. Information,2. >=Very Good,1. Yes,4.537748820623138
2008,58,4. Divorced,1. White,Some College,2. Middle Atlantic,1. Industrial,2. >=Very Good,1. Yes,4.47712125471966
2004,42,2. Married,1. White,College Grad,2. Middle Atlantic,1. Industrial,1. <=Good,1. Yes,4.83054489020878
2005,32,1. Never Married,2. Black,Some College,2. Middle Atlantic,2. Information,1. <=Good,1. Yes,3.86981820797933
2006,27,2. Married,1. White,College Grad,2. Middle Atlantic,2. Information,1. <=Good,1. Yes,4.463940637047633
2009,51,1. Never Married,1. White,College Grad,2. Middle Atlantic,1. Industrial,2. >=Very Good,1. Yes,4.447247461670412
2009,50,2. Married,2. Black,HS Grad,2. Middle Atlantic,2. Information,2. >=Very Good,1. Yes,4.781236419999453
2009,25,1. Never Married,3. Asian,College Grad,2. Middle Atlantic,2. Information,2. >=Very Good,1. Yes,4.7017318264044725
2006,60,2. Married,2. Black,HS Grad,2. Middle Atlantic,1. Industrial,1. <=Good,2. No,4.949316137718732
2004,62,2. Married,1. White,Some College,2. Middle Atlantic,2. Information,1. <=Good,1. Yes,5
2006,53,2. Married,1. White,Some College,2. Middle Atlantic,1. Industrial,2. >=Very Good,1. Yes,4.79239168949825
2009,39,2. Married,1. White,College Grad,2. Middle Atlantic,2. Information,2. >=Very Good,1. Yes,5.1024370296927675
2003,23,1. Never Married,1. White,Some College,2. Middle Atlantic,2. Information,2. >=Very Good,2. No,4.50514997831991
2008,47,2. Married,1. White,Advanced Degree,2. Middle Atlantic,2. Information,2. >=Very Good,2. No,5
2009,32,1. Never Married,1. White,College Grad,2. Middle Atlantic,2. Information,2. >=Very Good,1. Yes,4.882283463739459
2003,57,2. Married,1. White,College Grad,2. Middle Atlantic,2. Information,2. >=Very Good,1. Yes,5.59198011410292
2005,40,2. Married,2. Black,Some College,2. Middle Atlantic,2. Information,2. >=Very Good,2. No,4.36172783601759
2006,57,2. Married,1. White,Some College,2. Middle Atlantic,2. Information,2. >=Very Good,1. Yes,4.68124123737559
2005,31,2. Married,3. Asian,Advanced Degree,2. Middle Atlantic,1. Industrial,2. >=Very Good,1. Yes,5
2005,28,1. Never Married,1. White,Some College,2. Middle Atlantic,1. Industrial,1. <=Good,1. Yes,4.49136169383427
2007,58,2. Married,1. White,HS Grad,2. Middle Atlantic,1. Industrial,2. >=Very Good,1. Yes,4.756875176881074
2008,47,2. Married,1. White,HS Grad,2. Middle Atlantic,2. Information,2. >=Very Good,1. Yes,4.323716572772678
2003,41,2. Married,1. White,College Grad,2. Middle Atlantic,2. Information,2. >=Very Good,2. No,4.258298037248913
2004,53,2. Married,1. White,HS Grad,2. Middle Atlantic,1. Industrial,1. <=Good,1. Yes,4.496934703236388
2009,27,2. Married,1. White,College Grad,2. Middle Atlantic,2. Information,2. >=Very Good,1. Yes,4.2093616755374015
2003,19,1. Never Married,2. Black,< HS Grad,2. Middle Atlantic,2. Information,2. >=Very Good,2. No,4.17609125905568
2007,47,2. Married,1. White,College Grad,2. Middle Atlantic,1. Industrial,2. >=Very Good,2. No,4.27143818087162
2005,44,5. Separated,1. White,HS Grad,2. Middle Atlantic,1. Industrial,1. <=Good,1. Yes,4.581364915355334
2006,32,1. Never Married,1. White,HS Grad,2. Middle Atlantic,1. Industrial,2. >=Very Good,1. Yes,4.470899162880423
2005,23,1. Never Married,1. White,HS Grad,2. Middle Atlantic,1. Industrial,2. >=Very Good,2. No,4.033325290937499
2006,31,2. Married,1. White,HS Grad,2. Middle Atlantic,1. Industrial,2. >=Very Good,2. No,4.258217421303469
2004,42,2. Married,1. White,Some College,2. Middle Atlantic,1. Industrial,2. >=Very Good,2. No,5.60688524128857
2003,50,2. Married,1. White,Advanced Degree,2. Middle Atlantic,2. Information,2. >=Very Good,1. Yes,4.90308998699194
2004,52,2. Married,1. White,College Grad,2. Middle Atlantic,2. Information,1. <=Good,2. No,3.658913900670486
2003,20,1. Never Married,1. White,HS Grad,2. Middle Atlantic,1. Industrial,2. >=Very Good,1. Yes,4.196061033914794
2004,33,4. Divorced,1. White,HS Grad,2. Middle Atlantic,1. Industrial,1. <=Good,2. No,4.32024832298534
2008,26,1. Never Married,1. White,College Grad,2. Middle Atlantic,2. Information,2. >=Very Good,2. No,4.511572094787655
2004,40,2. Married,3. Asian,Advanced Degree,2. Middle Atlantic,1. Industrial,2. >=Very Good,2. No,5.11394335230684
2005,29,1. Never Married,1. White,HS Grad,2. Middle Atlantic,1. Industrial,2. >=Very Good,2. No,4.611849208485973
2004,35,1. Never Married,1. White,College Grad,2. Middle Atlantic,2. Information,2. >=Very Good,1. Yes,4.92494091339824
2009,34,1. Never Married,1. White,College Grad,2. Middle Atlantic,2. Information,2. >=Very Good,1. Yes,4.595781981550005
2003,37,2. Married,1. White,College Grad,2. Middle Atlantic,2. Information,2. >=Very Good,1. Yes,4.950657156333991
2008,37,2. Married,1. White,College Grad,2. Middle Atlantic,2. Information,2. >=Very Good,1. Yes,5.2360712355562535
2003,22,1. Never Married,1. White,Some College,2. Middle Atlantic,1. Industrial,2. >=Very Good,2. No,4.30102999566398
2008,39,2. Married,2. Black,HS Grad,2. Middle Atlantic,1. Industrial,1. <=Good,2. No,4.8056868495808756
2003,42,2. Married,3. Asian,Some College,2. Middle Atlantic,1. Industrial,2. >=Very Good,1. Yes,4.64345267648619
2006,44,2. Married,1. White,College Grad,2. Middle Atlantic,1. Industrial,2. >=Very Good,1. Yes,4.70734690021608
2008,45,4. Divorced,1. White,< HS Grad,2. Middle Atlantic,1. Industrial,2. >=Very Good,1. Yes,4.68124123737559
2003,42,2. Married,1. White,Advanced Degree,2. Middle Atlantic,2. Information,2. >=Very Good,1. Yes,4.95424250943933
2009,52,4. Divorced,1. White,Some College,2. Middle Atlantic,2. Information,2. >=Very Good,1. Yes,5.07918124604763
2004,27,4. Divorced,1. White,Some College,2. Middle Atlantic,2. Information,2. >=Very Good,1. Yes,4.72015930340596
2009,46,2. Married,1. White,Some College,2. Middle Atlantic,2. Information,1. <=Good,1. Yes,5.13033376849501
2007,59,2. Married,1. White,Some College,2. Middle Atlantic,2. Information,1. <=Good,1. Yes,4.56820172406699
2005,52,2. Married,1. White,HS Grad,2. Middle Atlantic,1. Industrial,1. <=Good,2. No,4.543263444480663
2003,19,1. Never Married,1. White,< HS Grad,2. Middle Atlantic,1. Industrial,1. <=Good,2. No,4
2003,64,2. Married,1. White,College Grad,2. Middle Atlantic,2. Information,1. <=Good,2. No,4.6556541065139125
2007,38,2. Married,1. White,Advanced Degree,2. Middle Atlantic,2. Information,2. >=Very Good,1. Yes,4.91907809237607
2006,45,5. Separated,2. Black,HS Grad,2. Middle Atlantic,2. Information,2. >=Very Good,1. Yes,4.169800995565511
2008,53,2. Married,1. White,Some College,2. Middle Atlantic,2. Information,2. >=Very Good,2. No,5.19033169817029
2007,28,2. Married,1. White,HS Grad,2. Middle Atlantic,1. Industrial,2. >=Very Good,2. No,4.199410745638151
2003,39,2. Married,1. White,< HS Grad,2. Middle Atlantic,1. Industrial,2. >=Very Good,1. Yes,4.65321251377534
2008,52,2. Married,1. White,Advanced Degree,2. Middle Atlantic,2. Information,1. <=Good,1. Yes,5.17609125905568
2009,41,2. Married,1. White,< HS Grad,2. Middle Atlantic,1. Industrial,2. >=Very Good,2. No,4.74036268949424
2004,44,2. Married,1. White,< HS Grad,2. Middle Atlantic,1. Industrial,1. <=Good,2. No,4.34242268082221
2005,48,2. Married,1. White,HS Grad,2. Middle Atlantic,1. Industrial,2. >=Very Good,2. No,4.468153931996288
2003,47,2. Married,1. White,HS Grad,2. Middle Atlantic,1. Industrial,2. >=Very Good,1. Yes,4.913585570496843
2006,31,1. Never Married,1. White,HS Grad,2. Middle Atlantic,1. Industrial,2. >=Very Good,2. No,4.7042142628083
2005,28,2. Married,1. White,Some College,2. Middle Atlantic,1. Industrial,2. >=Very Good,1. Yes,4.64345267648619
2007,45,2. Married,1. White,College Grad,2. Middle Atlantic,2. Information,2. >=Very Good,1. Yes,4.589047410938066
2004,56,3. Widowed,1. White,College Grad,2. Middle Atlantic,1. Industrial,1. <=Good,1. Yes,4.352003997898192
2004,47,2. Married,1. White,HS Grad,2. Middle Atlantic,2. Information,1. <=Good,1. Yes,4.855210567769344
2005,41,2. Married,1. White,HS Grad,2. Middle Atlantic,1. Industrial,2. >=Very Good,2. No,4.693895261630576
2006,49,2. Married,1. White,HS Grad,2. Middle Atlantic,1. Industrial,2. >=Very Good,2. No,4.398966067984886
2009,28,1. Never Married,1. White,HS Grad,2. Middle Atlantic,1. Industrial,1. <=Good,2. No,4.450916621376695
2009,19,1. Never Married,1. White,Some College,2. Middle Atlantic,1. Industrial,1. <=Good,2. No,3.77815125038364
2004,48,2. Married,1. White,Some College,2. Middle Atlantic,2. Information,1. <=Good,1. Yes,4.7634279935629404
2003,47,2. Married,1. White,College Grad,2. Middle Atlantic,2. Information,2. >=Very Good,1. Yes,4.987405633797352
2004,57,2. Married,1. White,College Grad,2. Middle Atlantic,2. Information,2. >=Very Good,1. Yes,5.60688524128857
2003,39,2. Married,1. White,HS Grad,2. Middle Atlantic,2. Information,2. >=Very Good,1. Yes,4.747263602372428
2004,45,1. Never Married,2. Black,HS Grad,2. Middle Atlantic,2. Information,1. <=Good,1. Yes,4.150275329034303
2006,52,2. Married,1. White,< HS Grad,2. Middle Atlantic,2. Information,2. >=Very Good,1. Yes,4.85125834871908
2008,51,2. Married,1. White,HS Grad,2. Middle Atlantic,1. Industrial,2. >=Very Good,1. Yes,4.5353843797981845
2009,46,2. Married,1. White,Advanced Degree,2. Middle Atlantic,2. Information,2. >=Very Good,1. Yes,4.30997065704107
2003,45,4. Divorced,1. White,College Grad,2. Middle Atlantic,2. Information,2. >=Very Good,1. Yes,4.981787233627252
2005,40,2. Married,1. White,HS Grad,2. Middle Atlantic,1. Industrial,1. <=Good,1. Yes,4.479258576060576
2008,48,2. Married,1. White,College Grad,2. Middle Atlantic,2. Information,2. >=Very Good,1. Yes,4.928093471674213
2004,47,2. Married,1. White,Some College,2. Middle Atlantic,2. Information,2. >=Very Good,1. Yes,4.79934054945358
2009,45,2. Married,1. White,HS Grad,2. Middle Atlantic,2. Information,1. <=Good,1. Yes,4.7314460863776215
2005,49,2. Married,2. Black,Some College,2. Middle Atlantic,1. Industrial,2. >=Very Good,1. Yes,4.7634279935629404
2007,57,4. Divorced,1. White,Some College,2. Middle Atlantic,2. Information,1. <=Good,1. Yes,4.69897000433602
2005,77,2. Married,1. White,HS Grad,2. Middle Atlantic,2. Information,2. >=Very Good,1. Yes,4.393026986408241
2005,48,2. Married,3. Asian,College Grad,2. Middle Atlantic,2. Information,1. <=Good,1. Yes,5.1607906804495425
2004,56,2. Married,1. White,Advanced Degree,2. Middle Atlantic,2. Information,2. >=Very Good,1. Yes,4.77815125038364
2007,39,2. Married,1. White,College Grad,2. Middle Atlantic,2. Information,2. >=Very Good,1. Yes,5.279820927667285
2003,44,1. Never Married,1. White,HS Grad,2. Middle Atlantic,1. Industrial,1. <=Good,1. Yes,4.704470461400424
2007,49,2. Married,2. Black,Some College,2. Middle Atlantic,2. Information,2. >=Very Good,1. Yes,4.47712125471966
2008,58,2. Married,3. Asian,< HS Grad,2. Middle Atlantic,2. Information,2. >=Very Good,2. No,4
2005,46,2. Married,1. White,Some College,2. Middle Atlantic,2. Information,1. <=Good,2. No,4.84447717574568
2004,39,2. Married,1. White,College Grad,2. Middle Atlantic,2. Information,1. <=Good,1. Yes,4.997321302143509
2007,26,2. Married,1. White,HS Grad,2. Middle Atlantic,2. Information,2. >=Very Good,2. No,4.240218965771528
2003,61,2. Married,1. White,Some College,2. Middle Atlantic,2. Information,1. <=Good,1. Yes,4.60205999132796
2003,62,4. Divorced,1. White,Some College,2. Middle Atlantic,1. Industrial,1. <=Good,1. Yes,4.54406804435028
2008,47,2. Married,3. Asian,College Grad,2. Middle Atlantic,1. Industrial,1. <=Good,2. No,4.475160323191291
2003,40,2. Married,1. White,HS Grad,2. Middle Atlantic,1. Industrial,2. >=Very Good,2. No,4.719225215556074
2006,35,2. Married,1. White,< HS Grad,2. Middle Atlantic,2. Information,2. >=Very Good,2. No,4.17609125905568
2008,61,2. Married,1. White,HS Grad,2. Middle Atlantic,1. Industrial,2. >=Very Good,1. Yes,4.897851504380512
2003,38,2. Married,1. White,HS Grad,2. Middle Atlantic,1. Industrial,1. <=Good,1. Yes,5.244216133703658
2008,18,1. Never Married,1. White,HS Grad,2. Middle Atlantic,1. Industrial,2. >=Very Good,2. No,4.299890100628765
2006,45,2. Married,1. White,HS Grad,2. Middle Atlantic,1. Industrial,2. >=Very Good,2. No,4.681373853808355
2009,27,2. Married,2. Black,Some College,2. Middle Atlantic,2. Information,2. >=Very Good,1. Yes,4.60205999132796
2004,22,1. Never Married,1. White,Some College,2. Middle Atlantic,1. Industrial,1. <=Good,1. Yes,4.55630250076729
2008,29,2. Married,4. Other,< HS Grad,2. Middle Atlantic,2. Information,2. >=Very Good,1. Yes,4.30102999566398
2006,50,2. Married,1. White,HS Grad,2. Middle Atlantic,2. Information,2. >=Very Good,1. Yes,4.70327721342941
2003,25,1. Never Married,1. White,Some College,2. Middle Atlantic,1. Industrial,2. >=Very Good,1. Yes,4.60205999132796
2007,35,2. Married,1. White,College Grad,2. Middle Atlantic,2. Information,2. >=Very Good,1. Yes,4.906983039251927
2004,41,2. Married,1. White,Some College,2. Middle Atlantic,1. Industrial,2. >=Very Good,1. Yes,4.84509804001426
2009,38,2. Married,1. White,College Grad,2. Middle Atlantic,2. Information,1. <=Good,1. Yes,5.075278552503054
2008,49,2. Married,1. White,HS Grad,2. Middle Atlantic,2. Information,1. <=Good,1. Yes,4.7230450448318155
2004,36,2. Married,1. White,HS Grad,2. Middle Atlantic,1. Industrial,2. >=Very Good,2. No,5.036674829067961
2005,66,1. Never Married,2. Black,HS Grad,2. Middle Atlantic,2. Information,2. >=Very Good,1. Yes,4.514339121575612
2003,23,1. Never Married,1. White,< HS Grad,2. Middle Atlantic,2. Information,2. >=Very Good,2. No,4.23044892137827
2004,28,2. Married,1. White,Advanced Degree,2. Middle Atlantic,2. Information,2. >=Very Good,1. Yes,4.60205999132796
2007,42,2. Married,1. White,Some College,2. Middle Atlantic,1. Industrial,2. >=Very Good,1. Yes,4.69897000433602
2007,20,1. Never Married,1. White,HS Grad,2. Middle Atlantic,1. Industrial,2. >=Very Good,2. No,3.632449303588037
2009,37,2. Married,1. White,College Grad,2. Middle Atlantic,2. Information,2. >=Very Good,1. Yes,5.413790827025437
2009,58,2. Married,1. White,HS Grad,2. Middle Atlantic,2. Information,1. <=Good,2. No,3.5297204594074594
2004,45,2. Married,1. White,Advanced Degree,2. Middle Atlantic,1. Industrial,2. >=Very Good,1. Yes,5.04139268515823
2006,64,2. Married,1. White,Some College,2. Middle Atlantic,2. Information,2. >=Very Good,1. Yes,4.74036268949424
2009,45,2. Married,1. White,HS Grad,2. Middle Atlantic,1. Industrial,1. <=Good,1. Yes,4.972727057946191
2007,52,4. Divorced,1. White,Some College,2. Middle Atlantic,2. Information,1. <=Good,1. Yes,4.6232492903979
2005,42,2. Married,1. White,College Grad,2. Middle Atlantic,2. Information,2. >=Very Good,2. No,4.750352662893925
2005,32,2. Married,1. White,HS Grad,2. Middle Atlantic,1. Industrial,2. >=Very Good,1. Yes,4.780288158394934
2009,40,5. Separated,1. White,< HS Grad,2. Middle Atlantic,1. Industrial,2. >=Very Good,2. No,4.31806333496276
2005,55,2. Married,1. White,College Grad,2. Middle Atlantic,2. Information,1. <=Good,1. Yes,5.044622191334968
2004,46,2. Married,1. White,College Grad,2. Middle Atlantic,2. Information,2. >=Very Good,1. Yes,4.740370864995924
2008,55,5. Separated,1. White,< HS Grad,2. Middle Atlantic,1. Industrial,2. >=Very Good,2. No,4.39794000867204
2003,53,1. Never Married,1. White,College Grad,2. Middle Atlantic,2. Information,2. >=Very Good,1. Yes,4.515292400874714
2005,33,2. Married,3. Asian,College Grad,2. Middle Atlantic,1. Industrial,2. >=Very Good,1. Yes,4.659538861018641
2006,45,2. Married,1. White,< HS Grad,2. Middle Atlantic,1. Industrial,1. <=Good,1. Yes,4.55630250076729
2006,54,2. Married,1. White,HS Grad,2. Middle Atlantic,2. Information,2. >=Very Good,1. Yes,4.610865340489198
2004,32,2. Married,1. White,College Grad,2. Middle Atlantic,2. Information,2. >=Very Good,1. Yes,4.4412746898555024
2005,42,2. Married,1. White,College Grad,2. Middle Atlantic,1. Industrial,2. >=Very Good,2. No,5.099127782620565
2004,35,2. Married,1. White,Advanced Degree,2. Middle Atlantic,2. Information,2. >=Very Good,1. Yes,4.77815125038364
2004,54,2. Married,1. White,HS Grad,2. Middle Atlantic,1. Industrial,2. >=Very Good,2. No,4.516182658601596
2003,38,2. Married,1. White,Some College,2. Middle Atlantic,2. Information,1. <=Good,1. Yes,4.54406804435028
2004,31,1. Never Married,1. White,College Grad,2. Middle Atlantic,2. Information,2. >=Very Good,1. Yes,4.550345108605951
2003,41,2. Married,1. White,Some College,2. Middle Atlantic,1. Industrial,2. >=Very Good,1. Yes,4.44715803134222
2005,45,2. Married,1. White,College Grad,2. Middle Atlantic,1. Industrial,2. >=Very Good,1. Yes,5.015491900015501
2003,49,2. Married,1. White,HS Grad,2. Middle Atlantic,1. Industrial,2. >=Very Good,1. Yes,4.626003345639501
2004,50,2. Married,1. White,Some College,2. Middle Atlantic,1. Industrial,2. >=Very Good,1. Yes,4.55630250076729
2003,40,1. Never Married,1. White,HS Grad,2. Middle Atlantic,1. Industrial,1. <=Good,1. Yes,4.792278923022477
2003,29,2. Married,2. Black,HS Grad,2. Middle Atlantic,1. Industrial,1. <=Good,1. Yes,4.005108453508915
2006,25,1. Never Married,1. White,Some College,2. Middle Atlantic,1. Industrial,1. <=Good,2. No,4.60205999132796
2004,32,2. Married,1. White,HS Grad,2. Middle Atlantic,1. Industrial,2. >=Very Good,2. No,4.711682072172672
2007,51,2. Married,1. White,HS Grad,2. Middle Atlantic,2. Information,2. >=Very Good,1. Yes,4.315382688319069
2008,29,2. Married,1. White,Some College,2. Middle Atlantic,1. Industrial,2. >=Very Good,2. No,4.53307266004881
2005,32,2. Married,1. White,Some College,2. Middle Atlantic,2. Information,2. >=Very Good,1. Yes,4.90308998699194
2008,42,2. Married,1. White,Some College,2. Middle Atlantic,1. Industrial,2. >=Very Good,1. Yes,4.97772360528885
2005,59,2. Married,1. White,HS Grad,2. Middle Atlantic,2. Information,2. >=Very Good,1. Yes,5.007104937438137
2003,31,2. Married,1. White,College Grad,2. Middle Atlantic,1. Industrial,1. <=Good,2. No,4.4316823587949115
2006,29,2. Married,1. White,Some College,2. Middle Atlantic,2. Information,1. <=Good,2. No,4.68574173860226
2006,52,1. Never Married,1. White,HS Grad,2. Middle Atlantic,1. Industrial,1. <=Good,1. Yes,4.353041472437214
2006,35,2. Married,1. White,HS Grad,2. Middle Atlantic,1. Industrial,1. <=Good,2. No,4.439338355853037
2008,28,1. Never Married,1. White,< HS Grad,2. Middle Atlantic,1. Industrial,1. <=Good,1. Yes,4.66692026535949
2006,50,2. Married,1. White,College Grad,2. Middle Atlantic,1. Industrial,2. >=Very Good,2. No,4.19342949019229
2004,49,4. Divorced,1. White,HS Grad,2. Middle Atlantic,1. Industrial,1. <=Good,2. No,4.387671034878517
2009,39,2. Married,1. White,HS Grad,2. Middle Atlantic,2. Information,1. <=Good,2. No,4.475094370395976
2003,26,1. Never Married,4. Other,College Grad,2. Middle Atlantic,2. Information,2. >=Very Good,2. No,3.546382306955549
2003,31,1. Never Married,2. Black,Some College,2. Middle Atlantic,2. Information,2. >=Very Good,1. Yes,4.60205999132796
2007,50,1. Never Married,1. White,HS Grad,2. Middle Atlantic,1. Industrial,1. <=Good,2. No,3.895223509214843
2009,62,2. Married,1. White,Advanced Degree,2. Middle Atlantic,2. Information,2. >=Very Good,1. Yes,5.1385016384297
2004,35,2. Married,1. White,Some College,2. Middle Atlantic,1. Industrial,2. >=Very Good,2. No,4.81291335664286
2005,22,1. Never Married,2. Black,Some College,2. Middle Atlantic,2. Information,2. >=Very Good,2. No,4.30102999566398
2003,55,1. Never Married,1. White,Advanced Degree,2. Middle Atlantic,2. Information,2. >=Very Good,1. Yes,4.70757017609794
2006,63,2. Married,1. White,Some College,2. Middle Atlantic,2. Information,1. <=Good,1. Yes,4.83250891270624
2004,63,4. Divorced,1. White,HS Grad,2. Middle Atlantic,2. Information,2. >=Very Good,2. No,4.1767784724279675
2008,39,2. Married,1. White,College Grad,2. Middle Atlantic,1. Industrial,1. <=Good,1. Yes,4.6718768922813245
2003,28,2. Married,1. White,< HS Grad,2. Middle Atlantic,2. Information,2. >=Very Good,2. No,4.77815125038364
2006,43,2. Married,1. White,College Grad,2. Middle Atlantic,2. Information,2. >=Very Good,1. Yes,4.77538909668948
2006,58,2. Married,2. Black,< HS Grad,2. Middle Atlantic,1. Industrial,2. >=Very Good,1. Yes,4.25527250510331
2007,38,2. Married,1. White,Advanced Degree,2. Middle Atlantic,2. Information,2. >=Very Good,1. Yes,5.11394335230684
2004,49,2. Married,2. Black,Some College,2. Middle Atlantic,1. Industrial,2. >=Very Good,1. Yes,4.93559794430031
2003,62,2. Married,1. White,Some College,2. Middle Atlantic,2. Information,1. <=Good,2. No,3.23044892137827
2004,36,2. Married,1. White,Some College,2. Middle Atlantic,2. Information,1. <=Good,1. Yes,4.39995047438631
2004,54,4. Divorced,1. White,College Grad,2. Middle Atlantic,1. Industrial,2. >=Very Good,2. No,4.3029059212240615
2005,26,2. Married,1. White,HS Grad,2. Middle Atlantic,2. Information,2. >=Very Good,1. Yes,4.678676702128745
2009,46,2. Married,3. Asian,Advanced Degree,2. Middle Atlantic,2. Information,2. >=Very Good,1. Yes,5.11394335230684
2006,58,4. Divorced,1. White,Some College,2. Middle Atlantic,1. Industrial,2. >=Very Good,1. Yes,5.00860017176192
2005,22,1. Never Married,1. White,Some College,2. Middle Atlantic,2. Information,2. >=Very Good,1. Yes,4.30102999566398
2005,58,2. Married,1. White,Advanced Degree,2. Middle Atlantic,1. Industrial,2. >=Very Good,2. No,5.62618633492728
2008,63,2. Married,1. White,College Grad,2. Middle Atlantic,1. Industrial,2. >=Very Good,2. No,4.8539469230891035
2007,67,2. Married,2. Black,< HS Grad,2. Middle Atlantic,2. Information,2. >=Very Good,1. Yes,4.86332286012046
2008,44,2. Married,1. White,HS Grad,2. Middle Atlantic,1. Industrial,2. >=Very Good,1. Yes,4.93092368413732
2003,51,2. Married,1. White,College Grad,2. Middle Atlantic,1. Industrial,2. >=Very Good,1. Yes,5.086999581452718
2003,46,2. Married,1. White,HS Grad,2. Middle Atlantic,1. Industrial,2. >=Very Good,2. No,3.848844995191286
2007,43,2. Married,1. White,< HS Grad,2. Middle Atlantic,1. Industrial,2. >=Very Good,2. No,4.41497334797082
2004,40,2. Married,1. White,Some College,2. Middle Atlantic,1. Industrial,2. >=Very Good,2. No,4.30102999566398
2008,31,1. Never Married,1. White,Some College,2. Middle Atlantic,1. Industrial,2. >=Very Good,1. Yes,4.53147891704226
2007,41,2. Married,1. White,Advanced Degree,2. Middle Atlantic,2. Information,2. >=Very Good,1. Yes,4.74036268949424
2008,21,1. Never Married,2. Black,HS Grad,2. Middle Atlantic,1. Industrial,2. >=Very Good,2. No,4.38929670682039
2008,51,2. Married,1. White,Some College,2. Middle Atlantic,2. Information,2. >=Very Good,2. No,4.34242268082221
2003,43,5. Separated,2. Black,Some College,2. Middle Atlantic,2. Information,2. >=Very Good,1. Yes,4.38021124171161
2004,34,2. Married,1. White,Some College,2. Middle Atlantic,2. Information,2. >=Very Good,1. Yes,4.8750612633917
2008,45,2. Married,1. White,Some College,2. Middle Atlantic,1. Industrial,2. >=Very Good,1. Yes,5
2008,35,2. Married,3. Asian,< HS Grad,2. Middle Atlantic,1. Industrial,2. >=Very Good,2. No,4.17609125905568
2004,33,2. Married,1. White,HS Grad,2. Middle Atlantic,2. Information,2. >=Very Good,1. Yes,4.986056893987177
2003,46,2. Married,2. Black,HS Grad,2. Middle Atlantic,1. Industrial,2. >=Very Good,1. Yes,4.588434012708575
2003,38,1. Never Married,2. Black,< HS Grad,2. Middle Atlantic,1. Industrial,2. >=Very Good,1. Yes,4.54406804435028
2004,44,1. Never Married,2. Black,College Grad,2. Middle Atlantic,2. Information,1. <=Good,1. Yes,4.50827941750559
2006,50,1. Never Married,1. White,HS Grad,2. Middle Atlantic,2. Information,1. <=Good,1. Yes,4.669204985551101
2009,55,2. Married,1. White,HS Grad,2. Middle Atlantic,2. Information,1. <=Good,1. Yes,4.597894144351044
2009,49,2. Married,1. White,Advanced Degree,2. Middle Atlantic,2. Information,1. <=Good,1. Yes,5.25527250510331
2006,47,2. Married,2. Black,Advanced Degree,2. Middle Atlantic,2. Information,2. >=Very Good,1. Yes,4.97772360528885
2003,40,2. Married,4. Other,HS Grad,2. Middle Atlantic,2. Information,2. >=Very Good,1. Yes,5.014678521673215
2003,21,1. Never Married,1. White,HS Grad,2. Middle Atlantic,1. Industrial,2. >=Very Good,2. No,3.9826745327686663
2008,60,2. Married,2. Black,< HS Grad,2. Middle Atlantic,1. Industrial,2. >=Very Good,2. No,4.53317446074239
2008,56,1. Never Married,1. White,< HS Grad,2. Middle Atlantic,2. Information,2. >=Very Good,2. No,4.39794000867204
2004,61,2. Married,1. White,Some College,2. Middle Atlantic,1. Industrial,1. <=Good,2. No,4.85733249643127
2008,44,2. Married,1. White,Advanced Degree,2. Middle Atlantic,2. Information,2. >=Very Good,1. Yes,4.91381385238372
2007,43,4. Divorced,1. White,Advanced Degree,2. Middle Atlantic,1. Industrial,1. <=Good,1. Yes,5.07918124604763
2005,29,2. Married,1. White,Some College,2. Middle Atlantic,1. Industrial,1. <=Good,1. Yes,4.69897000433602
2003,38,2. Married,1. White,College Grad,2. Middle Atlantic,2. Information,2. >=Very Good,2. No,5.309501576749836
2003,26,1. Never Married,1. White,Some College,2. Middle Atlantic,1. Industrial,2. >=Very Good,1. Yes,4.68574173860226
2006,28,1. Never Married,4. Other,HS Grad,2. Middle Atlantic,1. Industrial,2. >=Very Good,2. No,4.192117702883381
2003,38,1. Never Married,1. White,College Grad,2. Middle Atlantic,2. Information,1. <=Good,1. Yes,4.942169822949103
2006,45,4. Divorced,1. White,Some College,2. Middle Atlantic,1. Industrial,2. >=Very Good,2. No,4.69897000433602
2004,39,2. Married,1. White,HS Grad,2. Middle Atlantic,1. Industrial,2. >=Very Good,2. No,4.132298227121608
2003,33,2. Married,1. White,HS Grad,2. Middle Atlantic,1. Industrial,1. <=Good,1. Yes,4.434963499083369
2005,44,2. Married,1. White,< HS Grad,2. Middle Atlantic,1. Industrial,2. >=Very Good,2. No,4.25527250510331
2006,48,2. Married,1. White,Some College,2. Middle Atlantic,1. Industrial,2. >=Very Good,1. Yes,4.60205999132796
2007,45,2. Married,1. White,HS Grad,2. Middle Atlantic,1. Industrial,2. >=Very Good,1. Yes,4.4717345164453155
2007,56,2. Married,1. White,HS Grad,2. Middle Atlantic,1. Industrial,1. <=Good,2. No,4.6688024699885204
2009,40,1. Never Married,1. White,College Grad,2. Middle Atlantic,2. Information,2. >=Very Good,2. No,4.8661784447258425
2006,71,2. Married,2. Black,< HS Grad,2. Middle Atlantic,1. Industrial,1. <=Good,2. No,4.49136169383427
2006,30,2. Married,1. White,HS Grad,2. Middle Atlantic,1. Industrial,1. <=Good,2. No,4.830873580762921
2004,45,2. Married,1. White,College Grad,2. Middle Atlantic,2. Information,2. >=Very Good,1. Yes,4.956484245241794
2004,41,2. Married,1. White,HS Grad,2. Middle Atlantic,1. Industrial,2. >=Very Good,1. Yes,4.524614314340258
2003,40,2. Married,4. Other,Some College,2. Middle Atlantic,2. Information,2. >=Very Good,1. Yes,4.77815125038364
2004,59,2. Married,1. White,< HS Grad,2. Middle Atlantic,2. Information,1. <=Good,1. Yes,4.49052030936335
2007,46,2. Married,3. Asian,< HS Grad,2. Middle Atlantic,1. Industrial,2. >=Very Good,2. No,4.30102999566398
2003,38,1. Never Married,1. White,HS Grad,2. Middle Atlantic,1. Industrial,2. >=Very Good,1. Yes,4.521839836069195
2007,26,2. Married,1. White,Some College,2. Middle Atlantic,1. Industrial,2. >=Very Good,1. Yes,4.53781909507327
2005,53,2. Married,2. Black,HS Grad,2. Middle Atlantic,2. Information,1. <=Good,1. Yes,4.192230284245251
2004,46,4. Divorced,1. White,College Grad,2. Middle Atlantic,2. Information,2. >=Very Good,1. Yes,4.681478679235894
2007,42,2. Married,1. White,Some College,2. Middle Atlantic,1. Industrial,2. >=Very Good,1. Yes,4.5910646070265
2006,28,1. Never Married,2. Black,Some College,2. Middle Atlantic,1. Industrial,1. <=Good,2. No,4
2004,30,1. Never Married,1. White,< HS Grad,2. Middle Atlantic,1. Industrial,2. >=Very Good,2. No,4.46239799789896
2008,34,2. Married,3. Asian,College Grad,2. Middle Atlantic,2. Information,2. >=Very Good,1. Yes,4.8496521825254915
2008,46,2. Married,1. White,College Grad,2. Middle Atlantic,1. Industrial,1. <=Good,2. No,5.126004823439833
2007,22,1. Never Married,1. White,Some College,2. Middle Atlantic,1. Industrial,1. <=Good,2. No,4.07918124604763
2007,37,1. Never Married,1. White,HS Grad,2. Middle Atlantic,2. Information,2. >=Very Good,1. Yes,4.597137006521336
2008,27,2. Married,1. White,Some College,2. Middle Atlantic,1. Industrial,1. <=Good,1. Yes,4.14612803567824
2008,52,2. Married,1. White,HS Grad,2. Middle Atlantic,2. Information,2. >=Very Good,1. Yes,4.666110171324537
2008,43,2. Married,1. White,HS Grad,2. Middle Atlantic,1. Industrial,1. <=Good,2. No,4.093020008023399
2004,52,2. Married,1. White,HS Grad,2. Middle Atlantic,1. Industrial,2. >=Very Good,1. Yes,4.961818312394331
2005,54,1. Never Married,2. Black,Some College,2. Middle Atlantic,2. Information,1. <=Good,1. Yes,4.69583177282669
2007,47,2. Married,1. White,HS Grad,2. Middle Atlantic,1. Industrial,1. <=Good,1. Yes,4.48933283928291
2005,21,1. Never Married,2. Black,Some College,2. Middle Atlantic,2. Information,2. >=Very Good,1. Yes,4.66275783168157
2005,42,2. Married,1. White,College Grad,2. Middle Atlantic,2. Information,2. >=Very Good,1. Yes,4.784951719265499
2003,72,2. Married,1. White,Advanced Degree,2. Middle Atlantic,2. Information,1. <=Good,1. Yes,5.2430380486863
2003,38,2. Married,3. Asian,HS Grad,2. Middle Atlantic,2. Information,1. <=Good,1. Yes,4.815491976207559
2009,53,2. Married,1. White,HS Grad,2. Middle Atlantic,1. Industrial,2. >=Very Good,1. Yes,4.332040794353835
2006,35,5. Separated,1. White,Some College,2. Middle Atlantic,2. Information,2. >=Very Good,2. No,4.39794000867204
2008,60,2. Married,1. White,HS Grad,2. Middle Atlantic,1. Industrial,2. >=Very Good,1. Yes,4.257162087221469
2003,39,2. Married,1. White,HS Grad,2. Middle Atlantic,2. Information,2. >=Very Good,1. Yes,4.726447293185024
2005,45,4. Divorced,2. Black,HS Grad,2. Middle Atlantic,2. Information,1. <=Good,2. No,4.423324222774328
2008,61,2. Married,1. White,HS Grad,2. Middle Atlantic,2. Information,1. <=Good,1. Yes,4.691717555233993
2008,64,4. Divorced,1. White,HS Grad,2. Middle Atlantic,2. Information,1. <=Good,1. Yes,4.3937600846576546
2004,39,2. Married,3. Asian,< HS Grad,2. Middle Atlantic,1. Industrial,2. >=Very Good,1. Yes,4.25527250510331
2007,46,2. Married,2. Black,Some College,2. Middle Atlantic,2. Information,1. <=Good,1. Yes,4.66275783168157
2008,25,1. Never Married,2. Black,Some College,2. Middle Atlantic,2. Information,2. >=Very Good,2. No,4.03342375548695
2003,80,2. Married,1. White,Some College,2. Middle Atlantic,2. Information,2. >=Very Good,1. Yes,4.54406804435028
2008,51,4. Divorced,1. White,Some College,2. Middle Atlantic,1. Industrial,2. >=Very Good,1. Yes,4.66275783168157
2004,58,2. Married,1. White,HS Grad,2. Middle Atlantic,1. Industrial,1. <=Good,1. Yes,4.215488540885148
2009,52,2. Married,1. White,Some College,2. Middle Atlantic,1. Industrial,2. >=Very Good,1. Yes,4.77815125038364
2004,45,2. Married,1. White,Advanced Degree,2. Middle Atlantic,2. Information,2. >=Very Good,1. Yes,4.92941892571429
2007,41,1. Never Married,1. White,Some College,2. Middle Atlantic,1. Industrial,2. >=Very Good,1. Yes,4.60205999132796
2004,42,2. Married,1. White,HS Grad,2. Middle Atlantic,1. Industrial,1. <=Good,1. Yes,4.757512741337419
2008,31,1. Never Married,1. White,Some College,2. Middle Atlantic,1. Industrial,1. <=Good,1. Yes,4.54406804435028
2004,49,4. Divorced,1. White,HS Grad,2. Middle Atlantic,2. Information,2. >=Very Good,1. Yes,4.923133865748011
2009,47,4. Divorced,1. White,HS Grad,2. Middle Atlantic,1. Industrial,1. <=Good,1. Yes,4.455330046795915
2005,39,2. Married,1. White,HS Grad,2. Middle Atlantic,2. Information,2. >=Very Good,1. Yes,4.466884697693999
2006,53,2. Married,1. White,College Grad,2. Middle Atlantic,2. Information,2. >=Very Good,1. Yes,4.568876857576206
2003,37,2. Married,1. White,HS Grad,2. Middle Atlantic,1. Industrial,1. <=Good,1. Yes,4.716395346222105
2003,52,2. Married,1. White,College Grad,2. Middle Atlantic,1. Industrial,2. >=Very Good,1. Yes,5.041144583679206
2006,41,2. Married,1. White,HS Grad,2. Middle Atlantic,1. Industrial,2. >=Very Good,1. Yes,4.77647285721705
2006,39,2. Married,3. Asian,College Grad,2. Middle Atlantic,2. Information,2. >=Very Good,1. Yes,5.079156349711768
2009,63,2. Married,1. White,Advanced Degree,2. Middle Atlantic,2. Information,2. >=Very Good,1. Yes,5.14612803567824
2007,23,1. Never Married,1. White,HS Grad,2. Middle Atlantic,1. Industrial,2. >=Very Good,2. No,4.2991165901815585
2004,62,2. Married,2. Black,HS Grad,2. Middle Atlantic,2. Information,2. >=Very Good,1. Yes,4.421416519704078
2004,43,2. Married,1. White,Advanced Degree,2. Middle Atlantic,2. Information,2. >=Very Good,1. Yes,5.60688524128857
2004,29,1. Never Married,2. Black,HS Grad,2. Middle Atlantic,1. Industrial,2. >=Very Good,2. No,4.691277350460674
2004,43,2. Married,3. Asian,Advanced Degree,2. Middle Atlantic,2. Information,2. >=Very Good,1. Yes,5.07918124604763
2008,34,2. Married,2. Black,College Grad,2. Middle Atlantic,2. Information,2. >=Very Good,2. No,4.881745349863456
2003,38,2. Married,3. Asian,Advanced Degree,2. Middle Atlantic,2. Information,2. >=Very Good,1. Yes,4.51851393987789
2005,25,1. Never Married,1. White,College Grad,2. Middle Atlantic,2. Information,2. >=Very Good,1. Yes,4.43074158441603
2005,64,2. Married,2. Black,HS Grad,2. Middle Atlantic,2. Information,1. <=Good,1. Yes,4.641499447472031
2003,49,2. Married,1. White,College Grad,2. Middle Atlantic,1. Industrial,2. >=Very Good,1. Yes,4.756836835767133
2009,46,2. Married,1. White,College Grad,2. Middle Atlantic,1. Industrial,2. >=Very Good,1. Yes,4.602079132779596
2006,30,2. Married,1. White,Advanced Degree,2. Middle Atlantic,2. Information,2. >=Very Good,1. Yes,4.74036268949424
2003,33,1. Never Married,1. White,Some College,2. Middle Atlantic,1. Industrial,1. <=Good,2. No,4.04921802267018
2007,29,2. Married,1. White,College Grad,2. Middle Atlantic,2. Information,2. >=Very Good,1. Yes,4.499202863712789
2008,32,2. Married,1. White,HS Grad,2. Middle Atlantic,2. Information,2. >=Very Good,1. Yes,4.838545635589625
2007,54,2. Married,1. White,HS Grad,2. Middle Atlantic,2. Information,1. <=Good,1. Yes,4.6022887849098195
2005,40,1. Never Married,2. Black,HS Grad,2. Middle Atlantic,1. Industrial,1. <=Good,1. Yes,4.345696287563025
2005,24,1. Never Married,1. White,College Grad,2. Middle Atlantic,1. Industrial,2. >=Very Good,1. Yes,4.674614448212536
2008,30,5. Separated,1. White,< HS Grad,2. Middle Atlantic,1. Industrial,1. <=Good,2. No,4.26007138798508
2009,49,2. Married,1. White,College Grad,2. Middle Atlantic,1. Industrial,2. >=Very Good,1. Yes,5.006674309210765
2006,47,2. Married,4. Other,HS Grad,2. Middle Atlantic,1. Industrial,1. <=Good,1. Yes,4.55070310679862
2008,25,1. Never Married,2. Black,HS Grad,2. Middle Atlantic,1. Industrial,2. >=Very Good,2. No,4.614048246579275
2007,44,2. Married,1. White,Some College,2. Middle Atlantic,1. Industrial,2. >=Very Good,1. Yes,4.90308998699194
2007,41,4. Divorced,1. White,< HS Grad,2. Middle Atlantic,2. Information,1. <=Good,1. Yes,4.57978359661681
2005,54,5. Separated,1. White,College Grad,2. Middle Atlantic,1. Industrial,2. >=Very Good,1. Yes,4.94804456794596
2009,59,2. Married,1. White,Advanced Degree,2. Middle Atlantic,2. Information,2. >=Very Good,1. Yes,5.30102999566398
2003,25,1. Never Married,1. White,HS Grad,2. Middle Atlantic,1. Industrial,2. >=Very Good,2. No,4.168374549655561
2009,63,2. Married,2. Black,Advanced Degree,2. Middle Atlantic,1. Industrial,2. >=Very Good,2. No,4.51851393987789
2009,49,1. Never Married,1. White,Some College,2. Middle Atlantic,2. Information,2. >=Very Good,1. Yes,4.69897000433602
2008,35,5. Separated,2. Black,Some College,2. Middle Atlantic,2. Information,2. >=Very Good,1. Yes,4.74036268949424
2006,24,1. Never Married,3. Asian,HS Grad,2. Middle Atlantic,1. Industrial,1. <=Good,2. No,4.175243606935195
2003,66,2. Married,1. White,HS Grad,2. Middle Atlantic,1. Industrial,1. <=Good,1. Yes,4.4171259296265974
2008,57,2. Married,4. Other,< HS Grad,2. Middle Atlantic,1. Industrial,2. >=Very Good,2. No,4.54406804435028
2003,47,2. Married,1. White,College Grad,2. Middle Atlantic,2. Information,2. >=Very Good,1. Yes,4.866984490448112
2006,44,2. Married,1. White,College Grad,2. Middle Atlantic,1. Industrial,1. <=Good,1. Yes,4.884808975539011
2006,56,2. Married,1. White,College Grad,2. Middle Atlantic,1. Industrial,2. >=Very Good,1. Yes,4.859030061458773
2004,34,2. Married,1. White,HS Grad,2. Middle Atlantic,2. Information,1. <=Good,2. No,4.844322274750257
2006,23,2. Married,1. White,< HS Grad,2. Middle Atlantic,1. Industrial,2. >=Very Good,2. No,3.69897000433602
2008,30,2. Married,1. White,College Grad,2. Middle Atlantic,1. Industrial,2. >=Very Good,1. Yes,4.773805130998319
2004,38,2. Married,1. White,Some College,2. Middle Atlantic,1. Industrial,2. >=Very Good,2. No,4.63346845557959
2004,43,2. Married,2. Black,< HS Grad,2. Middle Atlantic,2. Information,2. >=Very Good,1. Yes,4.38021124171161
2007,58,4. Divorced,1. White,Some College,2. Middle Atlantic,2. Information,1. <=Good,1. Yes,4.7160033436348
2005,36,2. Married,1. White,HS Grad,2. Middle Atlantic,1. Industrial,2. >=Very Good,2. No,4.3276612192510555
2007,48,1. Never Married,1. White,HS Grad,2. Middle Atlantic,2. Information,1. <=Good,1. Yes,4.142997168101788
2005,35,2. Married,1. White,HS Grad,2. Middle Atlantic,2. Information,2. >=Very Good,1. Yes,4.728861137166834
2006,22,1. Never Married,1. White,HS Grad,2. Middle Atlantic,2. Information,2. >=Very Good,2. No,4.7870000164555755
2007,50,2. Married,1. White,College Grad,2. Middle Atlantic,2. Information,2. >=Very Good,1. Yes,4.665581321274194
2004,58,2. Married,1. White,< HS Grad,2. Middle Atlantic,1. Industrial,1. <=Good,2. No,4.61278385671974
2003,20,1. Never Married,1. White,HS Grad,2. Middle Atlantic,2. Information,2. >=Very Good,2. No,4.112106386113411
2007,44,2. Married,1. White,HS Grad,2. Middle Atlantic,1. Industrial,2. >=Very Good,1. Yes,4.86864490758248
2003,50,2. Married,3. Asian,College Grad,2. Middle Atlantic,2. Information,2. >=Very Good,1. Yes,4.889502876377895
2009,55,2. Married,1. White,HS Grad,2. Middle Atlantic,1. Industrial,2. >=Very Good,1. Yes,4.531243353771194
2003,39,1. Never Married,1. White,HS Grad,2. Middle Atlantic,2. Information,2. >=Very Good,1. Yes,4.796961238678018
2008,32,1. Never Married,1. White,College Grad,2. Middle Atlantic,2. Information,2. >=Very Good,1. Yes,5.62321723414596
2008,50,2. Married,1. White,College Grad,2. Middle Atlantic,2. Information,2. >=Very Good,2. No,4.93407047250363
2009,24,2. Married,1. White,< HS Grad,2. Middle Atlantic,1. Industrial,2. >=Very Good,2. No,5
2009,53,2. Married,1. White,Some College,2. Middle Atlantic,2. Information,2. >=Very Good,1. Yes,4.69897000433602
2003,35,2. Married,1. White,HS Grad,2. Middle Atlantic,2. Information,1. <=Good,2. No,4.578123928619158
2003,25,1. Never Married,1. White,< HS Grad,2. Middle Atlantic,2. Information,2. >=Very Good,1. Yes,4.38021124171161
2006,24,1. Never Married,3. Asian,College Grad,2. Middle Atlantic,1. Industrial,2. >=Very Good,1. Yes,4.608137472004072
2005,57,5. Separated,1. White,College Grad,2. Middle Atlantic,1. Industrial,2. >=Very Good,1. Yes,4.947960101439988
2005,43,2. Married,1. White,< HS Grad,2. Middle Atlantic,2. Information,1. <=Good,1. Yes,4.17609125905568
2009,33,2. Married,1. White,Some College,2. Middle Atlantic,2. Information,2. >=Very Good,1. Yes,4.48072537898849
2005,40,2. Married,1. White,Some College,2. Middle Atlantic,2. Information,2. >=Very Good,1. Yes,4.51851393987789
2008,39,1. Never Married,1. White,College Grad,2. Middle Atlantic,1. Industrial,2. >=Very Good,1. Yes,4.395948272781985
2004,32,2. Married,1. White,Advanced Degree,2. Middle Atlantic,2. Information,2. >=Very Good,1. Yes,4.25527250510331
2005,48,4. Divorced,1. White,College Grad,2. Middle Atlantic,2. Information,2. >=Very Good,1. Yes,4.826363323502661
2004,29,2. Married,1. White,Advanced Degree,2. Middle Atlantic,1. Industrial,2. >=Very Good,1. Yes,4.54406804435028
2005,35,4. Divorced,1. White,College Grad,2. Middle Atlantic,1. Industrial,2. >=Very Good,1. Yes,4.641434310418595
2004,41,2. Married,1. White,HS Grad,2. Middle Atlantic,1. Industrial,2. >=Very Good,1. Yes,5.045369051711728
2009,52,2. Married,1. White,HS Grad,2. Middle Atlantic,1. Industrial,2. >=Very Good,1. Yes,4.824129317313674
2005,50,2. Married,1. White,HS Grad,2. Middle Atlantic,1. Industrial,1. <=Good,2. No,4.311363650767722
2004,35,2. Married,3. Asian,College Grad,2. Middle Atlantic,2. Information,2. >=Very Good,2. No,5.156012634295669
2007,27,2. Married,1. White,Some College,2. Middle Atlantic,1. Industrial,2. >=Very Good,1. Yes,4.60205999132796
2004,57,2. Married,1. White,Advanced Degree,2. Middle Atlantic,1. Industrial,1. <=Good,1. Yes,4.74036268949424
2004,48,2. Married,1. White,Some College,2. Middle Atlantic,2. Information,2. >=Very Good,2. No,4.57978359661681
2009,41,4. Divorced,2. Black,Some College,2. Middle Atlantic,2. Information,1. <=Good,1. Yes,4.5854607295085
2005,59,2. Married,1. White,Advanced Degree,2. Middle Atlantic,2. Information,2. >=Very Good,1. Yes,4.65321251377534
2003,55,2. Married,1. White,College Grad,2. Middle Atlantic,2. Information,2. >=Very Good,1. Yes,4.707384392771712
2005,54,4. Divorced,1. White,HS Grad,2. Middle Atlantic,2. Information,1. <=Good,1. Yes,4.894664609187208
2003,34,2. Married,1. White,Advanced Degree,2. Middle Atlantic,1. Industrial,2. >=Very Good,1. Yes,4.77815125038364
2009,43,1. Never Married,1. White,HS Grad,2. Middle Atlantic,2. Information,1. <=Good,1. Yes,4.582285723603084
2003,43,4. Divorced,2. Black,College Grad,2. Middle Atlantic,2. Information,2. >=Very Good,1. Yes,4.533693340328695
2003,62,3. Widowed,1. White,< HS Grad,2. Middle Atlantic,1. Industrial,1. <=Good,2. No,4.12762304959803
2006,45,1. Never Married,1. White,HS Grad,2. Middle Atlantic,2. Information,2. >=Very Good,2. No,4.584657418932609
2004,40,2. Married,1. White,College Grad,2. Middle Atlantic,1. Industrial,2. >=Very Good,1. Yes,5.047247423835959
2003,33,2. Married,1. White,HS Grad,2. Middle Atlantic,2. Information,2. >=Very Good,1. Yes,4.645476276908629
2005,45,2. Married,1. White,Advanced Degree,2. Middle Atlantic,2. Information,1. <=Good,1. Yes,5
2009,21,1. Never Married,1. White,Some College,2. Middle Atlantic,1. Industrial,2. >=Very Good,2. No,3.90308998699194
2009,54,2. Married,3. Asian,< HS Grad,2. Middle Atlantic,1. Industrial,1. <=Good,2. No,4.30102999566398
2003,43,2. Married,1. White,College Grad,2. Middle Atlantic,1. Industrial,2. >=Very Good,2. No,4.3049374269334395
2004,54,2. Married,1. White,College Grad,2. Middle Atlantic,1. Industrial,1. <=Good,1. Yes,4.726054470427131
2004,35,2. Married,1. White,< HS Grad,2. Middle Atlantic,1. Industrial,1. <=Good,1. Yes,4.69897000433602
2008,23,1. Never Married,1. White,Some College,2. Middle Atlantic,1. Industrial,2. >=Very Good,1. Yes,4.12057393120585
2006,61,3. Widowed,1. White,HS Grad,2. Middle Atlantic,1. Industrial,2. >=Very Good,1. Yes,4.613122735292248
2004,51,4. Divorced,1. White,College Grad,2. Middle Atlantic,1. Industrial,2. >=Very Good,1. Yes,4.852030534056829
2006,43,2. Married,1. White,Some College,2. Middle Atlantic,1. Industrial,2. >=Very Good,1. Yes,4.84509804001426
2003,20,1. Never Married,1. White,HS Grad,2. Middle Atlantic,1. Industrial,2. >=Very Good,2. No,4.361233597254246
2007,51,2. Married,4. Other,Some College,2. Middle Atlantic,1. Industrial,2. >=Very Good,1. Yes,4.93449845124357
2009,65,2. Married,1. White,HS Grad,2. Middle Atlantic,2. Information,1. <=Good,1. Yes,4.826102939939768
2009,37,2. Married,1. White,HS Grad,2. Middle Atlantic,1. Industrial,2. >=Very Good,1. Yes,4.801041943561543
2008,24,1. Never Married,1. White,HS Grad,2. Middle Atlantic,1. Industrial,2. >=Very Good,2. No,4.0377680405098895
2003,36,2. Married,1. White,HS Grad,2. Middle Atlantic,1. Industrial,1. <=Good,1. Yes,4.521318856869767
2005,45,2. Married,1. White,Some College,2. Middle Atlantic,2. Information,2. >=Very Good,2. No,4.8750612633917
2008,33,2. Married,1. White,Advanced Degree,2. Middle Atlantic,2. Information,2. >=Very Good,1. Yes,5.62321723414596
2009,36,4. Divorced,1. White,HS Grad,2. Middle Atlantic,1. Industrial,1. <=Good,2. No,4.750365541355424
2004,32,2. Married,1. White,HS Grad,2. Middle Atlantic,1. Industrial,2. >=Very Good,1. Yes,4.916409487265636
2009,45,2. Married,1. White,HS Grad,2. Middle Atlantic,1. Industrial,2. >=Very Good,1. Yes,4.6958810723263715
2003,51,2. Married,1. White,HS Grad,2. Middle Atlantic,1. Industrial,2. >=Very Good,2. No,4.649588523537207
2005,33,2. Married,1. White,Some College,2. Middle Atlantic,2. Information,2. >=Very Good,1. Yes,4.91907809237607
2003,47,4. Divorced,1. White,Some College,2. Middle Atlantic,1. Industrial,1. <=Good,1. Yes,4.43136376415899
2003,37,2. Married,1. White,Advanced Degree,2. Middle Atlantic,2. Information,2. >=Very Good,1. Yes,5.27875360095283
2008,41,2. Married,1. White,Some College,2. Middle Atlantic,2. Information,1. <=Good,1. Yes,4.79934054945358
2005,23,1. Never Married,1. White,HS Grad,2. Middle Atlantic,2. Information,2. >=Very Good,2. No,4.4745197895419695
2009,57,2. Married,1. White,College Grad,2. Middle Atlantic,1. Industrial,2. >=Very Good,1. Yes,4.77608995427954
2006,61,2. Married,1. White,Advanced Degree,2. Middle Atlantic,2. Information,2. >=Very Good,1. Yes,5
2007,47,4. Divorced,1. White,Some College,2. Middle Atlantic,1. Industrial,2. >=Very Good,1. Yes,4.44715803134222
2003,29,2. Married,3. Asian,College Grad,2. Middle Atlantic,2. Information,2. >=Very Good,1. Yes,4.349073139110863
2005,37,2. Married,1. White,HS Grad,2. Middle Atlantic,1. Industrial,2. >=Very Good,1. Yes,4.85162989557068
2005,57,2. Married,1. White,HS Grad,2. Middle Atlantic,1. Industrial,1. <=Good,1. Yes,5.018422622490163
2004,39,1. Never Married,1. White,Advanced Degree,2. Middle Atlantic,2. Information,1. <=Good,2. No,4.39794000867204
2007,59,2. Married,1. White,College Grad,2. Middle Atlantic,2. Information,2. >=Very Good,1. Yes,5.0528377081631195
2007,31,2. Married,1. White,College Grad,2. Middle Atlantic,2. Information,2. >=Very Good,1. Yes,4.8304790031770155
2009,26,1. Never Married,1. White,HS Grad,2. Middle Atlantic,1. Industrial,1. <=Good,2. No,4.556404277980036
2009,51,2. Married,1. White,HS Grad,2. Middle Atlantic,1. Industrial,2. >=Very Good,1. Yes,4.590120000561168
2006,38,2. Married,1. White,HS Grad,2. Middle Atlantic,1. Industrial,1. <=Good,2. No,4.768595106736475
2006,51,2. Married,1. White,College Grad,2. Middle Atlantic,2. Information,1. <=Good,2. No,4.632650802493857
2004,50,2. Married,1. White,HS Grad,2. Middle Atlantic,2. Information,2. >=Very Good,1. Yes,4.37844735175742
2005,32,2. Married,1. White,Advanced Degree,2. Middle Atlantic,1. Industrial,2. >=Very Good,1. Yes,4.77815125038364
2007,38,2. Married,1. White,College Grad,2. Middle Atlantic,2. Information,2. >=Very Good,1. Yes,5.2864698986620615
2005,49,2. Married,1. White,HS Grad,2. Middle Atlantic,1. Industrial,2. >=Very Good,1. Yes,5.014471087318029
2005,40,1. Never Married,1. White,Some College,2. Middle Atlantic,2. Information,2. >=Very Good,1. Yes,4.30102999566398
2007,60,2. Married,3. Asian,Advanced Degree,2. Middle Atlantic,2. Information,1. <=Good,1. Yes,5.04139268515823
2007,30,1. Never Married,1. White,College Grad,2. Middle Atlantic,2. Information,2. >=Very Good,1. Yes,4.494576800801201
2003,41,2. Married,1. White,College Grad,2. Middle Atlantic,2. Information,2. >=Very Good,1. Yes,4.75534898114183
2009,32,1. Never Married,1. White,Some College,2. Middle Atlantic,2. Information,1. <=Good,1. Yes,4.74036268949424
2009,26,1. Never Married,1. White,College Grad,2. Middle Atlantic,2. Information,2. >=Very Good,1. Yes,4.468486283788891
2004,41,2. Married,1. White,Some College,2. Middle Atlantic,1. Industrial,1. <=Good,1. Yes,4.39794000867204
2008,53,2. Married,1. White,HS Grad,2. Middle Atlantic,1. Industrial,1. <=Good,1. Yes,4.943357938057287
2005,35,2. Married,1. White,Some College,2. Middle Atlantic,2. Information,2. >=Very Good,2. No,4.57978359661681
2008,50,2. Married,1. White,HS Grad,2. Middle Atlantic,1. Industrial,2. >=Very Good,1. Yes,4.65985648204326
2004,43,2. Married,1. White,College Grad,2. Middle Atlantic,2. Information,2. >=Very Good,1. Yes,5.088629949267267
2003,50,5. Separated,1. White,HS Grad,2. Middle Atlantic,2. Information,1. <=Good,1. Yes,4.078910135427356
2009,19,1. Never Married,2. Black,HS Grad,2. Middle Atlantic,2. Information,1. <=Good,2. No,4.342872895592624
2004,42,2. Married,1. White,HS Grad,2. Middle Atlantic,1. Industrial,2. >=Very Good,2. No,4.363625338166236
2007,53,2. Married,3. Asian,HS Grad,2. Middle Atlantic,1. Industrial,2. >=Very Good,1. Yes,4.412842221177202
2004,22,1. Never Married,2. Black,Some College,2. Middle Atlantic,2. Information,1. <=Good,2. No,4.55630250076729
2003,49,2. Married,1. White,HS Grad,2. Middle Atlantic,1. Industrial,1. <=Good,1. Yes,4.526361496166037
2005,33,1. Never Married,1. White,HS Grad,2. Middle Atlantic,1. Industrial,2. >=Very Good,1. Yes,4.9091805327954106
2005,31,1. Never Married,1. White,HS Grad,2. Middle Atlantic,1. Industrial,1. <=Good,1. Yes,4.573711862796668
2004,43,2. Married,1. White,< HS Grad,2. Middle Atlantic,1. Industrial,1. <=Good,1. Yes,4.50514997831991
2009,57,2. Married,1. White,Advanced Degree,2. Middle Atlantic,2. Information,2. >=Very Good,2. No,4.69897000433602
2005,40,2. Married,1. White,Advanced Degree,2. Middle Atlantic,2. Information,2. >=Very Good,1. Yes,5
2003,48,2. Married,1. White,HS Grad,2. Middle Atlantic,2. Information,2. >=Very Good,1. Yes,4.232044638484273
2004,46,2. Married,1. White,College Grad,2. Middle Atlantic,1. Industrial,2. >=Very Good,1. Yes,4.810328004846643
2009,58,2. Married,1. White,College Grad,2. Middle Atlantic,1. Industrial,2. >=Very Good,1. Yes,4.6148767287121375
2003,50,2. Married,1. White,< HS Grad,2. Middle Atlantic,1. Industrial,2. >=Very Good,1. Yes,4.65321251377534
2005,38,2. Married,1. White,Some College,2. Middle Atlantic,2. Information,2. >=Very Good,1. Yes,4.60205999132796
2004,33,1. Never Married,1. White,Advanced Degree,2. Middle Atlantic,2. Information,2. >=Very Good,1. Yes,4.61909333062674
2007,52,2. Married,1. White,Some College,2. Middle Atlantic,2. Information,2. >=Very Good,1. Yes,5.00432137378264
2004,48,2. Married,1. White,< HS Grad,2. Middle Atlantic,1. Industrial,1. <=Good,2. No,4.30102999566398
2006,53,2. Married,1. White,Advanced Degree,2. Middle Atlantic,2. Information,2. >=Very Good,2. No,5.07918124604763
2008,37,1. Never Married,1. White,Some College,2. Middle Atlantic,2. Information,2. >=Very Good,1. Yes,4.77815125038364
2007,43,2. Married,1. White,HS Grad,2. Middle Atlantic,1. Industrial,2. >=Very Good,2. No,4.836293687064545
2008,54,2. Married,1. White,Some College,2. Middle Atlantic,1. Industrial,2. >=Very Good,1. Yes,4.68124123737559
2004,41,2. Married,1. White,Advanced Degree,2. Middle Atlantic,2. Information,2. >=Very Good,1. Yes,5.04257551244019
2005,57,2. Married,1. White,College Grad,2. Middle Atlantic,1. Industrial,1. <=Good,2. No,4.190973992524606
2007,54,2. Married,1. White,Advanced Degree,2. Middle Atlantic,1. Industrial,2. >=Very Good,1. Yes,4.77524625974024
2009,25,4. Divorced,1. White,HS Grad,2. Middle Atlantic,1. Industrial,1. <=Good,1. Yes,4.288551193475476
2003,35,5. Separated,1. White,< HS Grad,2. Middle Atlantic,2. Information,2. >=Very Good,2. No,4.13033376849501
2008,29,2. Married,1. White,Some College,2. Middle Atlantic,1. Industrial,2. >=Very Good,1. Yes,5.20411998265593
2009,36,2. Married,1. White,HS Grad,2. Middle Atlantic,1. Industrial,2. >=Very Good,1. Yes,5.59061783348625
2005,43,2. Married,1. White,College Grad,2. Middle Atlantic,1. Industrial,1. <=Good,1. Yes,4.8083396050239005
2007,41,2. Married,1. White,College Grad,2. Middle Atlantic,2. Information,2. >=Very Good,1. Yes,5.229077147069977
2003,52,2. Married,1. White,College Grad,2. Middle Atlantic,1. Industrial,2. >=Very Good,2. No,4.183846102053
2005,48,2. Married,1. White,HS Grad,2. Middle Atlantic,1. Industrial,1. <=Good,2. No,4.091666451855054
2003,51,2. Married,2. Black,HS Grad,2. Middle Atlantic,2. Information,2. >=Very Good,2. No,4.234377057702898
2004,55,2. Married,1. White,Some College,2. Middle Atlantic,2. Information,2. >=Very Good,1. Yes,4.77815125038364
2004,37,2. Married,1. White,Advanced Degree,2. Middle Atlantic,2. Information,2. >=Very Good,2. No,4.57978359661681
2007,48,1. Never Married,1. White,Some College,2. Middle Atlantic,1. Industrial,2. >=Very Good,1. Yes,4.7160033436348
2003,42,2. Married,1. White,< HS Grad,2. Middle Atlantic,1. Industrial,1. <=Good,1. Yes,4.6232492903979
2007,43,2. Married,1. White,College Grad,2. Middle Atlantic,1. Industrial,2. >=Very Good,1. Yes,4.721675716237764
2006,32,2. Married,1. White,HS Grad,2. Middle Atlantic,1. Industrial,1. <=Good,2. No,4.590593500394917
2006,33,1. Never Married,1. White,College Grad,2. Middle Atlantic,1. Industrial,1. <=Good,1. Yes,4.471452812521511
2003,48,2. Married,1. White,HS Grad,2. Middle Atlantic,1. Industrial,2. >=Very Good,2. No,4.109731034321901
2009,20,1. Never Married,2. Black,Some College,2. Middle Atlantic,2. Information,2. >=Very Good,2. No,3.83657727484065
2005,43,2. Married,1. White,HS Grad,2. Middle Atlantic,1. Industrial,2. >=Very Good,1. Yes,5.008270979319798
2003,58,4. Divorced,2. Black,HS Grad,2. Middle Atlantic,2. Information,1. <=Good,1. Yes,4.072460644942255
2004,38,2. Married,1. White,Some College,2. Middle Atlantic,1. Industrial,2. >=Very Good,1. Yes,4.60205999132796
2008,23,1. Never Married,1. White,HS Grad,2. Middle Atlantic,2. Information,2. >=Very Good,2. No,4.289085823267717
2009,54,4. Divorced,1. White,HS Grad,2. Middle Atlantic,1. Industrial,1. <=Good,1. Yes,4.674858975757865
2007,66,2. Married,1. White,Advanced Degree,2. Middle Atlantic,1. Industrial,1. <=Good,1. Yes,4.60205999132796
2009,47,2. Married,1. White,Advanced Degree,2. Middle Atlantic,2. Information,2. >=Very Good,1. Yes,5.02938377768521
2003,35,2. Married,1. White,Some College,2. Middle Atlantic,2. Information,1. <=Good,2. No,4.34242268082221
2008,39,2. Married,1. White,HS Grad,2. Middle Atlantic,1. Industrial,2. >=Very Good,1. Yes,5.262805639004344
2005,35,1. Never Married,2. Black,Some College,2. Middle Atlantic,2. Information,2. >=Very Good,1. Yes,4.82994669594164
2006,40,2. Married,1. White,Some College,2. Middle Atlantic,1. Industrial,2. >=Very Good,1. Yes,4.32559775286002
2006,41,2. Married,3. Asian,HS Grad,2. Middle Atlantic,1. Industrial,2. >=Very Good,1. Yes,4.816408399657002
2004,40,2. Married,1. White,Advanced Degree,2. Middle Atlantic,2. Information,2. >=Very Good,1. Yes,5.17609125905568
2006,50,2. Married,2. Black,HS Grad,2. Middle Atlantic,1. Industrial,1. <=Good,2. No,4.1075338504085375
2004,35,2. Married,1. White,HS Grad,2. Middle Atlantic,1. Industrial,2. >=Very Good,1. Yes,4.865063366537314
2009,43,2. Married,1. White,Some College,2. Middle Atlantic,1. Industrial,1. <=Good,2. No,4.55630250076729
2005,26,1. Never Married,1. White,Some College,2. Middle Atlantic,2. Information,2. >=Very Good,1. Yes,4.65321251377534
2009,23,1. Never Married,1. White,HS Grad,2. Middle Atlantic,2. Information,2. >=Very Good,2. No,3.8345890027019744
2003,61,2. Married,1. White,Advanced Degree,2. Middle Atlantic,2. Information,2. >=Very Good,2. No,4.8750612633917
2004,24,1. Never Married,1. White,College Grad,2. Middle Atlantic,2. Information,1. <=Good,1. Yes,3.7493666195274504
2006,66,2. Married,2. Black,Some College,2. Middle Atlantic,2. Information,2. >=Very Good,1. Yes,4.77815125038364
2006,50,3. Widowed,1. White,HS Grad,2. Middle Atlantic,1. Industrial,2. >=Very Good,1. Yes,4.617194175041828
2005,22,1. Never Married,1. White,HS Grad,2. Middle Atlantic,2. Information,1. <=Good,2. No,4.159234299972944
2004,62,2. Married,2. Black,HS Grad,2. Middle Atlantic,2. Information,1. <=Good,1. Yes,4.411370047707265
2003,55,2. Married,1. White,College Grad,2. Middle Atlantic,2. Information,2. >=Very Good,1. Yes,4.516915904967337
2004,41,2. Married,1. White,College Grad,2. Middle Atlantic,1. Industrial,2. >=Very Good,2. No,4.304339258345726
2005,54,2. Married,1. White,College Grad,2. Middle Atlantic,2. Information,2. >=Very Good,1. Yes,4.993228559335079
2009,29,2. Married,3. Asian,College Grad,2. Middle Atlantic,1. Industrial,2. >=Very Good,2. No,4.821433478032727
2004,39,2. Married,2. Black,HS Grad,2. Middle Atlantic,1. Industrial,1. <=Good,1. Yes,4.91142485113344
2006,71,4. Divorced,1. White,College Grad,2. Middle Atlantic,2. Information,1. <=Good,2. No,4.387144362357993
2003,22,1. Never Married,1. White,College Grad,2. Middle Atlantic,1. Industrial,2. >=Very Good,1. Yes,4.423865895582345
2007,48,2. Married,1. White,College Grad,2. Middle Atlantic,2. Information,2. >=Very Good,2. No,4.880723876323338
2009,35,2. Married,1. White,Some College,2. Middle Atlantic,1. Industrial,1. <=Good,1. Yes,4.75587485567249
2003,46,2. Married,1. White,College Grad,2. Middle Atlantic,1. Industrial,1. <=Good,2. No,4.597690506494593
2003,51,2. Married,1. White,< HS Grad,2. Middle Atlantic,1. Industrial,1. <=Good,1. Yes,4.69897000433602
2005,55,2. Married,1. White,HS Grad,2. Middle Atlantic,2. Information,1. <=Good,1. Yes,4.511934301172585
2005,36,2. Married,1. White,HS Grad,2. Middle Atlantic,2. Information,2. >=Very Good,1. Yes,4.977644734970143
2008,57,2. Married,1. White,HS Grad,2. Middle Atlantic,1. Industrial,2. >=Very Good,2. No,4.472798122873855
2005,21,2. Married,1. White,HS Grad,2. Middle Atlantic,1. Industrial,2. >=Very Good,1. Yes,5.046005308288341
2006,60,2. Married,1. White,Advanced Degree,2. Middle Atlantic,2. Information,2. >=Very Good,1. Yes,4.85733249643127
2006,41,1. Never Married,2. Black,Some College,2. Middle Atlantic,1. Industrial,1. <=Good,2. No,4.30102999566398
2004,56,2. Married,1. White,College Grad,2. Middle Atlantic,2. Information,1. <=Good,1. Yes,4.880679951673146
2005,32,1. Never Married,1. White,College Grad,2. Middle Atlantic,2. Information,2. >=Very Good,1. Yes,4.603173246544318
2003,32,2. Married,1. White,HS Grad,2. Middle Atlantic,1. Industrial,1. <=Good,1. Yes,4.254792475615026
2006,36,4. Divorced,1. White,Some College,2. Middle Atlantic,1. Industrial,2. >=Very Good,1. Yes,4.68124123737559
2006,28,1. Never Married,1. White,HS Grad,2. Middle Atlantic,1. Industrial,1. <=Good,2. No,4.188618315247201
2009,60,2. Married,1. White,Advanced Degree,2. Middle Atlantic,2. Information,1. <=Good,2. No,4.92941892571429
2003,41,2. Married,1. White,Some College,2. Middle Atlantic,2. Information,2. >=Very Good,1. Yes,4.49136169383427
2006,55,2. Married,1. White,Some College,2. Middle Atlantic,1. Industrial,1. <=Good,1. Yes,4.60205999132796
2003,36,2. Married,2. Black,Some College,2. Middle Atlantic,1. Industrial,2. >=Very Good,1. Yes,4.69897000433602
2006,46,1. Never Married,2. Black,Some College,2. Middle Atlantic,2. Information,2. >=Very Good,1. Yes,4.50514997831991
2008,62,2. Married,1. White,HS Grad,2. Middle Atlantic,1. Industrial,2. >=Very Good,2. No,4.6311848283284345
2006,44,2. Married,1. White,HS Grad,2. Middle Atlantic,1. Industrial,2. >=Very Good,2. No,4.640180829663434
2006,36,2. Married,1. White,College Grad,2. Middle Atlantic,1. Industrial,2. >=Very Good,1. Yes,4.884070839929709
2004,41,2. Married,1. White,HS Grad,2. Middle Atlantic,2. Information,2. >=Very Good,1. Yes,4.911277930417818
2006,22,1. Never Married,1. White,College Grad,2. Middle Atlantic,2. Information,2. >=Very Good,1. Yes,4.704617087882559
2008,51,2. Married,1. White,Advanced Degree,2. Middle Atlantic,2. Information,2. >=Very Good,1. Yes,4.86740855652279
2008,57,2. Married,1. White,< HS Grad,2. Middle Atlantic,2. Information,1. <=Good,1. Yes,4.70757017609794
2005,55,2. Married,1. White,HS Grad,2. Middle Atlantic,2. Information,1. <=Good,1. Yes,4.653917101063341
2003,36,2. Married,1. White,College Grad,2. Middle Atlantic,2. Information,2. >=Very Good,1. Yes,5.189815127920934
2008,43,2. Married,1. White,Advanced Degree,2. Middle Atlantic,2. Information,2. >=Very Good,1. Yes,5.62321723414596
2003,38,2. Married,1. White,Some College,2. Middle Atlantic,2. Information,1. <=Good,2. No,3.17609125905568
2006,27,1. Never Married,1. White,Some College,2. Middle Atlantic,2. Information,2. >=Very Good,2. No,4.64345267648619
2007,32,2. Married,1. White,Some College,2. Middle Atlantic,1. Industrial,2. >=Very Good,1. Yes,4.77815125038364
2009,44,1. Never Married,1. White,< HS Grad,2. Middle Atlantic,1. Industrial,1. <=Good,2. No,4.27230584440209
2008,56,2. Married,3. Asian,College Grad,2. Middle Atlantic,1. Industrial,2. >=Very Good,1. Yes,5.62321723414596
2007,38,2. Married,2. Black,College Grad,2. Middle Atlantic,2. Information,2. >=Very Good,1. Yes,5.092205035176584
2003,36,2. Married,1. White,< HS Grad,2. Middle Atlantic,1. Industrial,1. <=Good,2. No,4.60205999132796
2005,28,1. Never Married,1. White,Some College,2. Middle Atlantic,1. Industrial,2. >=Very Good,1. Yes,4.69019608002851
2005,39,2. Married,1. White,HS Grad,2. Middle Atlantic,1. Industrial,2. >=Very Good,1. Yes,4.556818680762083
2008,42,1. Never Married,2. Black,HS Grad,2. Middle Atlantic,2. Information,2. >=Very Good,2. No,4.433939405834078
2009,51,2. Married,1. White,< HS Grad,2. Middle Atlantic,1. Industrial,1. <=Good,1. Yes,4.41497334797082
2004,55,2. Married,2. Black,HS Grad,2. Middle Atlantic,2. Information,1. <=Good,1. Yes,4.499743244018901
2007,39,1. Never Married,1. White,Advanced Degree,2. Middle Atlantic,2. Information,2. >=Very Good,1. Yes,4.8750612633917
2003,42,2. Married,1. White,< HS Grad,2. Middle Atlantic,1. Industrial,2. >=Very Good,2. No,4.69780453269401
2006,33,2. Married,2. Black,Advanced Degree,2. Middle Atlantic,2. Information,2. >=Very Good,1. Yes,4.7634279935629404
2008,23,1. Never Married,1. White,HS Grad,2. Middle Atlantic,2. Information,1. <=Good,1. Yes,4.312265108323616
2003,40,2. Married,1. White,College Grad,2. Middle Atlantic,1. Industrial,2. >=Very Good,1. Yes,4.606647437463817
2003,40,2. Married,1. White,Some College,2. Middle Atlantic,1. Industrial,1. <=Good,2. No,4.39269695325967
2009,51,2. Married,3. Asian,Some College,2. Middle Atlantic,1. Industrial,1. <=Good,1. Yes,4.68124123737559
2007,76,2. Married,3. Asian,College Grad,2. Middle Atlantic,1. Industrial,1. <=Good,1. Yes,4.166463371495455
2007,57,4. Divorced,1. White,Advanced Degree,2. Middle Atlantic,1. Industrial,1. <=Good,1. Yes,4.47712125471966
2003,27,5. Separated,1. White,Some College,2. Middle Atlantic,1. Industrial,2. >=Very Good,1. Yes,4.55630250076729
2005,26,1. Never Married,2. Black,HS Grad,2. Middle Atlantic,1. Industrial,2. >=Very Good,1. Yes,4.43874333421966
2005,25,2. Married,1. White,HS Grad,2. Middle Atlantic,1. Industrial,1. <=Good,1. Yes,4.609216814509353
2005,27,2. Married,1. White,Some College,2. Middle Atlantic,1. Industrial,2. >=Very Good,1. Yes,4.61909333062674
2004,33,1. Never Married,1. White,Some College,2. Middle Atlantic,2. Information,1. <=Good,1. Yes,4.47712125471966
2003,51,4. Divorced,1. White,< HS Grad,2. Middle Atlantic,1. Industrial,2. >=Very Good,1. Yes,4.47712125471966
2005,22,1. Never Married,1. White,College Grad,2. Middle Atlantic,2. Information,2. >=Very Good,1. Yes,4.544511854129454
2005,47,2. Married,1. White,HS Grad,2. Middle Atlantic,1. Industrial,1. <=Good,1. Yes,4.949694319777462
2009,34,1. Never Married,1. White,Some College,2. Middle Atlantic,2. Information,2. >=Very Good,1. Yes,4.91645394854993
2008,47,4. Divorced,1. White,Some College,2. Middle Atlantic,1. Industrial,2. >=Very Good,1. Yes,4.68124123737559
2005,31,1. Never Married,1. White,Some College,2. Middle Atlantic,1. Industrial,2. >=Very Good,1. Yes,4.81291335664286
2005,46,2. Married,1. White,HS Grad,2. Middle Atlantic,1. Industrial,1. <=Good,1. Yes,4.409771279999338
2006,47,2. Married,1. White,HS Grad,2. Middle Atlantic,2. Information,2. >=Very Good,1. Yes,4.4540353335790375
2006,49,2. Married,1. White,College Grad,2. Middle Atlantic,1. Industrial,2. >=Very Good,1. Yes,5.027319399774587
2003,40,2. Married,2. Black,College Grad,2. Middle Atlantic,1. Industrial,2. >=Very Good,1. Yes,4.8933960573308255
2004,51,2. Married,1. White,< HS Grad,2. Middle Atlantic,2. Information,2. >=Very Good,1. Yes,4.39794000867204
2008,31,2. Married,1. White,Some College,2. Middle Atlantic,1. Industrial,2. >=Very Good,1. Yes,4.33445375115093
2003,58,2. Married,1. White,HS Grad,2. Middle Atlantic,2. Information,2. >=Very Good,1. Yes,4.586671625868438
2005,48,2. Married,2. Black,Some College,2. Middle Atlantic,1. Industrial,2. >=Very Good,2. No,4.4749297859928
2004,54,4. Divorced,2. Black,College Grad,2. Middle Atlantic,1. Industrial,2. >=Very Good,1. Yes,4.7203487919249545
2007,56,1. Never Married,1. White,Advanced Degree,2. Middle Atlantic,2. Information,2. >=Very Good,2. No,5.03742649794062
2007,61,2. Married,1. White,HS Grad,2. Middle Atlantic,1. Industrial,1. <=Good,1. Yes,4.698764055986675
2009,32,2. Married,3. Asian,Advanced Degree,2. Middle Atlantic,1. Industrial,2. >=Very Good,1. Yes,4.92941892571429
2007,60,2. Married,1. White,College Grad,2. Middle Atlantic,2. Information,2. >=Very Good,2. No,5.053914299814505
2006,42,2. Married,1. White,Some College,2. Middle Atlantic,1. Industrial,2. >=Very Good,1. Yes,4.92941892571429
2003,22,1. Never Married,3. Asian,Some College,2. Middle Atlantic,2. Information,2. >=Very Good,2. No,3.80617997398389
2003,46,2. Married,1. White,Some College,2. Middle Atlantic,1. Industrial,2. >=Very Good,1. Yes,4.67024585307412
2005,53,2. Married,1. White,< HS Grad,2. Middle Atlantic,2. Information,2. >=Very Good,1. Yes,4.74036268949424
2008,43,4. Divorced,1. White,College Grad,2. Middle Atlantic,1. Industrial,2. >=Very Good,1. Yes,4.286564007406926
2009,32,1. Never Married,1. White,HS Grad,2. Middle Atlantic,1. Industrial,2. >=Very Good,1. Yes,4.278750514618026
2009,30,2. Married,1. White,College Grad,2. Middle Atlantic,1. Industrial,2. >=Very Good,1. Yes,4.911452504268941
2009,50,1. Never Married,2. Black,Advanced Degree,2. Middle Atlantic,2. Information,1. <=Good,1. Yes,4.69897000433602
2006,40,2. Married,1. White,Advanced Degree,2. Middle Atlantic,2. Information,2. >=Very Good,1. Yes,5.62689955920852
2009,55,2. Married,1. White,< HS Grad,2. Middle Atlantic,2. Information,2. >=Very Good,2. No,4.38021124171161
2004,42,2. Married,1. White,College Grad,2. Middle Atlantic,2. Information,2. >=Very Good,1. Yes,5.0087951666322175
2004,35,1. Never Married,1. White,HS Grad,2. Middle Atlantic,1. Industrial,2. >=Very Good,1. Yes,4.3358772248185655
2004,33,2. Married,1. White,College Grad,2. Middle Atlantic,2. Information,2. >=Very Good,1. Yes,4.689887090610254
2004,33,2. Married,1. White,Some College,2. Middle Atlantic,2. Information,1. <=Good,1. Yes,4.63346845557959
2003,38,2. Married,1. White,HS Grad,2. Middle Atlantic,2. Information,2. >=Very Good,1. Yes,4.914930222349048
2009,41,2. Married,1. White,HS Grad,2. Middle Atlantic,2. Information,2. >=Very Good,1. Yes,4.867992844270764
2009,42,2. Married,1. White,Advanced Degree,2. Middle Atlantic,2. Information,2. >=Very Good,2. No,4.81624129999178
2009,58,2. Married,1. White,College Grad,2. Middle Atlantic,2. Information,2. >=Very Good,1. Yes,4.996600110040258
2009,45,2. Married,1. White,HS Grad,2. Middle Atlantic,1. Industrial,1. <=Good,2. No,4.397829213688695
2009,47,1. Never Married,1. White,HS Grad,2. Middle Atlantic,2. Information,2. >=Very Good,1. Yes,4.638465096165303
2005,30,2. Married,1. White,HS Grad,2. Middle Atlantic,2. Information,2. >=Very Good,1. Yes,4.715361939303793
2009,34,2. Married,1. White,College Grad,2. Middle Atlantic,2. Information,2. >=Very Good,1. Yes,5.166557732217778
2006,43,2. Married,1. White,Advanced Degree,2. Middle Atlantic,2. Information,2. >=Very Good,2. No,5.00860017176192
2008,58,5. Separated,1. White,< HS Grad,2. Middle Atlantic,1. Industrial,2. >=Very Good,1. Yes,4.60205999132796
2009,44,2. Married,2. Black,Some College,2. Middle Atlantic,1. Industrial,1. <=Good,2. No,4.6532318153234
2005,28,2. Married,1. White,< HS Grad,2. Middle Atlantic,1. Industrial,2. >=Very Good,2. No,4.11394335230684
2004,46,2. Married,1. White,Some College,2. Middle Atlantic,2. Information,2. >=Very Good,1. Yes,4.66275783168157
2008,36,2. Married,1. White,Some College,2. Middle Atlantic,1. Industrial,2. >=Very Good,1. Yes,4.68124123737559
2007,37,2. Married,2. Black,HS Grad,2. Middle Atlantic,2. Information,2. >=Very Good,1. Yes,4.467202525781544
2008,47,2. Married,1. White,College Grad,2. Middle Atlantic,2. Information,2. >=Very Good,1. Yes,5.197988332343901
2007,56,4. Divorced,1. White,Some College,2. Middle Atlantic,2. Information,2. >=Very Good,2. No,4.60205999132796
2009,38,2. Married,1. White,Some College,2. Middle Atlantic,2. Information,2. >=Very Good,1. Yes,4.7160033436348
2007,41,1. Never Married,2. Black,< HS Grad,2. Middle Atlantic,1. Industrial,2. >=Very Good,2. No,4.32221929473392
2004,62,2. Married,1. White,Some College,2. Middle Atlantic,2. Information,1. <=Good,1. Yes,4.54406804435028
2004,40,2. Married,1. White,Some College,2. Middle Atlantic,2. Information,2. >=Very Good,1. Yes,4.47712125471966
2004,44,2. Married,3. Asian,Advanced Degree,2. Middle Atlantic,2. Information,2. >=Very Good,1. Yes,4.81291335664286
2007,56,2. Married,1. White,College Grad,2. Middle Atlantic,1. Industrial,2. >=Very Good,1. Yes,4.50893949617707
2008,51,2. Married,2. Black,Some College,2. Middle Atlantic,1. Industrial,2. >=Very Good,2. No,4.34242268082221
2005,41,2. Married,1. White,Some College,2. Middle Atlantic,1. Industrial,2. >=Very Good,2. No,4.46239799789896
2005,52,2. Married,1. White,Advanced Degree,2. Middle Atlantic,2. Information,2. >=Very Good,1. Yes,5.17609125905568
2008,27,2. Married,1. White,Some College,2. Middle Atlantic,2. Information,2. >=Very Good,1. Yes,4.61278385671974
2004,52,2. Married,1. White,College Grad,2. Middle Atlantic,1. Industrial,1. <=Good,1. Yes,4.624705353084266
2005,51,4. Divorced,1. White,HS Grad,2. Middle Atlantic,1. Industrial,1. <=Good,2. No,4.103567257605693
2009,51,2. Married,1. White,HS Grad,2. Middle Atlantic,1. Industrial,1. <=Good,1. Yes,4.389806850300989
2005,28,1. Never Married,1. White,College Grad,2. Middle Atlantic,2. Information,2. >=Very Good,1. Yes,4.465618504260565
2007,49,1. Never Married,1. White,HS Grad,2. Middle Atlantic,2. Information,2. >=Very Good,2. No,3.94603233203465
2007,61,2. Married,1. White,< HS Grad,2. Middle Atlantic,1. Industrial,2. >=Very Good,1. Yes,4.74036268949424
2006,39,2. Married,1. White,HS Grad,2. Middle Atlantic,2. Information,1. <=Good,1. Yes,4.731632964391901
2005,23,1. Never Married,1. White,< HS Grad,2. Middle Atlantic,1. Industrial,2. >=Very Good,2. No,4.49415459401844
2007,53,2. Married,1. White,Advanced Degree,2. Middle Atlantic,1. Industrial,2. >=Very Good,1. Yes,5.02259743678984
2004,55,1. Never Married,3. Asian,Some College,2. Middle Atlantic,2. Information,2. >=Very Good,1. Yes,4.47712125471966
2005,48,1. Never Married,2. Black,HS Grad,2. Middle Atlantic,2. Information,2. >=Very Good,1. Yes,4.47109961252243
2007,50,2. Married,1. White,College Grad,2. Middle Atlantic,2. Information,2. >=Very Good,1. Yes,4.562163641294632
2009,31,1. Never Married,1. White,< HS Grad,2. Middle Atlantic,1. Industrial,2. >=Very Good,2. No,4.17609125905568
2007,53,2. Married,1. White,HS Grad,2. Middle Atlantic,1. Industrial,1. <=Good,1. Yes,4.957518788210458
2008,49,2. Married,1. White,College Grad,2. Middle Atlantic,1. Industrial,2. >=Very Good,2. No,4.998160889931268
2003,49,1. Never Married,1. White,College Grad,2. Middle Atlantic,1. Industrial,2. >=Very Good,2. No,4.822846574042476
2004,43,2. Married,1. White,HS Grad,2. Middle Atlantic,1. Industrial,2. >=Very Good,1. Yes,5.018709319680565
2007,20,1. Never Married,1. White,HS Grad,2. Middle Atlantic,1. Industrial,2. >=Very Good,1. Yes,4.29666616516847
2008,46,4. Divorced,1. White,HS Grad,2. Middle Atlantic,2. Information,2. >=Very Good,1. Yes,4.696765555890358
2005,48,2. Married,1. White,College Grad,2. Middle Atlantic,1. Industrial,2. >=Very Good,1. Yes,5.034171440072822
2005,19,1. Never Married,1. White,HS Grad,2. Middle Atlantic,1. Industrial,2. >=Very Good,2. No,4.376312857776644
2004,56,4. Divorced,1. White,College Grad,2. Middle Atlantic,1. Industrial,2. >=Very Good,1. Yes,4.358972888188776
2003,44,2. Married,1. White,Some College,2. Middle Atlantic,1. Industrial,2. >=Very Good,2. No,4.6232492903979
2009,23,1. Never Married,1. White,HS Grad,2. Middle Atlantic,1. Industrial,2. >=Very Good,2. No,4.577709947707238
2005,42,1. Never Married,1. White,College Grad,2. Middle Atlantic,2. Information,1. <=Good,1. Yes,4.5487291551645725
2008,32,2. Married,1. White,Advanced Degree,2. Middle Atlantic,1. Industrial,2. >=Very Good,2. No,4.77815125038364
2003,32,1. Never Married,1. White,HS Grad,2. Middle Atlantic,1. Industrial,2. >=Very Good,2. No,4.520057534969885
2003,43,2. Married,1. White,HS Grad,2. Middle Atlantic,1. Industrial,2. >=Very Good,2. No,4.272078649751181
2008,57,1. Never Married,2. Black,College Grad,2. Middle Atlantic,1. Industrial,2. >=Very Good,1. Yes,4.867607117234245
2008,26,2. Married,2. Black,Some College,2. Middle Atlantic,2. Information,1. <=Good,1. Yes,4.69897000433602
2009,67,4. Divorced,1. White,Some College,2. Middle Atlantic,2. Information,1. <=Good,1. Yes,5.02118929906994
2004,31,2. Married,1. White,Advanced Degree,2. Middle Atlantic,2. Information,2. >=Very Good,1. Yes,5.17609125905568
2006,49,4. Divorced,1. White,Some College,2. Middle Atlantic,2. Information,2. >=Very Good,1. Yes,4.64345267648619
2005,29,1. Never Married,1. White,College Grad,2. Middle Atlantic,1. Industrial,1. <=Good,1. Yes,4.755324325429527
2008,41,2. Married,1. White,Some College,2. Middle Atlantic,1. Industrial,1. <=Good,2. No,4.69019608002851
2006,35,2. Married,1. White,HS Grad,2. Middle Atlantic,2. Information,1. <=Good,1. Yes,4.667220843983721
2009,39,2. Married,1. White,HS Grad,2. Middle Atlantic,1. Industrial,2. >=Very Good,2. No,4.547215233166064
2004,33,5. Separated,2. Black,Some College,2. Middle Atlantic,2. Information,2. >=Very Good,1. Yes,4.5910646070265
2009,53,2. Married,1. White,College Grad,2. Middle Atlantic,2. Information,2. >=Very Good,1. Yes,4.746443328582541
2009,43,2. Married,3. Asian,College Grad,2. Middle Atlantic,2. Information,2. >=Very Good,1. Yes,4.693345444601265
2004,36,2. Married,1. White,College Grad,2. Middle Atlantic,2. Information,1. <=Good,1. Yes,4.5994483795362715
2004,38,2. Married,1. White,Advanced Degree,2. Middle Atlantic,2. Information,2. >=Very Good,1. Yes,5
2003,58,2. Married,1. White,HS Grad,2. Middle Atlantic,1. Industrial,2. >=Very Good,2. No,4.678021180540499
2004,45,2. Married,1. White,College Grad,2. Middle Atlantic,2. Information,2. >=Very Good,1. Yes,4.838503514266625
2005,34,1. Never Married,2. Black,HS Grad,2. Middle Atlantic,1. Industrial,2. >=Very Good,2. No,4.651389194753969
2007,30,2. Married,1. White,College Grad,2. Middle Atlantic,2. Information,2. >=Very Good,2. No,4.74481886438422
2008,21,1. Never Married,1. White,HS Grad,2. Middle Atlantic,1. Industrial,1. <=Good,2. No,3.2630964729302607
2003,39,2. Married,1. White,College Grad,2. Middle Atlantic,2. Information,2. >=Very Good,1. Yes,5.028317453440494
2006,28,1. Never Married,2. Black,Some College,2. Middle Atlantic,1. Industrial,2. >=Very Good,1. Yes,4.69897000433602
2008,54,2. Married,1. White,HS Grad,2. Middle Atlantic,1. Industrial,1. <=Good,1. Yes,4.454442099867147
2007,24,1. Never Married,1. White,Some College,2. Middle Atlantic,1. Industrial,1. <=Good,1. Yes,4.50514997831991
2005,57,2. Married,1. White,Advanced Degree,2. Middle Atlantic,1. Industrial,2. >=Very Good,1. Yes,4.26007138798508
2003,48,5. Separated,2. Black,HS Grad,2. Middle Atlantic,2. Information,2. >=Very Good,2. No,4.4791993571720905
2004,31,2. Married,1. White,Some College,2. Middle Atlantic,2. Information,2. >=Very Good,1. Yes,4.69897000433602
2006,47,1. Never Married,1. White,Advanced Degree,2. Middle Atlantic,2. Information,2. >=Very Good,1. Yes,5.20411998265593
2004,44,2. Married,1. White,College Grad,2. Middle Atlantic,2. Information,2. >=Very Good,2. No,5.008338145734175
2004,30,1. Never Married,1. White,HS Grad,2. Middle Atlantic,1. Industrial,2. >=Very Good,1. Yes,4.536752021236254
2003,41,1. Never Married,1. White,College Grad,2. Middle Atlantic,2. Information,1. <=Good,1. Yes,4.796417452822747
2008,26,1. Never Married,1. White,College Grad,2. Middle Atlantic,1. Industrial,2. >=Very Good,1. Yes,4.548351809404423
2009,32,1. Never Married,3. Asian,Some College,2. Middle Atlantic,1. Industrial,2. >=Very Good,1. Yes,4.69897000433602
2009,39,2. Married,1. White,HS Grad,2. Middle Atlantic,2. Information,1. <=Good,1. Yes,4.726865604496148
2004,42,2. Married,2. Black,Some College,2. Middle Atlantic,2. Information,1. <=Good,1. Yes,4.7160033436348
2005,24,1. Never Married,1. White,College Grad,2. Middle Atlantic,2. Information,2. >=Very Good,1. Yes,5.0975522580551536
2006,44,4. Divorced,1. White,Advanced Degree,2. Middle Atlantic,2. Information,2. >=Very Good,1. Yes,4.86332286012046
2006,30,1. Never Married,3. Asian,College Grad,2. Middle Atlantic,2. Information,2. >=Very Good,1. Yes,4.733813141919153
2006,58,2. Married,1. White,College Grad,2. Middle Atlantic,2. Information,2. >=Very Good,1. Yes,4.889006201787216
2008,33,1. Never Married,1. White,HS Grad,2. Middle Atlantic,2. Information,2. >=Very Good,1. Yes,4.5475004607023015
2008,56,2. Married,1. White,HS Grad,2. Middle Atlantic,1. Industrial,1. <=Good,2. No,4.682516118803362
2005,28,2. Married,1. White,Some College,2. Middle Atlantic,1. Industrial,2. >=Very Good,1. Yes,4.57403126772772
2008,41,2. Married,3. Asian,Advanced Degree,2. Middle Atlantic,2. Information,2. >=Very Good,1. Yes,5.62321723414596
2009,22,2. Married,1. White,Some College,2. Middle Atlantic,1. Industrial,2. >=Very Good,2. No,3.47712125471966
2004,37,4. Divorced,1. White,Some College,2. Middle Atlantic,1. Industrial,1. <=Good,1. Yes,4.43616264704076
2006,18,1. Never Married,1. White,< HS Grad,2. Middle Atlantic,1. Industrial,2. >=Very Good,2. No,4.17609125905568
2004,37,1. Never Married,1. White,College Grad,2. Middle Atlantic,2. Information,2. >=Very Good,2. No,4.611444955085485
2007,43,2. Married,1. White,College Grad,2. Middle Atlantic,1. Industrial,1. <=Good,1. Yes,5.0284898346099185
2008,49,2. Married,2. Black,HS Grad,2. Middle Atlantic,2. Information,2. >=Very Good,1. Yes,4.300660199494283
2005,36,2. Married,1. White,College Grad,2. Middle Atlantic,1. Industrial,2. >=Very Good,1. Yes,5.074879312072772
2007,47,2. Married,2. Black,Advanced Degree,2. Middle Atlantic,1. Industrial,2. >=Very Good,2. No,4.39794000867204
2003,52,2. Married,1. White,College Grad,2. Middle Atlantic,1. Industrial,2. >=Very Good,1. Yes,4.738019766976746
2009,34,2. Married,1. White,Some College,2. Middle Atlantic,1. Industrial,2. >=Very Good,2. No,4.74036268949424
2004,62,2. Married,1. White,College Grad,2. Middle Atlantic,2. Information,2. >=Very Good,1. Yes,4.914259350915993
2007,44,2. Married,1. White,< HS Grad,2. Middle Atlantic,1. Industrial,2. >=Very Good,1. Yes,4.65321251377534
2005,48,2. Married,1. White,< HS Grad,2. Middle Atlantic,1. Industrial,1. <=Good,1. Yes,5.02530586526477
2007,51,2. Married,1. White,HS Grad,2. Middle Atlantic,2. Information,2. >=Very Good,1. Yes,4.73678887609569
2009,35,1. Never Married,1. White,College Grad,2. Middle Atlantic,1. Industrial,2. >=Very Good,1. Yes,5.088183457923287
2003,42,2. Married,1. White,HS Grad,2. Middle Atlantic,1. Industrial,2. >=Very Good,2. No,4.702716935157868
2005,34,1. Never Married,1. White,College Grad,2. Middle Atlantic,1. Industrial,2. >=Very Good,1. Yes,4.560745161985015
2003,50,2. Married,3. Asian,College Grad,2. Middle Atlantic,1. Industrial,2. >=Very Good,1. Yes,4.477926852105298
2006,50,4. Divorced,1. White,College Grad,2. Middle Atlantic,2. Information,1. <=Good,1. Yes,5.059545023276747
2004,55,2. Married,1. White,College Grad,2. Middle Atlantic,2. Information,1. <=Good,2. No,3.696854886345539
2009,56,2. Married,1. White,HS Grad,2. Middle Atlantic,1. Industrial,1. <=Good,1. Yes,4.922692649126101
2005,50,2. Married,1. White,HS Grad,2. Middle Atlantic,2. Information,2. >=Very Good,1. Yes,4.76329575646029
2009,44,2. Married,1. White,College Grad,2. Middle Atlantic,2. Information,2. >=Very Good,2. No,4.43482222102566
2005,30,2. Married,1. White,College Grad,2. Middle Atlantic,2. Information,2. >=Very Good,1. Yes,4.553133209804283
2005,34,2. Married,1. White,College Grad,2. Middle Atlantic,2. Information,2. >=Very Good,1. Yes,4.959498307083696
2007,50,4. Divorced,1. White,HS Grad,2. Middle Atlantic,2. Information,2. >=Very Good,1. Yes,4.189459040124928
2004,51,2. Married,1. White,College Grad,2. Middle Atlantic,2. Information,1. <=Good,2. No,4.597906912582803
2003,53,2. Married,2. Black,Some College,2. Middle Atlantic,2. Information,2. >=Very Good,2. No,4.60205999132796
2004,40,1. Never Married,2. Black,Advanced Degree,2. Middle Atlantic,2. Information,2. >=Very Good,1. Yes,4.51851393987789
2006,34,2. Married,1. White,HS Grad,2. Middle Atlantic,2. Information,2. >=Very Good,1. Yes,4.674745092656196
2006,36,2. Married,1. White,Some College,2. Middle Atlantic,1. Industrial,2. >=Very Good,1. Yes,4.77815125038364
2005,44,2. Married,1. White,Some College,2. Middle Atlantic,2. Information,1. <=Good,1. Yes,5
2008,54,2. Married,3. Asian,HS Grad,2. Middle Atlantic,1. Industrial,2. >=Very Good,2. No,4.651651391126094
2008,36,2. Married,1. White,College Grad,2. Middle Atlantic,1. Industrial,2. >=Very Good,2. No,5.234695352386134
2006,62,2. Married,1. White,Advanced Degree,2. Middle Atlantic,2. Information,2. >=Very Good,1. Yes,5.63300866811593
2008,33,1. Never Married,1. White,Advanced Degree,2. Middle Atlantic,2. Information,2. >=Very Good,2. No,4.74036268949424
2004,44,1. Never Married,1. White,HS Grad,2. Middle Atlantic,1. Industrial,2. >=Very Good,2. No,4.695932573099796
2005,80,1. Never Married,1. White,HS Grad,2. Middle Atlantic,2. Information,2. >=Very Good,2. No,4.330809549323681
2005,45,2. Married,1. White,HS Grad,2. Middle Atlantic,2. Information,2. >=Very Good,2. No,4.4485871529086785
2008,58,4. Divorced,1. White,College Grad,2. Middle Atlantic,2. Information,2. >=Very Good,1. Yes,4.272265913596109
2004,51,2. Married,1. White,Some College,2. Middle Atlantic,1. Industrial,2. >=Very Good,2. No,4.6232492903979
2005,60,2. Married,1. White,Some College,2. Middle Atlantic,2. Information,2. >=Very Good,1. Yes,5.62618633492728
2007,33,2. Married,1. White,< HS Grad,2. Middle Atlantic,1. Industrial,1. <=Good,2. No,4.47712125471966
2006,28,1. Never Married,1. White,Some College,2. Middle Atlantic,2. Information,2. >=Very Good,1. Yes,4.65321251377534
2004,37,2. Married,1. White,College Grad,2. Middle Atlantic,1. Industrial,2. >=Very Good,1. Yes,4.972955356523408
2006,56,2. Married,1. White,Some College,2. Middle Atlantic,2. Information,2. >=Very Good,1. Yes,4.60205999132796
2009,59,2. Married,1. White,Advanced Degree,2. Middle Atlantic,2. Information,2. >=Very Good,1. Yes,5.14612803567824
2004,56,2. Married,1. White,HS Grad,2. Middle Atlantic,2. Information,2. >=Very Good,1. Yes,4.246551487106946
2003,34,2. Married,1. White,< HS Grad,2. Middle Atlantic,1. Industrial,2. >=Very Good,1. Yes,4.27875360095283
2004,37,1. Never Married,1. White,HS Grad,2. Middle Atlantic,1. Industrial,2. >=Very Good,1. Yes,3.8400922948681893
2009,36,2. Married,1. White,College Grad,2. Middle Atlantic,1. Industrial,2. >=Very Good,1. Yes,4.700697355081431
2008,45,2. Married,1. White,College Grad,2. Middle Atlantic,2. Information,2. >=Very Good,1. Yes,5.140495281222553
2006,36,2. Married,1. White,Advanced Degree,2. Middle Atlantic,2. Information,2. >=Very Good,2. No,4.94448267215017
2008,23,1. Never Married,1. White,Some College,2. Middle Atlantic,2. Information,2. >=Very Good,2. No,3.30102999566398
2003,56,2. Married,1. White,HS Grad,2. Middle Atlantic,2. Information,1. <=Good,1. Yes,4.813817436831994
2005,33,2. Married,1. White,Some College,2. Middle Atlantic,1. Industrial,2. >=Very Good,2. No,4.74036268949424
2009,48,2. Married,3. Asian,< HS Grad,2. Middle Atlantic,1. Industrial,2. >=Very Good,1. Yes,4.84509804001426
2008,28,1. Never Married,1. White,HS Grad,2. Middle Atlantic,1. Industrial,2. >=Very Good,2. No,4.379055380747756
2008,37,2. Married,1. White,Some College,2. Middle Atlantic,1. Industrial,1. <=Good,1. Yes,4.6232492903979
2006,56,2. Married,1. White,HS Grad,2. Middle Atlantic,2. Information,1. <=Good,2. No,4.525053650786435
2005,22,1. Never Married,1. White,Some College,2. Middle Atlantic,1. Industrial,2. >=Very Good,2. No,4.14612803567824
2007,60,2. Married,1. White,HS Grad,2. Middle Atlantic,1. Industrial,1. <=Good,2. No,4.763920026393815
2009,30,1. Never Married,1. White,College Grad,2. Middle Atlantic,1. Industrial,2. >=Very Good,2. No,4.413240896752967
2003,50,2. Married,1. White,HS Grad,2. Middle Atlantic,1. Industrial,1. <=Good,1. Yes,4.590545549400654
2003,38,2. Married,1. White,Advanced Degree,2. Middle Atlantic,2. Information,2. >=Very Good,1. Yes,4.6232492903979
2009,55,2. Married,1. White,Advanced Degree,2. Middle Atlantic,2. Information,2. >=Very Good,1. Yes,4.63648789635337
2006,26,2. Married,1. White,College Grad,2. Middle Atlantic,1. Industrial,2. >=Very Good,1. Yes,4.703916439567505
2006,39,2. Married,1. White,Some College,2. Middle Atlantic,2. Information,2. >=Very Good,1. Yes,5
2003,42,2. Married,1. White,Advanced Degree,2. Middle Atlantic,2. Information,2. >=Very Good,1. Yes,5
2007,71,2. Married,2. Black,College Grad,2. Middle Atlantic,2. Information,1. <=Good,1. Yes,4.520749917403813
2008,33,2. Married,1. White,Some College,2. Middle Atlantic,2. Information,2. >=Very Good,1. Yes,4.85733249643127
2004,49,1. Never Married,1. White,HS Grad,2. Middle Atlantic,1. Industrial,2. >=Very Good,2. No,3.893993448381347
2005,45,2. Married,1. White,Some College,2. Middle Atlantic,1. Industrial,1. <=Good,2. No,4.39794000867204
2004,41,2. Married,1. White,Advanced Degree,2. Middle Atlantic,1. Industrial,2. >=Very Good,1. Yes,5.06445798922692
2005,59,4. Divorced,1. White,< HS Grad,2. Middle Atlantic,1. Industrial,1. <=Good,1. Yes,3.99122607569249
2004,33,2. Married,1. White,College Grad,2. Middle Atlantic,2. Information,2. >=Very Good,1. Yes,4.920580136180483
2009,47,1. Never Married,4. Other,< HS Grad,2. Middle Atlantic,1. Industrial,1. <=Good,2. No,4.27230584440209
2006,34,2. Married,1. White,Some College,2. Middle Atlantic,2. Information,2. >=Very Good,1. Yes,4.97772360528885
2007,23,2. Married,2. Black,Some College,2. Middle Atlantic,2. Information,2. >=Very Good,2. No,4.54406804435028
2009,32,2. Married,1. White,HS Grad,2. Middle Atlantic,1. Industrial,2. >=Very Good,1. Yes,5.0509091842682
2009,30,2. Married,1. White,College Grad,2. Middle Atlantic,2. Information,2. >=Very Good,1. Yes,4.533112839334686
2006,54,2. Married,2. Black,HS Grad,2. Middle Atlantic,2. Information,1. <=Good,2. No,4.516282125601485
2009,46,2. Married,1. White,Some College,2. Middle Atlantic,1. Industrial,2. >=Very Good,1. Yes,4.65321251377534
2005,52,2. Married,1. White,College Grad,2. Middle Atlantic,2. Information,1. <=Good,1. Yes,4.836316292671454
2008,50,2. Married,1. White,HS Grad,2. Middle Atlantic,1. Industrial,2. >=Very Good,2. No,5.253121674594057
2007,57,2. Married,1. White,HS Grad,2. Middle Atlantic,1. Industrial,1. <=Good,1. Yes,4.77215240456193
2005,46,2. Married,1. White,Some College,2. Middle Atlantic,1. Industrial,2. >=Very Good,1. Yes,4.61278385671974
2005,30,1. Never Married,1. White,Some College,2. Middle Atlantic,2. Information,1. <=Good,2. No,4.39794000867204
2006,32,1. Never Married,1. White,Some College,2. Middle Atlantic,1. Industrial,1. <=Good,2. No,4.04139268515823
2008,53,2. Married,1. White,Some College,2. Middle Atlantic,1. Industrial,2. >=Very Good,2. No,4.66275783168157
2005,48,2. Married,1. White,College Grad,2. Middle Atlantic,1. Industrial,1. <=Good,1. Yes,5.034537825186982
2003,31,2. Married,1. White,Some College,2. Middle Atlantic,2. Information,2. >=Very Good,1. Yes,4.69019608002851
2003,50,2. Married,1. White,HS Grad,2. Middle Atlantic,1. Industrial,2. >=Very Good,2. No,4.395122042381891
2004,41,2. Married,1. White,College Grad,2. Middle Atlantic,1. Industrial,2. >=Very Good,1. Yes,4.719298840212703
2008,47,2. Married,1. White,HS Grad,2. Middle Atlantic,1. Industrial,2. >=Very Good,1. Yes,4.515893048861563
2004,37,2. Married,1. White,HS Grad,2. Middle Atlantic,2. Information,2. >=Very Good,1. Yes,4.55179532667283
2004,24,1. Never Married,1. White,Some College,2. Middle Atlantic,2. Information,2. >=Very Good,1. Yes,4.31175386105575
2004,53,2. Married,1. White,< HS Grad,2. Middle Atlantic,1. Industrial,1. <=Good,1. Yes,4.39794000867204
2004,39,4. Divorced,1. White,HS Grad,2. Middle Atlantic,1. Industrial,1. <=Good,2. No,4.618669141389186
2007,47,2. Married,1. White,Some College,2. Middle Atlantic,1. Industrial,1. <=Good,1. Yes,4.97772360528885
2006,36,2. Married,1. White,College Grad,2. Middle Atlantic,2. Information,2. >=Very Good,1. Yes,5.144044574868909
2006,34,2. Married,1. White,College Grad,2. Middle Atlantic,2. Information,2. >=Very Good,1. Yes,5.167760205813941
2004,45,2. Married,1. White,Some College,2. Middle Atlantic,2. Information,2. >=Very Good,2. No,4.60205999132796
2003,60,2. Married,1. White,< HS Grad,2. Middle Atlantic,1. Industrial,1. <=Good,2. No,4.07918124604763
2006,43,2. Married,1. White,< HS Grad,2. Middle Atlantic,2. Information,2. >=Very Good,1. Yes,4.77815125038364
2009,20,1. Never Married,1. White,HS Grad,2. Middle Atlantic,1. Industrial,1. <=Good,2. No,4.007443687940062
2008,27,1. Never Married,1. White,College Grad,2. Middle Atlantic,1. Industrial,1. <=Good,1. Yes,4.795177151970273
2004,35,4. Divorced,1. White,HS Grad,2. Middle Atlantic,1. Industrial,2. >=Very Good,2. No,4.132991376255645
2008,50,2. Married,1. White,HS Grad,2. Middle Atlantic,1. Industrial,1. <=Good,1. Yes,4.5183291553486935
2009,56,2. Married,4. Other,HS Grad,2. Middle Atlantic,1. Industrial,1. <=Good,2. No,4.130193748940889
2008,19,1. Never Married,1. White,Some College,2. Middle Atlantic,1. Industrial,1. <=Good,2. No,3.43152458418745
2006,35,2. Married,1. White,College Grad,2. Middle Atlantic,2. Information,2. >=Very Good,2. No,4.83668376779839
2005,23,1. Never Married,1. White,< HS Grad,2. Middle Atlantic,1. Industrial,2. >=Very Good,2. No,4.17609125905568
2003,45,3. Widowed,4. Other,HS Grad,2. Middle Atlantic,1. Industrial,2. >=Very Good,1. Yes,4.472996260313464
2004,54,4. Divorced,1. White,< HS Grad,2. Middle Atlantic,2. Information,1. <=Good,2. No,4.17609125905568
2008,43,1. Never Married,1. White,HS Grad,2. Middle Atlantic,2. Information,1. <=Good,1. Yes,4.586850467769177
2008,42,2. Married,1. White,Advanced Degree,2. Middle Atlantic,1. Industrial,2. >=Very Good,1. Yes,5.17609125905568
2005,51,2. Married,1. White,College Grad,2. Middle Atlantic,2. Information,2. >=Very Good,1. Yes,5.1427448717570465
2007,49,1. Never Married,1. White,College Grad,2. Middle Atlantic,2. Information,2. >=Very Good,1. Yes,4.385583486875388
2006,48,2. Married,1. White,HS Grad,2. Middle Atlantic,2. Information,2. >=Very Good,1. Yes,4.704131402329011
2005,50,4. Divorced,1. White,College Grad,2. Middle Atlantic,1. Industrial,1. <=Good,1. Yes,4.697904320173452
2006,37,2. Married,1. White,College Grad,2. Middle Atlantic,1. Industrial,1. <=Good,1. Yes,4.617167752616178
2005,38,2. Married,1. White,Advanced Degree,2. Middle Atlantic,1. Industrial,2. >=Very Good,1. Yes,5.23044892137827
2009,58,2. Married,1. White,College Grad,2. Middle Atlantic,2. Information,2. >=Very Good,2. No,4.967743198623207
2005,41,2. Married,1. White,< HS Grad,2. Middle Atlantic,1. Industrial,2. >=Very Good,1. Yes,4.82607480270083
2006,51,2. Married,1. White,College Grad,2. Middle Atlantic,2. Information,2. >=Very Good,1. Yes,5.62689955920852
2006,51,2. Married,1. White,Some College,2. Middle Atlantic,2. Information,2. >=Very Good,2. No,4.60108172778402
2006,44,2. Married,1. White,< HS Grad,2. Middle Atlantic,2. Information,2. >=Very Good,1. Yes,4.47712125471966
2003,43,2. Married,1. White,College Grad,2. Middle Atlantic,2. Information,1. <=Good,1. Yes,4.736679277866667
2004,34,2. Married,1. White,Some College,2. Middle Atlantic,1. Industrial,2. >=Very Good,2. No,4.97772360528885
2005,43,2. Married,1. White,College Grad,2. Middle Atlantic,1. Industrial,2. >=Very Good,1. Yes,4.805729663233701
2004,59,2. Married,1. White,College Grad,2. Middle Atlantic,1. Industrial,2. >=Very Good,1. Yes,5.5467412584381
2004,61,4. Divorced,1. White,HS Grad,2. Middle Atlantic,1. Industrial,2. >=Very Good,1. Yes,4.787983354402244
2008,40,2. Married,1. White,< HS Grad,2. Middle Atlantic,1. Industrial,2. >=Very Good,1. Yes,4.77085201164214
2009,49,2. Married,1. White,Some College,2. Middle Atlantic,2. Information,2. >=Very Good,1. Yes,4.65321251377534
2003,55,2. Married,1. White,College Grad,2. Middle Atlantic,1. Industrial,2. >=Very Good,1. Yes,4.797176078068138
2005,54,2. Married,1. White,Advanced Degree,2. Middle Atlantic,2. Information,2. >=Very Good,1. Yes,4.81291335664286
2004,41,2. Married,1. White,HS Grad,2. Middle Atlantic,2. Information,2. >=Very Good,1. Yes,4.974053087269238
2006,29,2. Married,1. White,HS Grad,2. Middle Atlantic,1. Industrial,1. <=Good,1. Yes,4.8006786017013905
2009,66,2. Married,2. Black,HS Grad,2. Middle Atlantic,2. Information,1. <=Good,2. No,5.052602253975219
2006,61,2. Married,1. White,Advanced Degree,2. Middle Atlantic,2. Information,1. <=Good,1. Yes,4.67687643197314
2003,34,4. Divorced,1. White,HS Grad,2. Middle Atlantic,1. Industrial,2. >=Very Good,1. Yes,4.917901555905884
2007,41,1. Never Married,1. White,HS Grad,2. Middle Atlantic,1. Industrial,2. >=Very Good,1. Yes,5.075702939071944
2004,48,4. Divorced,2. Black,< HS Grad,2. Middle Atlantic,2. Information,2. >=Very Good,1. Yes,4.44715803134222
2005,26,1. Never Married,1. White,College Grad,2. Middle Atlantic,1. Industrial,2. >=Very Good,1. Yes,4.34219639366336
2006,54,4. Divorced,1. White,Some College,2. Middle Atlantic,2. Information,2. >=Very Good,2. No,4.50514997831991
2008,44,2. Married,1. White,HS Grad,2. Middle Atlantic,1. Industrial,2. >=Very Good,1. Yes,5.0473599704422165
2008,60,4. Divorced,1. White,College Grad,2. Middle Atlantic,2. Information,2. >=Very Good,1. Yes,5.012631219747089
2008,57,2. Married,1. White,HS Grad,2. Middle Atlantic,1. Industrial,2. >=Very Good,2. No,4.323336388660484
2009,53,2. Married,1. White,HS Grad,2. Middle Atlantic,2. Information,2. >=Very Good,1. Yes,4.523628572424875
2007,54,4. Divorced,1. White,Advanced Degree,2. Middle Atlantic,2. Information,2. >=Very Good,2. No,4.77815125038364
2009,37,2. Married,1. White,College Grad,2. Middle Atlantic,2. Information,2. >=Very Good,1. Yes,4.791869163504996
2008,62,2. Married,1. White,HS Grad,2. Middle Atlantic,2. Information,1. <=Good,1. Yes,4.754057708094937
2003,40,2. Married,1. White,Some College,2. Middle Atlantic,2. Information,2. >=Very Good,1. Yes,4.47712125471966
2008,39,2. Married,1. White,HS Grad,2. Middle Atlantic,2. Information,1. <=Good,1. Yes,4.965576165615443
2005,55,1. Never Married,2. Black,HS Grad,2. Middle Atlantic,1. Industrial,1. <=Good,1. Yes,4.445235211593556
2006,57,2. Married,1. White,College Grad,2. Middle Atlantic,2. Information,1. <=Good,1. Yes,4.781681633134571
2003,45,2. Married,1. White,College Grad,2. Middle Atlantic,1. Industrial,2. >=Very Good,1. Yes,5.117705372255586
2003,41,2. Married,1. White,College Grad,2. Middle Atlantic,1. Industrial,2. >=Very Good,2. No,4.452532554191503
2007,28,1. Never Married,1. White,Some College,2. Middle Atlantic,1. Industrial,1. <=Good,2. No,4.63245729218472
2003,58,2. Married,1. White,Advanced Degree,2. Middle Atlantic,1. Industrial,2. >=Very Good,1. Yes,4.79239168949825
2008,47,1. Never Married,2. Black,Advanced Degree,2. Middle Atlantic,2. Information,1. <=Good,1. Yes,4.95424250943933
2007,60,1. Never Married,1. White,Advanced Degree,2. Middle Atlantic,2. Information,2. >=Very Good,1. Yes,4.67209785793572
2003,26,1. Never Married,3. Asian,College Grad,2. Middle Atlantic,2. Information,2. >=Very Good,1. Yes,5.59198011410292
2006,52,2. Married,1. White,Some College,2. Middle Atlantic,1. Industrial,2. >=Very Good,1. Yes,4.69897000433602
2008,31,2. Married,1. White,Some College,2. Middle Atlantic,1. Industrial,2. >=Very Good,1. Yes,4.60205999132796
2007,63,2. Married,3. Asian,Advanced Degree,2. Middle Atlantic,1. Industrial,2. >=Very Good,1. Yes,5.30102999566398
2005,42,2. Married,1. White,HS Grad,2. Middle Atlantic,1. Industrial,2. >=Very Good,2. No,4.80845367948382
2009,30,1. Never Married,1. White,Advanced Degree,2. Middle Atlantic,2. Information,2. >=Very Good,1. Yes,4.83250891270624
2007,52,2. Married,1. White,Some College,2. Middle Atlantic,2. Information,2. >=Very Good,1. Yes,4.74036268949424
2005,38,2. Married,1. White,Advanced Degree,2. Middle Atlantic,2. Information,2. >=Very Good,1. Yes,5.07918124604763
2008,29,2. Married,1. White,< HS Grad,2. Middle Atlantic,1. Industrial,2. >=Very Good,1. Yes,4.60205999132796
2007,42,2. Married,1. White,College Grad,2. Middle Atlantic,2. Information,2. >=Very Good,2. No,5.013389091201099
2007,57,2. Married,1. White,College Grad,2. Middle Atlantic,2. Information,1. <=Good,1. Yes,4.788022932471466
2005,46,2. Married,2. Black,Some College,2. Middle Atlantic,1. Industrial,2. >=Very Good,1. Yes,4.89209460269048
2003,21,1. Never Married,1. White,< HS Grad,2. Middle Atlantic,1. Industrial,2. >=Very Good,2. No,4.31806333496276
2005,34,4. Divorced,1. White,Some College,2. Middle Atlantic,1. Industrial,2. >=Very Good,1. Yes,4.69897000433602
2008,39,1. Never Married,1. White,HS Grad,2. Middle Atlantic,1. Industrial,1. <=Good,1. Yes,4.288321116296725
2006,26,1. Never Married,1. White,Some College,2. Middle Atlantic,1. Industrial,2. >=Very Good,1. Yes,4.55630250076729
2004,42,4. Divorced,1. White,< HS Grad,2. Middle Atlantic,2. Information,2. >=Very Good,1. Yes,4.7160033436348
2004,48,2. Married,1. White,Some College,2. Middle Atlantic,2. Information,1. <=Good,2. No,4.36172783601759
2009,54,2. Married,1. White,HS Grad,2. Middle Atlantic,1. Industrial,2. >=Very Good,1. Yes,4.63158554489246
2003,80,2. Married,1. White,HS Grad,2. Middle Atlantic,1. Industrial,2. >=Very Good,2. No,4.203466809966173
2006,37,2. Married,1. White,HS Grad,2. Middle Atlantic,1. Industrial,2. >=Very Good,1. Yes,4.44140977334353
2007,31,1. Never Married,4. Other,Some College,2. Middle Atlantic,2. Information,1. <=Good,2. No,4.39794000867204
2003,41,5. Separated,1. White,HS Grad,2. Middle Atlantic,2. Information,2. >=Very Good,2. No,4.491537205346639
2004,37,2. Married,1. White,College Grad,2. Middle Atlantic,2. Information,2. >=Very Good,1. Yes,5.078291712215191
2003,43,1. Never Married,1. White,College Grad,2. Middle Atlantic,2. Information,1. <=Good,1. Yes,4.764568045507247
2004,54,2. Married,1. White,College Grad,2. Middle Atlantic,2. Information,2. >=Very Good,2. No,5.30102999566398
2004,39,2. Married,1. White,Advanced Degree,2. Middle Atlantic,2. Information,2. >=Very Good,1. Yes,5
2004,45,2. Married,1. White,HS Grad,2. Middle Atlantic,2. Information,2. >=Very Good,2. No,4.364928913320124
2007,21,1. Never Married,1. White,HS Grad,2. Middle Atlantic,2. Information,1. <=Good,2. No,4.585253798767716
2005,59,2. Married,2. Black,Some College,2. Middle Atlantic,1. Industrial,2. >=Very Good,1. Yes,4.65321251377534
2007,29,1. Never Married,3. Asian,College Grad,2. Middle Atlantic,1. Industrial,1. <=Good,2. No,3.968053356694803
2009,29,2. Married,1. White,College Grad,2. Middle Atlantic,2. Information,2. >=Very Good,2. No,4.88827600938896
2005,33,1. Never Married,2. Black,< HS Grad,2. Middle Atlantic,2. Information,2. >=Very Good,1. Yes,4.47712125471966
2003,45,2. Married,1. White,College Grad,2. Middle Atlantic,1. Industrial,1. <=Good,1. Yes,5.127603131054932
2008,53,4. Divorced,1. White,Advanced Degree,2. Middle Atlantic,1. Industrial,2. >=Very Good,1. Yes,5.17609125905568
2003,63,2. Married,1. White,College Grad,2. Middle Atlantic,1. Industrial,2. >=Very Good,1. Yes,4.814643635316466
2004,56,2. Married,1. White,College Grad,2. Middle Atlantic,2. Information,2. >=Very Good,1. Yes,4.823160454042839
2003,21,1. Never Married,1. White,HS Grad,2. Middle Atlantic,1. Industrial,2. >=Very Good,1. Yes,4.182195090987466
2007,39,3. Widowed,3. Asian,HS Grad,2. Middle Atlantic,1. Industrial,2. >=Very Good,1. Yes,4.430495155826124
2007,30,2. Married,1. White,College Grad,2. Middle Atlantic,2. Information,2. >=Very Good,1. Yes,5.077975820563488
2003,42,2. Married,1. White,College Grad,2. Middle Atlantic,2. Information,2. >=Very Good,1. Yes,4.719585720658806
2004,40,4. Divorced,1. White,Some College,2. Middle Atlantic,1. Industrial,1. <=Good,2. No,4.54406804435028
2004,47,2. Married,1. White,Some College,2. Middle Atlantic,1. Industrial,1. <=Good,1. Yes,5
2005,43,2. Married,1. White,Some College,2. Middle Atlantic,2. Information,1. <=Good,2. No,3
2005,42,4. Divorced,1. White,Some College,2. Middle Atlantic,2. Information,2. >=Very Good,1. Yes,4.7160033436348
2008,50,2. Married,1. White,College Grad,2. Middle Atlantic,2. Information,2. >=Very Good,1. Yes,4.9335526450478895
2004,39,2. Married,1. White,HS Grad,2. Middle Atlantic,1. Industrial,1. <=Good,2. No,4.389684558461834
2007,50,2. Married,1. White,College Grad,2. Middle Atlantic,2. Information,1. <=Good,2. No,4.244070918900613
2005,60,3. Widowed,2. Black,Advanced Degree,2. Middle Atlantic,2. Information,2. >=Very Good,1. Yes,4.53147891704226
2009,57,1. Never Married,1. White,Some College,2. Middle Atlantic,1. Industrial,2. >=Very Good,2. No,4.47712125471966
2007,38,2. Married,1. White,HS Grad,2. Middle Atlantic,1. Industrial,2. >=Very Good,2. No,4.676921923608091
2004,49,2. Married,1. White,HS Grad,2. Middle Atlantic,2. Information,2. >=Very Good,1. Yes,4.657912446230048
2004,51,4. Divorced,1. White,HS Grad,2. Middle Atlantic,2. Information,1. <=Good,1. Yes,4.3883539394830615
2004,33,2. Married,1. White,Some College,2. Middle Atlantic,2. Information,2. >=Very Good,1. Yes,4.19312459835446
2006,59,1. Never Married,1. White,Some College,2. Middle Atlantic,2. Information,2. >=Very Good,1. Yes,4.7634279935629404
2006,41,2. Married,1. White,HS Grad,2. Middle Atlantic,2. Information,2. >=Very Good,1. Yes,4.639454906517722
2003,33,2. Married,1. White,Advanced Degree,2. Middle Atlantic,2. Information,2. >=Very Good,2. No,4.75587485567249
2008,28,1. Never Married,1. White,College Grad,2. Middle Atlantic,2. Information,2. >=Very Good,1. Yes,4.6848389927488805
2009,49,1. Never Married,1. White,Some College,2. Middle Atlantic,2. Information,1. <=Good,2. No,4.41572436176872
2005,51,5. Separated,1. White,College Grad,2. Middle Atlantic,1. Industrial,2. >=Very Good,1. Yes,4.608865550640837
2008,36,1. Never Married,1. White,College Grad,2. Middle Atlantic,1. Industrial,2. >=Very Good,1. Yes,5.017061994184182
2003,26,1. Never Married,1. White,Some College,2. Middle Atlantic,1. Industrial,2. >=Very Good,1. Yes,4.47712125471966
2005,22,1. Never Married,1. White,College Grad,2. Middle Atlantic,2. Information,2. >=Very Good,2. No,3.977480846900935
2006,47,2. Married,2. Black,HS Grad,2. Middle Atlantic,2. Information,2. >=Very Good,2. No,4.699655246144389
2003,59,2. Married,1. White,Advanced Degree,2. Middle Atlantic,1. Industrial,2. >=Very Good,1. Yes,4.77815125038364
2004,41,2. Married,1. White,College Grad,2. Middle Atlantic,2. Information,1. <=Good,1. Yes,4.809553090707203
2006,32,1. Never Married,1. White,College Grad,2. Middle Atlantic,2. Information,1. <=Good,1. Yes,4.458495578991188
2008,45,2. Married,1. White,< HS Grad,2. Middle Atlantic,1. Industrial,1. <=Good,1. Yes,4.69897000433602
2008,39,2. Married,1. White,< HS Grad,2. Middle Atlantic,1. Industrial,2. >=Very Good,1. Yes,4.23044892137827
2006,64,2. Married,1. White,HS Grad,2. Middle Atlantic,2. Information,1. <=Good,1. Yes,4.7828531986738225
2004,36,2. Married,3. Asian,College Grad,2. Middle Atlantic,1. Industrial,2. >=Very Good,1. Yes,5.018409702829238
2004,61,2. Married,1. White,HS Grad,2. Middle Atlantic,2. Information,2. >=Very Good,2. No,4.359687911723911
2003,34,2. Married,1. White,< HS Grad,2. Middle Atlantic,1. Industrial,2. >=Very Good,2. No,4.23044892137827
2004,52,2. Married,1. White,Advanced Degree,2. Middle Atlantic,2. Information,2. >=Very Good,1. Yes,4.90308998699194
2008,33,2. Married,1. White,HS Grad,2. Middle Atlantic,1. Industrial,2. >=Very Good,2. No,4.638406997517066
2009,36,2. Married,3. Asian,College Grad,2. Middle Atlantic,1. Industrial,2. >=Very Good,1. Yes,5.146859464323457
2005,34,2. Married,1. White,HS Grad,2. Middle Atlantic,1. Industrial,2. >=Very Good,2. No,4.657334149112668
2004,39,1. Never Married,1. White,< HS Grad,2. Middle Atlantic,1. Industrial,2. >=Very Good,2. No,4.32221929473392
2004,59,3. Widowed,2. Black,Advanced Degree,2. Middle Atlantic,2. Information,2. >=Very Good,1. Yes,4.95424250943933
2009,49,2. Married,1. White,College Grad,2. Middle Atlantic,1. Industrial,2. >=Very Good,1. Yes,5.2130870321730844
2006,40,2. Married,1. White,Advanced Degree,2. Middle Atlantic,2. Information,2. >=Very Good,1. Yes,5.29003461136252
2006,49,2. Married,1. White,HS Grad,2. Middle Atlantic,1. Industrial,1. <=Good,1. Yes,4.628710967059918
2003,25,2. Married,1. White,HS Grad,2. Middle Atlantic,1. Industrial,2. >=Very Good,2. No,4.329307502576521
2009,59,2. Married,3. Asian,College Grad,2. Middle Atlantic,1. Industrial,1. <=Good,1. Yes,4.360725027697456
2007,39,2. Married,1. White,HS Grad,2. Middle Atlantic,1. Industrial,1. <=Good,2. No,4.369237059354981
2005,40,2. Married,1. White,Some College,2. Middle Atlantic,1. Industrial,1. <=Good,2. No,4.54406804435028
2009,51,2. Married,1. White,College Grad,2. Middle Atlantic,2. Information,2. >=Very Good,1. Yes,4.612896918099168
2009,63,1. Never Married,1. White,HS Grad,2. Middle Atlantic,1. Industrial,1. <=Good,1. Yes,4.729431791874119
2007,53,2. Married,1. White,< HS Grad,2. Middle Atlantic,2. Information,1. <=Good,1. Yes,4.53147891704226
2008,25,1. Never Married,1. White,College Grad,2. Middle Atlantic,1. Industrial,2. >=Very Good,1. Yes,4.491705181823794
2007,53,4. Divorced,1. White,HS Grad,2. Middle Atlantic,1. Industrial,2. >=Very Good,1. Yes,4.3825673784324275
2006,23,2. Married,1. White,College Grad,2. Middle Atlantic,2. Information,2. >=Very Good,1. Yes,4.346243678871723
2004,36,1. Never Married,3. Asian,HS Grad,2. Middle Atlantic,1. Industrial,1. <=Good,2. No,4.720659977072893
2005,19,1. Never Married,1. White,HS Grad,2. Middle Atlantic,1. Industrial,2. >=Very Good,2. No,3.3443628007656523
2005,47,2. Married,1. White,HS Grad,2. Middle Atlantic,1. Industrial,2. >=Very Good,1. Yes,4.31234522918381
2005,43,1. Never Married,1. White,Advanced Degree,2. Middle Atlantic,2. Information,1. <=Good,1. Yes,4.64345267648619
2004,40,2. Married,1. White,College Grad,2. Middle Atlantic,2. Information,2. >=Very Good,1. Yes,4.782714848081363
2009,38,2. Married,1. White,Advanced Degree,2. Middle Atlantic,2. Information,2. >=Very Good,1. Yes,5.19728055812562
2003,63,2. Married,1. White,Some College,2. Middle Atlantic,2. Information,2. >=Very Good,2. No,4.69897000433602
2008,45,1. Never Married,1. White,College Grad,2. Middle Atlantic,1. Industrial,2. >=Very Good,1. Yes,3.606414640179117
2008,32,2. Married,1. White,HS Grad,2. Middle Atlantic,2. Information,1. <=Good,2. No,4.294743648580732
2009,37,2. Married,1. White,College Grad,2. Middle Atlantic,2. Information,2. >=Very Good,1. Yes,4.754243484108408
2004,37,4. Divorced,1. White,HS Grad,2. Middle Atlantic,1. Industrial,1. <=Good,2. No,4.319501702768
2008,41,2. Married,1. White,Advanced Degree,2. Middle Atlantic,2. Information,2. >=Very Good,2. No,4.77815125038364
2005,45,1. Never Married,1. White,College Grad,2. Middle Atlantic,2. Information,1. <=Good,1. Yes,4.391292124760063
2008,22,1. Never Married,1. White,Some College,2. Middle Atlantic,1. Industrial,2. >=Very Good,2. No,4.39794000867204
2005,58,2. Married,3. Asian,Advanced Degree,2. Middle Atlantic,2. Information,2. >=Very Good,1. Yes,5.42696971235214
2003,44,2. Married,1. White,HS Grad,2. Middle Atlantic,2. Information,2. >=Very Good,1. Yes,4.630722697582372
2007,39,2. Married,1. White,Some College,2. Middle Atlantic,2. Information,1. <=Good,1. Yes,4.75587485567249
2005,40,2. Married,1. White,HS Grad,2. Middle Atlantic,1. Industrial,1. <=Good,1. Yes,5.189842778478734
2003,33,1. Never Married,3. Asian,Some College,2. Middle Atlantic,2. Information,2. >=Very Good,1. Yes,4.39794000867204
2006,35,2. Married,1. White,Advanced Degree,2. Middle Atlantic,1. Industrial,2. >=Very Good,2. No,4.51188336097887
2009,63,2. Married,3. Asian,Advanced Degree,2. Middle Atlantic,1. Industrial,2. >=Very Good,2. No,4.74036268949424
2003,45,2. Married,1. White,Advanced Degree,2. Middle Atlantic,1. Industrial,2. >=Very Good,1. Yes,5.07918124604763
2008,31,2. Married,1. White,HS Grad,2. Middle Atlantic,1. Industrial,2. >=Very Good,1. Yes,4.838758431473742
2003,41,1. Never Married,1. White,Advanced Degree,2. Middle Atlantic,1. Industrial,1. <=Good,1. Yes,4.53147891704226
2008,66,2. Married,1. White,Advanced Degree,2. Middle Atlantic,2. Information,2. >=Very Good,1. Yes,5.62321723414596
2009,45,1. Never Married,2. Black,HS Grad,2. Middle Atlantic,1. Industrial,2. >=Very Good,1. Yes,4.477668362570301
2007,47,1. Never Married,1. White,Some College,2. Middle Atlantic,1. Industrial,2. >=Very Good,2. No,4.60205999132796
2006,35,2. Married,1. White,HS Grad,2. Middle Atlantic,2. Information,1. <=Good,1. Yes,4.906684160370336
2005,52,2. Married,1. White,HS Grad,2. Middle Atlantic,2. Information,1. <=Good,2. No,4.641482594156359
2003,62,2. Married,1. White,College Grad,2. Middle Atlantic,2. Information,1. <=Good,1. Yes,5.214206853452798
2003,47,2. Married,1. White,HS Grad,2. Middle Atlantic,1. Industrial,2. >=Very Good,1. Yes,4.40380907544571
2004,40,2. Married,1. White,Some College,2. Middle Atlantic,1. Industrial,2. >=Very Good,1. Yes,4.91907809237607
2006,41,2. Married,1. White,Advanced Degree,2. Middle Atlantic,2. Information,2. >=Very Good,1. Yes,5.62689955920852
2009,48,2. Married,1. White,HS Grad,2. Middle Atlantic,2. Information,2. >=Very Good,1. Yes,5.013823614475167
2005,55,2. Married,1. White,College Grad,2. Middle Atlantic,2. Information,2. >=Very Good,1. Yes,4.699259304656236
2009,64,2. Married,1. White,HS Grad,2. Middle Atlantic,2. Information,2. >=Very Good,1. Yes,4.778742379076932
2004,29,2. Married,1. White,College Grad,2. Middle Atlantic,1. Industrial,2. >=Very Good,1. Yes,3.9956916452881486
2003,49,2. Married,1. White,Some College,2. Middle Atlantic,1. Industrial,2. >=Very Good,1. Yes,4.77815125038364
2009,32,2. Married,1. White,College Grad,2. Middle Atlantic,1. Industrial,2. >=Very Good,1. Yes,4.8067664759589
2006,41,2. Married,3. Asian,HS Grad,2. Middle Atlantic,1. Industrial,2. >=Very Good,1. Yes,4.616354364873773
2004,58,2. Married,1. White,Some College,2. Middle Atlantic,1. Industrial,2. >=Very Good,1. Yes,5
2003,41,2. Married,1. White,Some College,2. Middle Atlantic,1. Industrial,2. >=Very Good,1. Yes,5
2007,34,1. Never Married,1. White,Some College,2. Middle Atlantic,2. Information,1. <=Good,1. Yes,4.57403126772772
2004,43,2. Married,1. White,College Grad,2. Middle Atlantic,2. Information,2. >=Very Good,1. Yes,4.9815043867114825
2003,23,1. Never Married,2. Black,< HS Grad,2. Middle Atlantic,2. Information,1. <=Good,2. No,4.47712125471966
2003,40,1. Never Married,1. White,Advanced Degree,2. Middle Atlantic,1. Industrial,2. >=Very Good,1. Yes,4.63346845557959
2007,46,2. Married,1. White,Advanced Degree,2. Middle Atlantic,2. Information,2. >=Very Good,1. Yes,5.64100585131578
2004,35,2. Married,1. White,College Grad,2. Middle Atlantic,1. Industrial,2. >=Very Good,2. No,4.7939098698807525
2007,42,1. Never Married,1. White,Advanced Degree,2. Middle Atlantic,2. Information,2. >=Very Good,1. Yes,5.00000868580278
2009,47,5. Separated,1. White,HS Grad,2. Middle Atlantic,1. Industrial,2. >=Very Good,2. No,4.640812032859571
2007,45,2. Married,1. White,HS Grad,2. Middle Atlantic,1. Industrial,2. >=Very Good,1. Yes,5.065978089210949
2008,34,1. Never Married,1. White,College Grad,2. Middle Atlantic,2. Information,2. >=Very Good,1. Yes,4.8295136777890315
2004,57,2. Married,1. White,HS Grad,2. Middle Atlantic,1. Industrial,2. >=Very Good,1. Yes,4.684023363120625
2005,32,1. Never Married,1. White,Some College,2. Middle Atlantic,2. Information,2. >=Very Good,1. Yes,4.45636603312904
2009,55,4. Divorced,1. White,HS Grad,2. Middle Atlantic,2. Information,1. <=Good,1. Yes,4.517085567824639
2008,22,1. Never Married,1. White,College Grad,2. Middle Atlantic,2. Information,2. >=Very Good,2. No,4.364887570022946
2005,51,2. Married,1. White,HS Grad,2. Middle Atlantic,2. Information,2. >=Very Good,1. Yes,4.750075111203258
2006,26,1. Never Married,1. White,HS Grad,2. Middle Atlantic,1. Industrial,1. <=Good,2. No,4.129625833125985
2004,27,1. Never Married,1. White,College Grad,2. Middle Atlantic,2. Information,2. >=Very Good,2. No,3.8915710857876986
2004,34,2. Married,1. White,College Grad,2. Middle Atlantic,2. Information,2. >=Very Good,1. Yes,5.23038687341767
2007,48,2. Married,1. White,HS Grad,2. Middle Atlantic,2. Information,2. >=Very Good,1. Yes,4.409016160204801
2008,23,2. Married,1. White,HS Grad,2. Middle Atlantic,1. Industrial,2. >=Very Good,2. No,4.280891781104199
2003,41,2. Married,1. White,HS Grad,2. Middle Atlantic,1. Industrial,2. >=Very Good,1. Yes,4.776456946331058
2009,49,4. Divorced,1. White,Advanced Degree,2. Middle Atlantic,2. Information,2. >=Very Good,1. Yes,5.02118929906994
2005,47,2. Married,1. White,Advanced Degree,2. Middle Atlantic,2. Information,1. <=Good,1. Yes,4.79239168949825
2005,35,4. Divorced,2. Black,College Grad,2. Middle Atlantic,1. Industrial,2. >=Very Good,1. Yes,4.9133373690979845
2007,50,2. Married,1. White,HS Grad,2. Middle Atlantic,1. Industrial,2. >=Very Good,1. Yes,4.218125703080141
2006,55,2. Married,1. White,HS Grad,2. Middle Atlantic,1. Industrial,1. <=Good,1. Yes,4.902787783513443
2009,69,2. Married,1. White,HS Grad,2. Middle Atlantic,1. Industrial,1. <=Good,1. Yes,3.6776872164037013
2004,45,2. Married,1. White,HS Grad,2. Middle Atlantic,1. Industrial,2. >=Very Good,1. Yes,5.126719035725811
2005,40,2. Married,1. White,Some College,2. Middle Atlantic,1. Industrial,1. <=Good,1. Yes,5.04139268515823
2005,47,1. Never Married,1. White,College Grad,2. Middle Atlantic,2. Information,2. >=Very Good,1. Yes,5.0604583481369625
2008,22,1. Never Married,1. White,Some College,2. Middle Atlantic,1. Industrial,2. >=Very Good,1. Yes,4.36172783601759
2003,42,4. Divorced,1. White,HS Grad,2. Middle Atlantic,1. Industrial,2. >=Very Good,2. No,4.6652167630930235
2008,47,2. Married,1. White,College Grad,2. Middle Atlantic,2. Information,2. >=Very Good,1. Yes,5.134174421023701
2005,48,2. Married,2. Black,HS Grad,2. Middle Atlantic,1. Industrial,2. >=Very Good,2. No,3.915300755476009
2009,28,1. Never Married,1. White,HS Grad,2. Middle Atlantic,1. Industrial,2. >=Very Good,2. No,4.688086650755327
2005,49,1. Never Married,1. White,Some College,2. Middle Atlantic,1. Industrial,1. <=Good,1. Yes,4.50785587169583
2009,51,4. Divorced,1. White,HS Grad,2. Middle Atlantic,1. Industrial,1. <=Good,1. Yes,4.6194368037411655
2003,58,2. Married,1. White,Advanced Degree,2. Middle Atlantic,1. Industrial,2. >=Very Good,1. Yes,5
2005,32,1. Never Married,2. Black,Some College,2. Middle Atlantic,2. Information,1. <=Good,1. Yes,4.74036268949424
2009,55,2. Married,1. White,HS Grad,2. Middle Atlantic,1. Industrial,1. <=Good,1. Yes,4.3835967035676235
2007,49,2. Married,1. White,HS Grad,2. Middle Atlantic,2. Information,1. <=Good,1. Yes,4.448780357974659
2004,46,2. Married,1. White,HS Grad,2. Middle Atlantic,1. Industrial,2. >=Very Good,2. No,4.366947868193462
2003,44,2. Married,1. White,Advanced Degree,2. Middle Atlantic,2. Information,1. <=Good,1. Yes,5.20411998265593
2003,25,2. Married,1. White,Some College,2. Middle Atlantic,1. Industrial,2. >=Very Good,1. Yes,4.47712125471966
2004,73,4. Divorced,2. Black,< HS Grad,2. Middle Atlantic,1. Industrial,1. <=Good,1. Yes,4.53147891704226
2004,18,1. Never Married,1. White,HS Grad,2. Middle Atlantic,1. Industrial,2. >=Very Good,1. Yes,4.339366057595011
2005,52,2. Married,2. Black,< HS Grad,2. Middle Atlantic,2. Information,2. >=Very Good,1. Yes,4.80617997398389
2008,28,2. Married,3. Asian,HS Grad,2. Middle Atlantic,1. Industrial,2. >=Very Good,2. No,4.386219562155779
2004,51,2. Married,1. White,HS Grad,2. Middle Atlantic,1. Industrial,2. >=Very Good,2. No,4.2070640683405465
2009,44,2. Married,1. White,College Grad,2. Middle Atlantic,2. Information,2. >=Very Good,1. Yes,5.155253841600823
2008,44,2. Married,1. White,Some College,2. Middle Atlantic,2. Information,2. >=Very Good,1. Yes,4.95424250943933
2003,29,2. Married,3. Asian,HS Grad,2. Middle Atlantic,1. Industrial,2. >=Very Good,1. Yes,4.538290993729337
2006,48,2. Married,3. Asian,College Grad,2. Middle Atlantic,2. Information,1. <=Good,2. No,5.030744637251378
2006,62,2. Married,1. White,HS Grad,2. Middle Atlantic,2. Information,1. <=Good,1. Yes,4.643966417903587
2004,40,2. Married,1. White,Advanced Degree,2. Middle Atlantic,2. Information,2. >=Very Good,1. Yes,4.88081359228079
2003,24,1. Never Married,1. White,Some College,2. Middle Atlantic,1. Industrial,1. <=Good,2. No,4.19456983922864
2003,48,2. Married,1. White,College Grad,2. Middle Atlantic,1. Industrial,2. >=Very Good,1. Yes,4.855085103758096
2008,54,2. Married,1. White,Advanced Degree,2. Middle Atlantic,2. Information,1. <=Good,1. Yes,5.09691001300806
2003,69,2. Married,2. Black,< HS Grad,2. Middle Atlantic,2. Information,2. >=Very Good,1. Yes,4.74036268949424
2006,48,2. Married,1. White,HS Grad,2. Middle Atlantic,1. Industrial,1. <=Good,2. No,4.736385152610578
2003,73,2. Married,1. White,< HS Grad,2. Middle Atlantic,1. Industrial,2. >=Very Good,2. No,3.69372694892365
2009,30,2. Married,2. Black,Some College,2. Middle Atlantic,2. Information,2. >=Very Good,2. No,4.2558029853537
2003,41,1. Never Married,3. Asian,Some College,2. Middle Atlantic,2. Information,1. <=Good,2. No,4.30102999566398
2009,48,2. Married,1. White,< HS Grad,2. Middle Atlantic,2. Information,2. >=Very Good,2. No,4.61392634785569
2004,63,2. Married,1. White,College Grad,2. Middle Atlantic,2. Information,2. >=Very Good,1. Yes,4.387083814781442
2003,29,2. Married,1. White,Some College,2. Middle Atlantic,2. Information,2. >=Very Good,2. No,4.44715803134222
2004,40,2. Married,1. White,Some College,2. Middle Atlantic,1. Industrial,2. >=Very Good,1. Yes,4.95424250943933
2007,52,2. Married,1. White,Some College,2. Middle Atlantic,2. Information,1. <=Good,1. Yes,4.51188336097887
2008,54,5. Separated,1. White,HS Grad,2. Middle Atlantic,1. Industrial,1. <=Good,1. Yes,4.662268126104784
2009,33,2. Married,1. White,College Grad,2. Middle Atlantic,1. Industrial,2. >=Very Good,1. Yes,5.59061783348625
2004,42,2. Married,1. White,College Grad,2. Middle Atlantic,2. Information,1. <=Good,1. Yes,5.016493479961899
2007,31,2. Married,2. Black,HS Grad,2. Middle Atlantic,1. Industrial,2. >=Very Good,1. Yes,4.559427284474318
2006,46,2. Married,1. White,Some College,2. Middle Atlantic,2. Information,2. >=Very Good,1. Yes,4.9393245252363
2008,44,2. Married,1. White,College Grad,2. Middle Atlantic,1. Industrial,2. >=Very Good,1. Yes,4.800323178893575
2009,45,5. Separated,1. White,HS Grad,2. Middle Atlantic,1. Industrial,2. >=Very Good,2. No,4.975317266137298
2003,40,2. Married,1. White,HS Grad,2. Middle Atlantic,1. Industrial,2. >=Very Good,2. No,5.528497865379198
2005,31,1. Never Married,1. White,HS Grad,2. Middle Atlantic,1. Industrial,2. >=Very Good,1. Yes,4.819353805755344
2006,19,1. Never Married,1. White,HS Grad,2. Middle Atlantic,1. Industrial,2. >=Very Good,2. No,4.371101752731314
2003,43,2. Married,1. White,HS Grad,2. Middle Atlantic,1. Industrial,1. <=Good,1. Yes,4.746238980207652
2007,56,2. Married,1. White,College Grad,2. Middle Atlantic,2. Information,2. >=Very Good,1. Yes,4.877456614847913
2006,55,2. Married,1. White,Some College,2. Middle Atlantic,1. Industrial,2. >=Very Good,1. Yes,4.6232492903979
2006,59,2. Married,1. White,Advanced Degree,2. Middle Atlantic,2. Information,1. <=Good,1. Yes,4.77815125038364
2009,49,4. Divorced,1. White,< HS Grad,2. Middle Atlantic,2. Information,1. <=Good,1. Yes,4.63346845557959
2009,42,2. Married,1. White,College Grad,2. Middle Atlantic,1. Industrial,2. >=Very Good,1. Yes,4.722685803134149
2008,27,1. Never Married,1. White,HS Grad,2. Middle Atlantic,1. Industrial,2. >=Very Good,2. No,4.1610540651385195
2003,34,1. Never Married,1. White,HS Grad,2. Middle Atlantic,1. Industrial,1. <=Good,2. No,4.43248031819023
2008,47,2. Married,1. White,College Grad,2. Middle Atlantic,2. Information,2. >=Very Good,1. Yes,5.62321723414596
2003,35,2. Married,1. White,Advanced Degree,2. Middle Atlantic,2. Information,2. >=Very Good,1. Yes,5.59198011410292
2004,33,2. Married,2. Black,Some College,2. Middle Atlantic,2. Information,2. >=Very Good,1. Yes,4.65321251377534
2003,35,2. Married,1. White,HS Grad,2. Middle Atlantic,1. Industrial,2. >=Very Good,1. Yes,4.9970343675904445
2004,40,2. Married,1. White,Some College,2. Middle Atlantic,2. Information,1. <=Good,1. Yes,4.77815125038364
2004,53,2. Married,1. White,College Grad,2. Middle Atlantic,2. Information,2. >=Very Good,2. No,4.40635667878956
2007,47,2. Married,2. Black,College Grad,2. Middle Atlantic,2. Information,2. >=Very Good,1. Yes,4.3841454722440405
2006,45,1. Never Married,1. White,Advanced Degree,2. Middle Atlantic,2. Information,2. >=Very Good,1. Yes,5.27875360095283
2009,34,2. Married,1. White,College Grad,2. Middle Atlantic,1. Industrial,2. >=Very Good,1. Yes,5.21733967413932
2006,25,2. Married,1. White,< HS Grad,2. Middle Atlantic,1. Industrial,2. >=Very Good,1. Yes,4.24303804868629
2006,56,2. Married,1. White,College Grad,2. Middle Atlantic,2. Information,2. >=Very Good,2. No,4.705588704761884
2005,54,2. Married,1. White,Some College,2. Middle Atlantic,2. Information,2. >=Very Good,1. Yes,4.74942709912175
2003,41,2. Married,1. White,< HS Grad,2. Middle Atlantic,1. Industrial,2. >=Very Good,1. Yes,4.49136169383427
2008,46,2. Married,1. White,Advanced Degree,2. Middle Atlantic,2. Information,2. >=Very Good,1. Yes,5.62321723414596
2004,44,2. Married,1. White,Advanced Degree,2. Middle Atlantic,1. Industrial,2. >=Very Good,1. Yes,5.13987908640124
2004,44,4. Divorced,1. White,College Grad,2. Middle Atlantic,2. Information,1. <=Good,1. Yes,4.462916305116367
2005,46,2. Married,1. White,Advanced Degree,2. Middle Atlantic,2. Information,2. >=Very Good,1. Yes,5
2009,38,2. Married,1. White,College Grad,2. Middle Atlantic,2. Information,2. >=Very Good,1. Yes,4.916914370974295
2008,36,2. Married,1. White,HS Grad,2. Middle Atlantic,1. Industrial,2. >=Very Good,2. No,5.158532651179026
2009,27,1. Never Married,3. Asian,College Grad,2. Middle Atlantic,2. Information,2. >=Very Good,1. Yes,4.476597940956048
2008,33,2. Married,1. White,HS Grad,2. Middle Atlantic,1. Industrial,1. <=Good,2. No,4.858188244307346
2006,56,2. Married,2. Black,HS Grad,2. Middle Atlantic,1. Industrial,1. <=Good,1. Yes,4.983682436760891
2005,52,2. Married,1. White,HS Grad,2. Middle Atlantic,2. Information,2. >=Very Good,1. Yes,4.672774297162853
2008,33,1. Never Married,1. White,Advanced Degree,2. Middle Atlantic,2. Information,2. >=Very Good,1. Yes,4.83250891270624
2008,32,2. Married,3. Asian,College Grad,2. Middle Atlantic,1. Industrial,2. >=Very Good,2. No,4.522337863923546
2008,39,4. Divorced,1. White,College Grad,2. Middle Atlantic,1. Industrial,2. >=Very Good,1. Yes,4.8598724234596355
2005,22,1. Never Married,1. White,HS Grad,2. Middle Atlantic,1. Industrial,1. <=Good,2. No,4.275938699868377
2009,53,2. Married,1. White,College Grad,2. Middle Atlantic,1. Industrial,2. >=Very Good,2. No,4.668381653753512
2006,36,2. Married,1. White,College Grad,2. Middle Atlantic,1. Industrial,2. >=Very Good,1. Yes,5.62689955920852
2005,37,2. Married,1. White,< HS Grad,2. Middle Atlantic,1. Industrial,2. >=Very Good,2. No,4.30102999566398
2008,40,2. Married,1. White,HS Grad,2. Middle Atlantic,2. Information,2. >=Very Good,1. Yes,5.075223717566374
2005,51,2. Married,2. Black,HS Grad,2. Middle Atlantic,1. Industrial,1. <=Good,1. Yes,4.266615374649297
2008,40,2. Married,1. White,HS Grad,2. Middle Atlantic,2. Information,2. >=Very Good,1. Yes,4.77913989193126
2006,56,2. Married,1. White,Advanced Degree,2. Middle Atlantic,2. Information,2. >=Very Good,1. Yes,4.7634279935629404
2009,50,2. Married,1. White,HS Grad,2. Middle Atlantic,1. Industrial,2. >=Very Good,1. Yes,4.482168423958062
2009,49,2. Married,1. White,HS Grad,2. Middle Atlantic,1. Industrial,2. >=Very Good,1. Yes,4.872252610702876
2007,32,2. Married,1. White,< HS Grad,2. Middle Atlantic,2. Information,2. >=Very Good,2. No,4.39794000867204
2004,21,1. Never Married,1. White,HS Grad,2. Middle Atlantic,2. Information,2. >=Very Good,1. Yes,4.386543323219072
2004,48,2. Married,1. White,College Grad,2. Middle Atlantic,2. Information,1. <=Good,1. Yes,4.80578158862922
2007,48,2. Married,1. White,Some College,2. Middle Atlantic,1. Industrial,2. >=Very Good,1. Yes,4.30102999566398
2004,32,2. Married,1. White,Some College,2. Middle Atlantic,1. Industrial,2. >=Very Good,1. Yes,4.74585519517373
2003,30,1. Never Married,1. White,Some College,2. Middle Atlantic,1. Industrial,2. >=Very Good,1. Yes,3.97081161087252
2006,30,2. Married,1. White,Some College,2. Middle Atlantic,1. Industrial,2. >=Very Good,2. No,4.77815125038364
2003,33,2. Married,1. White,< HS Grad,2. Middle Atlantic,2. Information,2. >=Very Good,2. No,4.38021124171161
2005,56,2. Married,3. Asian,Advanced Degree,2. Middle Atlantic,1. Industrial,2. >=Very Good,2. No,4.03342375548695
2004,46,4. Divorced,2. Black,Some College,2. Middle Atlantic,2. Information,2. >=Very Good,1. Yes,4.50514997831991
2003,49,2. Married,1. White,Some College,2. Middle Atlantic,1. Industrial,2. >=Very Good,1. Yes,4.65321251377534
2008,24,1. Never Married,1. White,HS Grad,2. Middle Atlantic,1. Industrial,2. >=Very Good,2. No,4.554330375436262
2009,48,1. Never Married,1. White,Some College,2. Middle Atlantic,2. Information,2. >=Very Good,1. Yes,4.9912260756925
2006,37,4. Divorced,1. White,College Grad,2. Middle Atlantic,1. Industrial,1. <=Good,2. No,4.843600740581774
2007,53,2. Married,1. White,Some College,2. Middle Atlantic,1. Industrial,1. <=Good,1. Yes,4.77815125038364
2004,56,2. Married,2. Black,Advanced Degree,2. Middle Atlantic,2. Information,2. >=Very Good,1. Yes,4.95424250943933
2008,34,2. Married,2. Black,Some College,2. Middle Atlantic,2. Information,2. >=Very Good,2. No,4.69019608002851
2004,56,2. Married,1. White,Some College,2. Middle Atlantic,1. Industrial,1. <=Good,1. Yes,4.65321251377534
2006,48,2. Married,1. White,HS Grad,2. Middle Atlantic,1. Industrial,2. >=Very Good,1. Yes,4.59581243034973
2006,47,2. Married,2. Black,HS Grad,2. Middle Atlantic,1. Industrial,2. >=Very Good,2. No,3.2790467444525584
2003,52,2. Married,1. White,Some College,2. Middle Atlantic,2. Information,2. >=Very Good,1. Yes,4.25527250510331
2009,40,2. Married,1. White,Some College,2. Middle Atlantic,1. Industrial,2. >=Very Good,1. Yes,5.11727129565576
2008,25,2. Married,1. White,HS Grad,2. Middle Atlantic,2. Information,2. >=Very Good,1. Yes,4.742531693603398
2009,35,2. Married,1. White,College Grad,2. Middle Atlantic,1. Industrial,2. >=Very Good,1. Yes,4.929304503280972
2006,40,1. Never Married,2. Black,Some College,2. Middle Atlantic,2. Information,1. <=Good,1. Yes,4.64345267648619
2009,22,1. Never Married,1. White,HS Grad,2. Middle Atlantic,1. Industrial,2. >=Very Good,2. No,3.3684516077789906
2003,50,4. Divorced,1. White,Some College,2. Middle Atlantic,2. Information,1. <=Good,1. Yes,4.60530504614111
2008,48,5. Separated,1. White,< HS Grad,2. Middle Atlantic,1. Industrial,2. >=Very Good,2. No,4.17236937676384
2007,40,1. Never Married,3. Asian,Advanced Degree,2. Middle Atlantic,1. Industrial,2. >=Very Good,1. Yes,4.69897000433602
2003,45,2. Married,1. White,Some College,2. Middle Atlantic,2. Information,2. >=Very Good,1. Yes,4.84509804001426
2004,30,2. Married,1. White,College Grad,2. Middle Atlantic,2. Information,2. >=Very Good,1. Yes,4.7367382637282045
2003,46,2. Married,1. White,College Grad,2. Middle Atlantic,1. Industrial,2. >=Very Good,1. Yes,4.936433238093739
2008,34,2. Married,1. White,HS Grad,2. Middle Atlantic,1. Industrial,2. >=Very Good,1. Yes,5.193397413407955
2007,32,2. Married,1. White,< HS Grad,2. Middle Atlantic,1. Industrial,2. >=Very Good,2. No,4.17609125905568
2004,53,2. Married,1. White,College Grad,2. Middle Atlantic,1. Industrial,1. <=Good,1. Yes,4.8676100501605895
2008,32,1. Never Married,1. White,Some College,2. Middle Atlantic,1. Industrial,2. >=Very Good,2. No,4.34242268082221
2004,39,2. Married,2. Black,College Grad,2. Middle Atlantic,1. Industrial,2. >=Very Good,2. No,4.666393399074316
2007,51,2. Married,1. White,College Grad,2. Middle Atlantic,2. Information,2. >=Very Good,1. Yes,4.4316037696605175
2004,40,2. Married,1. White,HS Grad,2. Middle Atlantic,2. Information,1. <=Good,1. Yes,4.488202336853063
2009,66,2. Married,1. White,College Grad,2. Middle Atlantic,2. Information,1. <=Good,1. Yes,4.871355803698129
2006,40,2. Married,1. White,College Grad,2. Middle Atlantic,1. Industrial,2. >=Very Good,1. Yes,5.07603333830376
2009,52,2. Married,1. White,Advanced Degree,2. Middle Atlantic,2. Information,2. >=Very Good,2. No,4.89209460269048
2007,36,2. Married,1. White,Some College,2. Middle Atlantic,2. Information,2. >=Very Good,1. Yes,4.83250891270624
2007,32,1. Never Married,1. White,HS Grad,2. Middle Atlantic,1. Industrial,1. <=Good,1. Yes,4.601616808257378
2008,45,2. Married,1. White,HS Grad,2. Middle Atlantic,2. Information,2. >=Very Good,2. No,4.515857946653018
2006,37,2. Married,1. White,HS Grad,2. Middle Atlantic,2. Information,2. >=Very Good,1. Yes,5.367476464965843
2004,47,2. Married,3. Asian,Advanced Degree,2. Middle Atlantic,2. Information,2. >=Very Good,1. Yes,5.07918124604763
2008,49,2. Married,1. White,HS Grad,2. Middle Atlantic,1. Industrial,2. >=Very Good,1. Yes,4.867623135655609
2003,53,2. Married,1. White,< HS Grad,2. Middle Atlantic,2. Information,2. >=Very Good,2. No,4.30102999566398
2007,66,4. Divorced,2. Black,HS Grad,2. Middle Atlantic,2. Information,1. <=Good,1. Yes,4.209542738047618
2006,33,2. Married,1. White,< HS Grad,2. Middle Atlantic,2. Information,1. <=Good,2. No,4.30102999566398
2004,58,4. Divorced,1. White,HS Grad,2. Middle Atlantic,1. Industrial,1. <=Good,2. No,4.473867481734469
2008,41,2. Married,1. White,Advanced Degree,2. Middle Atlantic,1. Industrial,2. >=Very Good,2. No,4.42114306707167
2009,54,2. Married,3. Asian,Some College,2. Middle Atlantic,2. Information,2. >=Very Good,1. Yes,4.90308998699194
2009,26,1. Never Married,1. White,HS Grad,2. Middle Atlantic,1. Industrial,2. >=Very Good,2. No,4.446080460882341
2008,24,1. Never Married,4. Other,HS Grad,2. Middle Atlantic,1. Industrial,1. <=Good,2. No,4.286279141060835
2007,62,2. Married,1. White,College Grad,2. Middle Atlantic,2. Information,2. >=Very Good,2. No,4.941772956848111
2005,63,2. Married,1. White,HS Grad,2. Middle Atlantic,2. Information,2. >=Very Good,1. Yes,4.9801428277345
2005,26,1. Never Married,3. Asian,College Grad,2. Middle Atlantic,1. Industrial,2. >=Very Good,1. Yes,4.652450601786113
2004,45,2. Married,1. White,HS Grad,2. Middle Atlantic,2. Information,1. <=Good,1. Yes,4.500304390884901
2003,23,2. Married,1. White,HS Grad,2. Middle Atlantic,1. Industrial,2. >=Very Good,2. No,4.425973404894721
2008,31,2. Married,1. White,College Grad,2. Middle Atlantic,1. Industrial,2. >=Very Good,2. No,4.651675548092324
2003,44,2. Married,1. White,Advanced Degree,2. Middle Atlantic,2. Information,2. >=Very Good,1. Yes,4.96378782734556
2003,43,1. Never Married,1. White,< HS Grad,2. Middle Atlantic,1. Industrial,1. <=Good,1. Yes,4
2004,48,2. Married,1. White,HS Grad,2. Middle Atlantic,1. Industrial,2. >=Very Good,2. No,3.803929119694702
2008,48,2. Married,1. White,College Grad,2. Middle Atlantic,2. Information,2. >=Very Good,1. Yes,4.9277901968637465
2006,55,2. Married,1. White,Advanced Degree,2. Middle Atlantic,2. Information,2. >=Very Good,2. No,4.76715586608218
2004,45,2. Married,3. Asian,Advanced Degree,2. Middle Atlantic,2. Information,2. >=Very Good,1. Yes,5.60688524128857
2008,48,2. Married,1. White,College Grad,2. Middle Atlantic,2. Information,2. >=Very Good,1. Yes,5.021684593313608
2009,63,2. Married,1. White,HS Grad,2. Middle Atlantic,1. Industrial,2. >=Very Good,1. Yes,4.889086766745454
2004,57,2. Married,2. Black,HS Grad,2. Middle Atlantic,2. Information,2. >=Very Good,1. Yes,4.595472040822528
2008,69,2. Married,3. Asian,Advanced Degree,2. Middle Atlantic,2. Information,2. >=Very Good,1. Yes,5
2009,31,1. Never Married,1. White,College Grad,2. Middle Atlantic,2. Information,2. >=Very Good,1. Yes,4.761377885627095
2003,38,2. Married,1. White,College Grad,2. Middle Atlantic,2. Information,2. >=Very Good,1. Yes,5.59198011410292
2005,43,5. Separated,1. White,College Grad,2. Middle Atlantic,2. Information,2. >=Very Good,1. Yes,4.707499944608067
2003,19,1. Never Married,1. White,HS Grad,2. Middle Atlantic,1. Industrial,2. >=Very Good,2. No,3.778320652218405
2005,44,2. Married,1. White,College Grad,2. Middle Atlantic,2. Information,2. >=Very Good,1. Yes,4.6934948645406775
2007,31,2. Married,3. Asian,College Grad,2. Middle Atlantic,2. Information,2. >=Very Good,2. No,4.913542356174138
2004,49,1. Never Married,4. Other,< HS Grad,2. Middle Atlantic,1. Industrial,2. >=Very Good,1. Yes,4.47712125471966
2006,29,2. Married,1. White,Some College,2. Middle Atlantic,2. Information,1. <=Good,1. Yes,4.55630250076729
2008,26,2. Married,4. Other,Some College,2. Middle Atlantic,2. Information,2. >=Very Good,1. Yes,4.34242268082221
2007,37,2. Married,1. White,Advanced Degree,2. Middle Atlantic,2. Information,2. >=Very Good,1. Yes,4.75587485567249
2006,30,1. Never Married,1. White,HS Grad,2. Middle Atlantic,1. Industrial,2. >=Very Good,2. No,4.5395879223965245
2009,35,2. Married,1. White,Some College,2. Middle Atlantic,1. Industrial,2. >=Very Good,1. Yes,4.87993268171161
2004,40,2. Married,1. White,HS Grad,2. Middle Atlantic,1. Industrial,2. >=Very Good,1. Yes,4.98153214104814
2005,44,4. Divorced,4. Other,Advanced Degree,2. Middle Atlantic,2. Information,2. >=Very Good,1. Yes,4.23044892137827
2004,65,2. Married,1. White,HS Grad,2. Middle Atlantic,1. Industrial,1. <=Good,1. Yes,4.669065091653383
2007,54,2. Married,2. Black,Some College,2. Middle Atlantic,1. Industrial,2. >=Very Good,1. Yes,4.6232492903979
2009,56,2. Married,1. White,Some College,2. Middle Atlantic,1. Industrial,2. >=Very Good,1. Yes,4.94448267215017
2008,48,2. Married,1. White,College Grad,2. Middle Atlantic,2. Information,2. >=Very Good,1. Yes,4.753039472549151
2009,37,4. Divorced,1. White,Some College,2. Middle Atlantic,1. Industrial,1. <=Good,2. No,4.06069784035361
2005,30,2. Married,1. White,HS Grad,2. Middle Atlantic,1. Industrial,2. >=Very Good,1. Yes,4.603699894296842
2005,46,2. Married,1. White,Advanced Degree,2. Middle Atlantic,1. Industrial,2. >=Very Good,2. No,4.44715803134222
2009,37,2. Married,1. White,HS Grad,2. Middle Atlantic,1. Industrial,1. <=Good,1. Yes,4.881713194678195
2005,58,4. Divorced,2. Black,HS Grad,2. Middle Atlantic,2. Information,2. >=Very Good,2. No,4.4143154961330655
2007,52,2. Married,1. White,Some College,2. Middle Atlantic,1. Industrial,1. <=Good,1. Yes,4.46239799789896
2006,45,2. Married,1. White,Some College,2. Middle Atlantic,2. Information,1. <=Good,1. Yes,5.06069784035361
2008,33,2. Married,1. White,HS Grad,2. Middle Atlantic,1. Industrial,2. >=Very Good,2. No,4.31593077173917
2004,51,2. Married,1. White,Some College,2. Middle Atlantic,1. Industrial,2. >=Very Good,2. No,4.50514997831991
2008,50,2. Married,1. White,< HS Grad,2. Middle Atlantic,1. Industrial,2. >=Very Good,2. No,3.84509804001426
2006,42,2. Married,1. White,HS Grad,2. Middle Atlantic,1. Industrial,1. <=Good,1. Yes,4.5475122178805885
2004,46,1. Never Married,1. White,Some College,2. Middle Atlantic,1. Industrial,1. <=Good,1. Yes,4.93951925261862
2005,43,2. Married,1. White,Advanced Degree,2. Middle Atlantic,2. Information,2. >=Very Good,1. Yes,5
2003,47,2. Married,1. White,Some College,2. Middle Atlantic,1. Industrial,2. >=Very Good,1. Yes,4.39794000867204
2005,47,2. Married,1. White,Advanced Degree,2. Middle Atlantic,2. Information,2. >=Very Good,2. No,4.77815125038364
2004,44,2. Married,1. White,College Grad,2. Middle Atlantic,2. Information,1. <=Good,2. No,4.2036234850658225
2008,36,2. Married,3. Asian,HS Grad,2. Middle Atlantic,1. Industrial,2. >=Very Good,2. No,4.271866273306594
2008,39,2. Married,1. White,HS Grad,2. Middle Atlantic,1. Industrial,1. <=Good,2. No,4.265129150383544
2003,29,2. Married,1. White,College Grad,2. Middle Atlantic,2. Information,2. >=Very Good,1. Yes,4.669309992623873
2005,40,2. Married,1. White,Some College,2. Middle Atlantic,2. Information,2. >=Very Good,1. Yes,4.81291335664286
2007,20,1. Never Married,1. White,Some College,2. Middle Atlantic,1. Industrial,1. <=Good,1. Yes,4.26007138798508
2004,32,2. Married,1. White,Advanced Degree,2. Middle Atlantic,2. Information,2. >=Very Good,1. Yes,4.72427586960079
2003,36,2. Married,1. White,Some College,2. Middle Atlantic,1. Industrial,2. >=Very Good,1. Yes,4.46239799789896
2009,31,1. Never Married,2. Black,Some College,2. Middle Atlantic,1. Industrial,2. >=Very Good,1. Yes,4.41497334797082
2005,28,2. Married,3. Asian,College Grad,2. Middle Atlantic,1. Industrial,2. >=Very Good,1. Yes,4.8585049528268
2005,41,4. Divorced,4. Other,Some College,2. Middle Atlantic,2. Information,1. <=Good,1. Yes,4.7634279935629404
2004,54,2. Married,1. White,College Grad,2. Middle Atlantic,1. Industrial,2. >=Very Good,1. Yes,4.9735470684464484
2004,42,2. Married,1. White,HS Grad,2. Middle Atlantic,1. Industrial,2. >=Very Good,2. No,4.740243877251351
2003,19,1. Never Married,1. White,HS Grad,2. Middle Atlantic,2. Information,1. <=Good,1. Yes,4.287255397471291
2009,59,2. Married,1. White,Some College,2. Middle Atlantic,2. Information,1. <=Good,2. No,5.59061783348625
2003,64,1. Never Married,1. White,Some College,2. Middle Atlantic,2. Information,1. <=Good,1. Yes,4.60205999132796
2003,31,2. Married,1. White,Some College,2. Middle Atlantic,1. Industrial,2. >=Very Good,1. Yes,4.52891670027766
2004,37,1. Never Married,1. White,Some College,2. Middle Atlantic,2. Information,2. >=Very Good,1. Yes,4.69897000433602
2004,30,2. Married,1. White,HS Grad,2. Middle Atlantic,1. Industrial,2. >=Very Good,1. Yes,4.504339820745064
2005,24,1. Never Married,1. White,College Grad,2. Middle Atlantic,1. Industrial,2. >=Very Good,1. Yes,4.670269300621929
2006,26,2. Married,1. White,HS Grad,2. Middle Atlantic,1. Industrial,1. <=Good,2. No,4.190007943137484
2004,44,2. Married,1. White,College Grad,2. Middle Atlantic,2. Information,2. >=Very Good,1. Yes,4.717231443529853
2008,39,2. Married,1. White,Advanced Degree,2. Middle Atlantic,2. Information,2. >=Very Good,1. Yes,5.62321723414596
2005,48,2. Married,1. White,Advanced Degree,2. Middle Atlantic,2. Information,2. >=Very Good,1. Yes,5.62618633492728
2004,53,1. Never Married,2. Black,HS Grad,2. Middle Atlantic,1. Industrial,1. <=Good,1. Yes,4.424649029004973
2004,42,2. Married,3. Asian,Advanced Degree,2. Middle Atlantic,2. Information,2. >=Very Good,1. Yes,4.74036268949424
2009,44,2. Married,1. White,Advanced Degree,2. Middle Atlantic,1. Industrial,2. >=Very Good,1. Yes,5.11394335230684
2003,25,1. Never Married,1. White,College Grad,2. Middle Atlantic,2. Information,2. >=Very Good,1. Yes,4.30239464587858
2004,46,2. Married,1. White,HS Grad,2. Middle Atlantic,1. Industrial,1. <=Good,1. Yes,3.85007528773368
2003,52,2. Married,1. White,Some College,2. Middle Atlantic,2. Information,2. >=Very Good,2. No,4.6232492903979
2008,33,2. Married,1. White,Some College,2. Middle Atlantic,2. Information,1. <=Good,1. Yes,4.47712125471966
2007,30,2. Married,2. Black,Some College,2. Middle Atlantic,2. Information,2. >=Very Good,2. No,4.79934054945358
2007,38,1. Never Married,1. White,Some College,2. Middle Atlantic,1. Industrial,2. >=Very Good,1. Yes,4.69897000433602
2005,29,1. Never Married,1. White,HS Grad,2. Middle Atlantic,2. Information,2. >=Very Good,1. Yes,4.344091449493063
2008,57,2. Married,3. Asian,College Grad,2. Middle Atlantic,1. Industrial,1. <=Good,1. Yes,4.757270164628829
2003,50,2. Married,1. White,College Grad,2. Middle Atlantic,2. Information,2. >=Very Good,1. Yes,4.5854903603399695
2008,23,1. Never Married,1. White,Some College,2. Middle Atlantic,1. Industrial,1. <=Good,2. No,4.59108687796735
2006,46,4. Divorced,1. White,Some College,2. Middle Atlantic,2. Information,2. >=Very Good,1. Yes,4.9731278535997
2005,61,2. Married,1. White,College Grad,2. Middle Atlantic,1. Industrial,1. <=Good,1. Yes,4.957017849470987
2007,70,2. Married,1. White,< HS Grad,2. Middle Atlantic,2. Information,2. >=Very Good,2. No,4.61278385671974
2009,59,2. Married,1. White,HS Grad,2. Middle Atlantic,1. Industrial,1. <=Good,1. Yes,4.403897977544312
2003,57,2. Married,2. Black,HS Grad,2. Middle Atlantic,1. Industrial,1. <=Good,1. Yes,4.467034121568682
2003,25,1. Never Married,1. White,HS Grad,2. Middle Atlantic,1. Industrial,1. <=Good,2. No,4.4961462430720465
2005,48,2. Married,1. White,Some College,2. Middle Atlantic,1. Industrial,2. >=Very Good,1. Yes,4.81954393554187
2009,52,2. Married,3. Asian,Advanced Degree,2. Middle Atlantic,2. Information,1. <=Good,2. No,4.17609125905568
2009,44,5. Separated,1. White,College Grad,2. Middle Atlantic,2. Information,2. >=Very Good,1. Yes,4.840742532922675
2004,40,2. Married,1. White,HS Grad,2. Middle Atlantic,1. Industrial,2. >=Very Good,1. Yes,4.32766996444133
2008,43,2. Married,1. White,College Grad,2. Middle Atlantic,2. Information,1. <=Good,1. Yes,5.200298326159495
2005,51,2. Married,1. White,Some College,2. Middle Atlantic,1. Industrial,1. <=Good,1. Yes,5.11394335230684
2003,43,2. Married,3. Asian,< HS Grad,2. Middle Atlantic,2. Information,2. >=Very Good,2. No,4.17609125905568
2003,42,2. Married,1. White,HS Grad,2. Middle Atlantic,1. Industrial,2. >=Very Good,1. Yes,4.879340322443168
2008,28,2. Married,1. White,HS Grad,2. Middle Atlantic,1. Industrial,2. >=Very Good,2. No,4.709962455238732
2003,54,2. Married,1. White,Advanced Degree,2. Middle Atlantic,2. Information,2. >=Very Good,2. No,5
2005,34,2. Married,1. White,Advanced Degree,2. Middle Atlantic,2. Information,2. >=Very Good,1. Yes,5.06923136334717
2004,50,2. Married,1. White,College Grad,2. Middle Atlantic,2. Information,2. >=Very Good,1. Yes,4.68751214120134
2005,36,2. Married,1. White,Advanced Degree,2. Middle Atlantic,2. Information,2. >=Very Good,1. Yes,4.94200805302231
2005,36,2. Married,1. White,College Grad,2. Middle Atlantic,1. Industrial,2. >=Very Good,1. Yes,5.067158701649485
2005,71,3. Widowed,1. White,Some College,2. Middle Atlantic,1. Industrial,1. <=Good,1. Yes,4.77815125038364
2006,31,1. Never Married,3. Asian,Advanced Degree,2. Middle Atlantic,2. Information,2. >=Very Good,1. Yes,4.57978359661681
2005,43,2. Married,1. White,Advanced Degree,2. Middle Atlantic,2. Information,1. <=Good,1. Yes,4.90308998699194
2007,20,1. Never Married,1. White,Some College,2. Middle Atlantic,1. Industrial,1. <=Good,2. No,4.27875360095283
2007,23,1. Never Married,1. White,< HS Grad,2. Middle Atlantic,1. Industrial,2. >=Very Good,1. Yes,4.47712125471966
2007,42,4. Divorced,1. White,HS Grad,2. Middle Atlantic,1. Industrial,1. <=Good,2. No,4.174250881919977
2005,41,2. Married,1. White,Advanced Degree,2. Middle Atlantic,2. Information,2. >=Very Good,1. Yes,5.00432137378264
2009,27,2. Married,1. White,Advanced Degree,2. Middle Atlantic,2. Information,2. >=Very Good,1. Yes,4.80617997398389
2008,29,2. Married,1. White,Some College,2. Middle Atlantic,1. Industrial,1. <=Good,2. No,4.6232492903979
2008,41,4. Divorced,1. White,Some College,2. Middle Atlantic,1. Industrial,1. <=Good,1. Yes,4.60205999132796
2003,41,2. Married,2. Black,HS Grad,2. Middle Atlantic,1. Industrial,1. <=Good,1. Yes,4.7229293789121
2003,22,1. Never Married,1. White,Some College,2. Middle Atlantic,2. Information,1. <=Good,2. No,4.39794000867204
2003,39,2. Married,1. White,HS Grad,2. Middle Atlantic,1. Industrial,1. <=Good,1. Yes,4.562092482920949
2008,50,2. Married,1. White,College Grad,2. Middle Atlantic,1. Industrial,2. >=Very Good,2. No,4.387506083337059
2006,49,1. Never Married,1. White,College Grad,2. Middle Atlantic,1. Industrial,1. <=Good,1. Yes,5.00681766636431
2003,42,2. Married,1. White,Some College,2. Middle Atlantic,2. Information,2. >=Very Good,1. Yes,4.77815125038364
2008,38,2. Married,2. Black,HS Grad,2. Middle Atlantic,2. Information,2. >=Very Good,1. Yes,5.139100426034434
2004,55,2. Married,1. White,College Grad,2. Middle Atlantic,2. Information,1. <=Good,2. No,4.9578190642955535
2005,47,1. Never Married,1. White,HS Grad,2. Middle Atlantic,1. Industrial,1. <=Good,2. No,4.4695648698084804
2007,52,2. Married,4. Other,< HS Grad,2. Middle Atlantic,2. Information,2. >=Very Good,2. No,4.2211533219547
2009,56,4. Divorced,1. White,College Grad,2. Middle Atlantic,1. Industrial,2. >=Very Good,2. No,3.6360967677887994
2007,30,2. Married,1. White,Some College,2. Middle Atlantic,2. Information,2. >=Very Good,2. No,4.88081359228079
2005,56,2. Married,1. White,HS Grad,2. Middle Atlantic,1. Industrial,1. <=Good,2. No,4.856636462829418
2003,46,2. Married,1. White,HS Grad,2. Middle Atlantic,1. Industrial,1. <=Good,1. Yes,4.701494211776123
2009,43,2. Married,1. White,< HS Grad,2. Middle Atlantic,2. Information,2. >=Very Good,2. No,4.83884909073726
2003,35,2. Married,1. White,Some College,2. Middle Atlantic,1. Industrial,1. <=Good,1. Yes,4.75966784468963
2009,58,2. Married,1. White,HS Grad,2. Middle Atlantic,1. Industrial,1. <=Good,1. Yes,4.688202974350096
2009,69,2. Married,1. White,HS Grad,2. Middle Atlantic,1. Industrial,1. <=Good,1. Yes,4.49879931622411
2006,68,4. Divorced,1. White,HS Grad,2. Middle Atlantic,2. Information,1. <=Good,1. Yes,4.469172464210887
2004,52,2. Married,1. White,Some College,2. Middle Atlantic,2. Information,2. >=Very Good,1. Yes,4.84509804001426
2005,46,1. Never Married,2. Black,College Grad,2. Middle Atlantic,2. Information,1. <=Good,1. Yes,4.769317579378717
2007,39,1. Never Married,1. White,College Grad,2. Middle Atlantic,2. Information,2. >=Very Good,1. Yes,4.817380947573394
2009,66,2. Married,1. White,College Grad,2. Middle Atlantic,1. Industrial,1. <=Good,2. No,4.603227943626363
2005,30,2. Married,1. White,Advanced Degree,2. Middle Atlantic,1. Industrial,2. >=Very Good,1. Yes,4.7634279935629404
2006,30,4. Divorced,1. White,Some College,2. Middle Atlantic,1. Industrial,2. >=Very Good,1. Yes,4.68124123737559
2005,43,2. Married,1. White,HS Grad,2. Middle Atlantic,1. Industrial,2. >=Very Good,2. No,4.249110461124805
2008,49,2. Married,1. White,Advanced Degree,2. Middle Atlantic,1. Industrial,2. >=Very Good,1. Yes,5.07918124604763
2005,54,2. Married,1. White,Advanced Degree,2. Middle Atlantic,2. Information,2. >=Very Good,1. Yes,5
2008,48,4. Divorced,1. White,Advanced Degree,2. Middle Atlantic,2. Information,2. >=Very Good,1. Yes,4.96378782734556
2008,37,5. Separated,2. Black,Some College,2. Middle Atlantic,2. Information,2. >=Very Good,2. No,4.57978359661681
2007,46,2. Married,1. White,College Grad,2. Middle Atlantic,2. Information,1. <=Good,1. Yes,5.001077722573633
2007,53,2. Married,1. White,HS Grad,2. Middle Atlantic,1. Industrial,2. >=Very Good,2. No,4.771338823189519
2009,31,1. Never Married,1. White,College Grad,2. Middle Atlantic,1. Industrial,2. >=Very Good,1. Yes,4.699171766026207
2006,18,1. Never Married,1. White,Some College,2. Middle Atlantic,2. Information,2. >=Very Good,2. No,4.07918124604763
2003,49,2. Married,1. White,College Grad,2. Middle Atlantic,2. Information,2. >=Very Good,1. Yes,4.986517888957192
2006,39,2. Married,1. White,HS Grad,2. Middle Atlantic,1. Industrial,2. >=Very Good,2. No,4.615563307203869
2003,40,2. Married,1. White,HS Grad,2. Middle Atlantic,2. Information,1. <=Good,2. No,3.9932851964957496
2008,37,2. Married,1. White,HS Grad,2. Middle Atlantic,2. Information,2. >=Very Good,1. Yes,4.869081624186842
2006,24,2. Married,1. White,HS Grad,2. Middle Atlantic,1. Industrial,2. >=Very Good,1. Yes,4.60653422823606
2007,35,2. Married,1. White,College Grad,2. Middle Atlantic,1. Industrial,2. >=Very Good,1. Yes,4.9376075195011
2007,27,1. Never Married,1. White,HS Grad,2. Middle Atlantic,1. Industrial,2. >=Very Good,2. No,4.3128131316549325
2003,44,1. Never Married,3. Asian,Advanced Degree,2. Middle Atlantic,2. Information,2. >=Very Good,1. Yes,4.8750612633917
2008,46,2. Married,1. White,College Grad,2. Middle Atlantic,1. Industrial,2. >=Very Good,2. No,4.613730521270985
2005,40,2. Married,1. White,Some College,2. Middle Atlantic,2. Information,1. <=Good,2. No,4.44404479591808
2007,39,2. Married,1. White,Advanced Degree,2. Middle Atlantic,2. Information,2. >=Very Good,1. Yes,5.11394335230684
2008,42,1. Never Married,1. White,< HS Grad,2. Middle Atlantic,1. Industrial,1. <=Good,1. Yes,4.61278385671974
2003,37,2. Married,1. White,HS Grad,2. Middle Atlantic,1. Industrial,2. >=Very Good,1. Yes,4.7653984761390955
2008,58,2. Married,1. White,Some College,2. Middle Atlantic,2. Information,2. >=Very Good,1. Yes,4.81291335664286
2005,40,2. Married,3. Asian,Advanced Degree,2. Middle Atlantic,1. Industrial,2. >=Very Good,1. Yes,5.09691001300806
2003,27,2. Married,1. White,HS Grad,2. Middle Atlantic,2. Information,1. <=Good,1. Yes,4.470545133389107
2003,31,2. Married,1. White,Some College,2. Middle Atlantic,2. Information,2. >=Very Good,1. Yes,4.32221929473392
2008,44,2. Married,1. White,HS Grad,2. Middle Atlantic,1. Industrial,2. >=Very Good,2. No,4.1718543816372105
2003,38,4. Divorced,1. White,HS Grad,2. Middle Atlantic,1. Industrial,2. >=Very Good,1. Yes,4.6980628300015175
2004,34,2. Married,1. White,College Grad,2. Middle Atlantic,2. Information,2. >=Very Good,2. No,4.989303979499622
2005,41,2. Married,1. White,HS Grad,2. Middle Atlantic,2. Information,2. >=Very Good,1. Yes,4.90879220731183
2007,20,1. Never Married,1. White,< HS Grad,2. Middle Atlantic,1. Industrial,2. >=Very Good,2. No,4.28330122870355
2008,28,1. Never Married,1. White,College Grad,2. Middle Atlantic,2. Information,2. >=Very Good,1. Yes,5.111258465082004
2009,55,2. Married,1. White,College Grad,2. Middle Atlantic,2. Information,2. >=Very Good,1. Yes,4.464195171636482
2008,38,2. Married,1. White,College Grad,2. Middle Atlantic,2. Information,1. <=Good,2. No,4.968396424163123
2005,33,1. Never Married,2. Black,HS Grad,2. Middle Atlantic,1. Industrial,1. <=Good,2. No,4.449410841544705
2009,43,1. Never Married,1. White,HS Grad,2. Middle Atlantic,1. Industrial,1. <=Good,1. Yes,3.489226888463294
2006,50,2. Married,3. Asian,College Grad,2. Middle Atlantic,2. Information,2. >=Very Good,1. Yes,4.773340425155603
2008,55,2. Married,1. White,College Grad,2. Middle Atlantic,2. Information,2. >=Very Good,1. Yes,4.34196723431679
2005,24,1. Never Married,2. Black,Some College,2. Middle Atlantic,2. Information,2. >=Very Good,2. No,4.30319605742049
2008,41,2. Married,1. White,College Grad,2. Middle Atlantic,2. Information,2. >=Very Good,1. Yes,5.116440316164696
2009,37,4. Divorced,1. White,College Grad,2. Middle Atlantic,2. Information,1. <=Good,2. No,4.84935369505517
2005,42,2. Married,1. White,Some College,2. Middle Atlantic,2. Information,1. <=Good,1. Yes,4.90308998699194
2004,25,1. Never Married,1. White,College Grad,2. Middle Atlantic,2. Information,2. >=Very Good,1. Yes,4.461458295652406
2005,45,2. Married,1. White,Advanced Degree,2. Middle Atlantic,2. Information,2. >=Very Good,1. Yes,5
2009,40,2. Married,1. White,< HS Grad,2. Middle Atlantic,1. Industrial,2. >=Very Good,1. Yes,4.39794000867204
2004,43,2. Married,1. White,Advanced Degree,2. Middle Atlantic,2. Information,2. >=Very Good,1. Yes,4.8750612633917
2006,50,2. Married,1. White,Some College,2. Middle Atlantic,1. Industrial,2. >=Very Good,1. Yes,5.17609125905568
2003,42,1. Never Married,1. White,HS Grad,2. Middle Atlantic,2. Information,1. <=Good,1. Yes,4.4520637615400585
2003,38,2. Married,1. White,HS Grad,2. Middle Atlantic,1. Industrial,1. <=Good,1. Yes,5.225412193476254
2006,44,4. Divorced,1. White,< HS Grad,2. Middle Atlantic,1. Industrial,2. >=Very Good,1. Yes,4.41497334797082
2007,19,1. Never Married,1. White,Some College,2. Middle Atlantic,1. Industrial,1. <=Good,2. No,3.72427586960079
2004,44,1. Never Married,1. White,Some College,2. Middle Atlantic,2. Information,2. >=Very Good,1. Yes,4.7634279935629404
2003,26,1. Never Married,1. White,< HS Grad,2. Middle Atlantic,1. Industrial,2. >=Very Good,1. Yes,4.30102999566398
2005,54,2. Married,1. White,HS Grad,2. Middle Atlantic,1. Industrial,1. <=Good,1. Yes,4.493369611632997
2006,32,2. Married,1. White,College Grad,2. Middle Atlantic,1. Industrial,2. >=Very Good,1. Yes,4.539095515750897
2008,49,2. Married,1. White,College Grad,2. Middle Atlantic,2. Information,2. >=Very Good,1. Yes,4.9926704474239
2005,35,2. Married,1. White,< HS Grad,2. Middle Atlantic,1. Industrial,2. >=Very Good,2. No,4.26007138798508
2007,34,2. Married,1. White,< HS Grad,2. Middle Atlantic,2. Information,2. >=Very Good,2. No,4.27875360095283
2003,23,1. Never Married,1. White,< HS Grad,2. Middle Atlantic,1. Industrial,2. >=Very Good,2. No,4
2008,60,2. Married,3. Asian,Some College,2. Middle Atlantic,2. Information,1. <=Good,1. Yes,4.84509804001426
2006,54,2. Married,1. White,Advanced Degree,2. Middle Atlantic,2. Information,1. <=Good,1. Yes,4.30102999566398
2003,31,2. Married,2. Black,Some College,2. Middle Atlantic,2. Information,2. >=Very Good,2. No,4.93951925261862
2006,47,2. Married,1. White,College Grad,2. Middle Atlantic,2. Information,2. >=Very Good,2. No,5.218252583529982
2003,48,4. Divorced,1. White,HS Grad,2. Middle Atlantic,1. Industrial,1. <=Good,2. No,2.9472842317011385
2005,48,2. Married,1. White,College Grad,2. Middle Atlantic,2. Information,1. <=Good,1. Yes,4.791552856410389
2004,35,2. Married,1. White,HS Grad,2. Middle Atlantic,2. Information,1. <=Good,2. No,4.87117831696399
2006,55,2. Married,1. White,Advanced Degree,2. Middle Atlantic,2. Information,2. >=Very Good,1. Yes,4.84509804001426
2004,35,2. Married,1. White,Advanced Degree,2. Middle Atlantic,2. Information,2. >=Very Good,1. Yes,4.92427928606188
2009,37,2. Married,3. Asian,College Grad,2. Middle Atlantic,2. Information,2. >=Very Good,1. Yes,5.324186402799646
2003,27,1. Never Married,2. Black,HS Grad,2. Middle Atlantic,2. Information,2. >=Very Good,2. No,3.238332555596826
2007,64,2. Married,1. White,HS Grad,2. Middle Atlantic,2. Information,2. >=Very Good,1. Yes,4.4857510543367045
2003,52,4. Divorced,1. White,HS Grad,2. Middle Atlantic,1. Industrial,1. <=Good,1. Yes,4.279318093207027
2007,47,5. Separated,2. Black,< HS Grad,2. Middle Atlantic,2. Information,2. >=Very Good,2. No,4.41497334797082
2003,26,1. Never Married,1. White,HS Grad,2. Middle Atlantic,1. Industrial,2. >=Very Good,2. No,4.212954701158962
2005,41,2. Married,1. White,< HS Grad,2. Middle Atlantic,1. Industrial,2. >=Very Good,2. No,4.85733249643127
2009,22,1. Never Married,1. White,HS Grad,2. Middle Atlantic,1. Industrial,2. >=Very Good,1. Yes,4.360534495586655
2004,76,2. Married,1. White,Some College,2. Middle Atlantic,1. Industrial,1. <=Good,2. No,4.30102999566398
2006,46,2. Married,1. White,HS Grad,2. Middle Atlantic,1. Industrial,1. <=Good,1. Yes,4.569831849420435
2006,39,2. Married,2. Black,Some College,2. Middle Atlantic,1. Industrial,1. <=Good,1. Yes,4.81291335664286
2006,39,2. Married,1. White,Advanced Degree,2. Middle Atlantic,1. Industrial,2. >=Very Good,1. Yes,5.62689955920852
2004,23,1. Never Married,1. White,Some College,2. Middle Atlantic,1. Industrial,1. <=Good,1. Yes,4.30102999566398
2006,49,2. Married,1. White,Some College,2. Middle Atlantic,1. Industrial,2. >=Very Good,1. Yes,4.81954393554187
2009,44,2. Married,1. White,< HS Grad,2. Middle Atlantic,1. Industrial,1. <=Good,2. No,4.47712125471966
2006,20,1. Never Married,1. White,HS Grad,2. Middle Atlantic,1. Industrial,2. >=Very Good,2. No,4.033925595403173
2005,43,2. Married,1. White,Advanced Degree,2. Middle Atlantic,2. Information,2. >=Very Good,1. Yes,5.62618633492728
2006,42,2. Married,1. White,College Grad,2. Middle Atlantic,2. Information,2. >=Very Good,1. Yes,5.031384052866064
2009,46,2. Married,1. White,College Grad,2. Middle Atlantic,2. Information,2. >=Very Good,1. Yes,4.821594508632106
2009,33,1. Never Married,1. White,College Grad,2. Middle Atlantic,2. Information,2. >=Very Good,1. Yes,4.566767485844903
2003,62,2. Married,1. White,Advanced Degree,2. Middle Atlantic,2. Information,2. >=Very Good,1. Yes,5.59198011410292
2006,38,2. Married,1. White,Some College,2. Middle Atlantic,2. Information,1. <=Good,1. Yes,4.8750612633917
2005,43,2. Married,1. White,College Grad,2. Middle Atlantic,1. Industrial,2. >=Very Good,2. No,4.6500899554239545
2005,46,4. Divorced,1. White,College Grad,2. Middle Atlantic,2. Information,2. >=Very Good,1. Yes,5.62618633492728
2006,18,1. Never Married,1. White,HS Grad,2. Middle Atlantic,1. Industrial,2. >=Very Good,2. No,4.215689072107034
2009,63,2. Married,1. White,Advanced Degree,2. Middle Atlantic,2. Information,1. <=Good,2. No,5.59061783348625
2006,43,1. Never Married,2. Black,Advanced Degree,2. Middle Atlantic,1. Industrial,2. >=Very Good,1. Yes,4.78532983501077
2009,44,2. Married,1. White,College Grad,2. Middle Atlantic,2. Information,2. >=Very Good,1. Yes,4.852764326877899
2008,53,1. Never Married,2. Black,Some College,2. Middle Atlantic,2. Information,1. <=Good,1. Yes,4.85400223312699
2008,58,1. Never Married,1. White,< HS Grad,2. Middle Atlantic,2. Information,1. <=Good,1. Yes,4.50514997831991
2003,23,1. Never Married,1. White,College Grad,2. Middle Atlantic,1. Industrial,2. >=Very Good,2. No,4.3678153120033905
2004,50,2. Married,1. White,College Grad,2. Middle Atlantic,2. Information,2. >=Very Good,1. Yes,4.804103540962972
2004,35,1. Never Married,1. White,Advanced Degree,2. Middle Atlantic,2. Information,2. >=Very Good,1. Yes,4.77815125038364
2006,38,2. Married,1. White,Advanced Degree,2. Middle Atlantic,2. Information,1. <=Good,1. Yes,5.30102999566398
2004,36,2. Married,1. White,HS Grad,2. Middle Atlantic,1. Industrial,1. <=Good,1. Yes,4.831649717009933
2005,32,2. Married,1. White,Advanced Degree,2. Middle Atlantic,2. Information,2. >=Very Good,1. Yes,5
2003,56,2. Married,1. White,Advanced Degree,2. Middle Atlantic,2. Information,2. >=Very Good,1. Yes,5.59198011410292
2005,41,2. Married,1. White,Some College,2. Middle Atlantic,2. Information,2. >=Very Good,2. No,4.47712125471966
2004,40,1. Never Married,1. White,HS Grad,2. Middle Atlantic,1. Industrial,1. <=Good,2. No,4.813058204461748
2004,26,1. Never Married,1. White,College Grad,2. Middle Atlantic,1. Industrial,2. >=Very Good,2. No,4.251388547793657
2006,26,2. Married,1. White,HS Grad,2. Middle Atlantic,2. Information,2. >=Very Good,1. Yes,4.92839313939361
2008,47,4. Divorced,1. White,College Grad,2. Middle Atlantic,2. Information,2. >=Very Good,1. Yes,4.749649516940125
2007,25,1. Never Married,2. Black,College Grad,2. Middle Atlantic,2. Information,2. >=Very Good,2. No,3.9123638232824667
2006,58,2. Married,2. Black,Some College,2. Middle Atlantic,2. Information,1. <=Good,2. No,5.73518995947785
2008,57,2. Married,1. White,HS Grad,2. Middle Atlantic,2. Information,2. >=Very Good,2. No,4.372681248788544
2003,30,1. Never Married,1. White,< HS Grad,2. Middle Atlantic,2. Information,2. >=Very Good,2. No,4.08813608870055
2007,44,2. Married,1. White,College Grad,2. Middle Atlantic,2. Information,2. >=Very Good,1. Yes,5.0225674589268605
2009,29,2. Married,1. White,HS Grad,2. Middle Atlantic,1. Industrial,2. >=Very Good,2. No,4.388606406947928
2007,51,2. Married,1. White,College Grad,2. Middle Atlantic,1. Industrial,1. <=Good,2. No,4.704478049597253
2006,37,2. Married,1. White,< HS Grad,2. Middle Atlantic,1. Industrial,2. >=Very Good,2. No,4.53147891704226
2004,67,2. Married,3. Asian,Advanced Degree,2. Middle Atlantic,2. Information,1. <=Good,1. Yes,5.07918124604763
2009,34,2. Married,1. White,< HS Grad,2. Middle Atlantic,1. Industrial,2. >=Very Good,2. No,4.25527250510331
2003,50,2. Married,1. White,Advanced Degree,2. Middle Atlantic,2. Information,2. >=Very Good,1. Yes,4.79239168949825
2005,38,2. Married,1. White,HS Grad,2. Middle Atlantic,1. Industrial,2. >=Very Good,1. Yes,5.214761924648476
2008,55,2. Married,1. White,College Grad,2. Middle Atlantic,2. Information,2. >=Very Good,1. Yes,5.01024492351359
2003,27,1. Never Married,1. White,Some College,2. Middle Atlantic,1. Industrial,1. <=Good,1. Yes,4.79239168949825
2007,39,2. Married,1. White,Some College,2. Middle Atlantic,1. Industrial,2. >=Very Good,1. Yes,4.90308998699194
2007,54,2. Married,1. White,Some College,2. Middle Atlantic,1. Industrial,1. <=Good,1. Yes,5
2008,55,4. Divorced,1. White,Advanced Degree,2. Middle Atlantic,2. Information,1. <=Good,1. Yes,4.86332286012046
2003,49,2. Married,2. Black,Some College,2. Middle Atlantic,2. Information,1. <=Good,2. No,4.90308998699194
2003,42,2. Married,1. White,< HS Grad,2. Middle Atlantic,1. Industrial,1. <=Good,2. No,4.04139268515823
2005,39,2. Married,1. White,College Grad,2. Middle Atlantic,1. Industrial,2. >=Very Good,2. No,4.688363284747968
2003,32,1. Never Married,1. White,HS Grad,2. Middle Atlantic,1. Industrial,2. >=Very Good,1. Yes,4.505898453079715
2005,39,2. Married,1. White,Some College,2. Middle Atlantic,1. Industrial,2. >=Very Good,1. Yes,4.85733249643127
2003,50,2. Married,1. White,Advanced Degree,2. Middle Atlantic,2. Information,2. >=Very Good,1. Yes,4.90308998699194
2004,47,2. Married,1. White,HS Grad,2. Middle Atlantic,1. Industrial,2. >=Very Good,2. No,4.48595677969854
2003,40,1. Never Married,1. White,Some College,2. Middle Atlantic,1. Industrial,2. >=Very Good,2. No,4.47712125471966
2006,51,1. Never Married,1. White,Some College,2. Middle Atlantic,2. Information,2. >=Very Good,1. Yes,4.77815125038364
2009,28,2. Married,3. Asian,Some College,2. Middle Atlantic,1. Industrial,2. >=Very Good,2. No,4.23044892137827
2007,53,4. Divorced,1. White,Some College,2. Middle Atlantic,1. Industrial,2. >=Very Good,1. Yes,4.54406804435028
2005,54,2. Married,1. White,Some College,2. Middle Atlantic,2. Information,2. >=Very Good,1. Yes,4.77815125038364
2009,51,2. Married,1. White,College Grad,2. Middle Atlantic,2. Information,2. >=Very Good,1. Yes,4.383827825783572
2008,33,2. Married,1. White,Advanced Degree,2. Middle Atlantic,1. Industrial,2. >=Very Good,2. No,4.90308998699194
2008,55,2. Married,1. White,College Grad,2. Middle Atlantic,1. Industrial,2. >=Very Good,2. No,4.6961198106839825
2003,44,2. Married,1. White,Advanced Degree,2. Middle Atlantic,1. Industrial,2. >=Very Good,1. Yes,4.61278385671974
2009,30,2. Married,1. White,Some College,2. Middle Atlantic,1. Industrial,2. >=Very Good,1. Yes,4.66275783168157
2005,40,2. Married,3. Asian,Advanced Degree,2. Middle Atlantic,2. Information,1. <=Good,1. Yes,4.47712125471966
2007,26,2. Married,1. White,HS Grad,2. Middle Atlantic,1. Industrial,1. <=Good,2. No,4.56457257377273
2006,49,2. Married,3. Asian,College Grad,2. Middle Atlantic,2. Information,1. <=Good,1. Yes,4.60694115265476
2004,43,2. Married,1. White,Advanced Degree,2. Middle Atlantic,1. Industrial,2. >=Very Good,1. Yes,5.09691001300806
2004,43,1. Never Married,2. Black,Some College,2. Middle Atlantic,1. Industrial,2. >=Very Good,1. Yes,4.41497334797082
2008,44,2. Married,1. White,HS Grad,2. Middle Atlantic,1. Industrial,2. >=Very Good,1. Yes,4.611035880329018
2006,32,1. Never Married,1. White,College Grad,2. Middle Atlantic,1. Industrial,2. >=Very Good,2. No,3.9174180033374513
2009,34,2. Married,3. Asian,Advanced Degree,2. Middle Atlantic,2. Information,2. >=Very Good,1. Yes,5.02938377768521
2009,36,2. Married,3. Asian,College Grad,2. Middle Atlantic,2. Information,1. <=Good,1. Yes,5.115170378979199
2006,51,2. Married,1. White,< HS Grad,2. Middle Atlantic,1. Industrial,2. >=Very Good,1. Yes,4.61909333062674
2007,42,2. Married,1. White,Some College,2. Middle Atlantic,2. Information,1. <=Good,2. No,4.56110138364906
2003,60,2. Married,1. White,Advanced Degree,2. Middle Atlantic,1. Industrial,1. <=Good,1. Yes,4.77815125038364
2004,36,2. Married,1. White,HS Grad,2. Middle Atlantic,1. Industrial,1. <=Good,2. No,4.565521565029785
2006,47,2. Married,1. White,Some College,2. Middle Atlantic,1. Industrial,2. >=Very Good,1. Yes,4.77815125038364
2004,60,2. Married,1. White,Some College,2. Middle Atlantic,2. Information,1. <=Good,1. Yes,4.92941892571429
2003,22,1. Never Married,1. White,HS Grad,2. Middle Atlantic,1. Industrial,2. >=Very Good,2. No,4.049322232185792
2005,41,1. Never Married,2. Black,HS Grad,2. Middle Atlantic,1. Industrial,2. >=Very Good,2. No,4.370601469073343
2003,56,4. Divorced,1. White,College Grad,2. Middle Atlantic,1. Industrial,2. >=Very Good,2. No,4.597689259671678
2003,44,2. Married,1. White,HS Grad,2. Middle Atlantic,1. Industrial,2. >=Very Good,1. Yes,4.425905909061238
2005,49,2. Married,1. White,College Grad,2. Middle Atlantic,1. Industrial,2. >=Very Good,1. Yes,4.6456918474029765
2006,45,2. Married,1. White,College Grad,2. Middle Atlantic,2. Information,2. >=Very Good,1. Yes,4.7652036277633645
2003,25,1. Never Married,1. White,Some College,2. Middle Atlantic,1. Industrial,2. >=Very Good,2. No,4.54406804435028
2007,52,2. Married,1. White,Some College,2. Middle Atlantic,1. Industrial,1. <=Good,1. Yes,4.77815125038364
2003,30,2. Married,1. White,Advanced Degree,2. Middle Atlantic,2. Information,2. >=Very Good,1. Yes,5
2009,29,2. Married,1. White,HS Grad,2. Middle Atlantic,1. Industrial,2. >=Very Good,2. No,4.670197788589464
2007,23,2. Married,1. White,College Grad,2. Middle Atlantic,2. Information,2. >=Very Good,1. Yes,4.3861839626830585
2007,48,4. Divorced,1. White,HS Grad,2. Middle Atlantic,2. Information,2. >=Very Good,1. Yes,4.761499309171251
2009,44,2. Married,1. White,HS Grad,2. Middle Atlantic,2. Information,2. >=Very Good,2. No,4.7440035993968985
2003,62,2. Married,1. White,College Grad,2. Middle Atlantic,1. Industrial,2. >=Very Good,1. Yes,4.875504884942354
2006,33,2. Married,1. White,Advanced Degree,2. Middle Atlantic,1. Industrial,2. >=Very Good,1. Yes,5.02118929906994
2008,51,2. Married,1. White,HS Grad,2. Middle Atlantic,2. Information,1. <=Good,1. Yes,4.472434806396462
2006,36,2. Married,1. White,Advanced Degree,2. Middle Atlantic,2. Information,2. >=Very Good,2. No,5.30102999566398
2005,23,2. Married,1. White,HS Grad,2. Middle Atlantic,1. Industrial,1. <=Good,2. No,3.9805273970175565
2003,51,4. Divorced,1. White,HS Grad,2. Middle Atlantic,1. Industrial,2. >=Very Good,1. Yes,4.1692112309085845
2008,47,2. Married,1. White,College Grad,2. Middle Atlantic,1. Industrial,2. >=Very Good,1. Yes,5.328636094754939
2003,34,1. Never Married,1. White,HS Grad,2. Middle Atlantic,2. Information,1. <=Good,1. Yes,4.853486280919295
2004,34,2. Married,1. White,HS Grad,2. Middle Atlantic,2. Information,2. >=Very Good,1. Yes,4.648175646879571
2009,43,2. Married,1. White,Advanced Degree,2. Middle Atlantic,2. Information,1. <=Good,1. Yes,5.30102999566398
2006,43,5. Separated,1. White,Some College,2. Middle Atlantic,2. Information,2. >=Very Good,1. Yes,4.6232492903979
2009,40,1. Never Married,1. White,College Grad,2. Middle Atlantic,1. Industrial,1. <=Good,1. Yes,5.17843505888647
2005,59,2. Married,1. White,HS Grad,2. Middle Atlantic,2. Information,1. <=Good,2. No,4.626894350849515
2008,53,2. Married,1. White,HS Grad,2. Middle Atlantic,1. Industrial,2. >=Very Good,2. No,4.752366666511268
2004,32,2. Married,1. White,HS Grad,2. Middle Atlantic,2. Information,2. >=Very Good,1. Yes,4.662281960465684
2008,48,2. Married,1. White,HS Grad,2. Middle Atlantic,1. Industrial,2. >=Very Good,1. Yes,4.485117974519062
2008,37,1. Never Married,1. White,Advanced Degree,2. Middle Atlantic,2. Information,2. >=Very Good,2. No,5.20411998265593
2006,20,1. Never Married,2. Black,Some College,2. Middle Atlantic,2. Information,2. >=Very Good,2. No,4.31806333496276
2004,32,2. Married,1. White,HS Grad,2. Middle Atlantic,2. Information,2. >=Very Good,2. No,4.264552962761596
2004,40,1. Never Married,1. White,HS Grad,2. Middle Atlantic,1. Industrial,2. >=Very Good,1. Yes,4.741487018148412
2004,48,2. Married,1. White,Some College,2. Middle Atlantic,2. Information,1. <=Good,1. Yes,4.81885905297563
2005,43,2. Married,1. White,College Grad,2. Middle Atlantic,2. Information,1. <=Good,1. Yes,5.112399134172427
2009,56,2. Married,3. Asian,Advanced Degree,2. Middle Atlantic,2. Information,2. >=Very Good,1. Yes,4.77815125038364
2003,55,2. Married,1. White,Advanced Degree,2. Middle Atlantic,2. Information,2. >=Very Good,2. No,5.59198011410292
2008,38,1. Never Married,1. White,HS Grad,2. Middle Atlantic,1. Industrial,1. <=Good,1. Yes,4.618911021480262
2006,52,2. Married,1. White,HS Grad,2. Middle Atlantic,1. Industrial,1. <=Good,1. Yes,4.524506914752554
2003,40,2. Married,1. White,Advanced Degree,2. Middle Atlantic,2. Information,1. <=Good,2. No,4.84509804001426
2005,29,2. Married,1. White,Advanced Degree,2. Middle Atlantic,2. Information,2. >=Very Good,1. Yes,4.7481880270062
2007,45,2. Married,1. White,College Grad,2. Middle Atlantic,2. Information,2. >=Very Good,1. Yes,4.934482894076067
2003,39,2. Married,3. Asian,< HS Grad,2. Middle Atlantic,1. Industrial,1. <=Good,2. No,4.23044892137827
2005,50,2. Married,1. White,College Grad,2. Middle Atlantic,1. Industrial,2. >=Very Good,1. Yes,5.109676250605209
2003,50,2. Married,1. White,Advanced Degree,2. Middle Atlantic,2. Information,2. >=Very Good,1. Yes,4.96848294855393
2004,57,2. Married,3. Asian,Advanced Degree,2. Middle Atlantic,2. Information,2. >=Very Good,1. Yes,4.90308998699194
2003,30,2. Married,1. White,HS Grad,2. Middle Atlantic,1. Industrial,1. <=Good,2. No,4.162961418783868
2005,56,4. Divorced,2. Black,Some College,2. Middle Atlantic,2. Information,2. >=Very Good,1. Yes,4.32221929473392
2008,43,2. Married,3. Asian,Advanced Degree,2. Middle Atlantic,2. Information,2. >=Very Good,1. Yes,5.17609704961017
2004,43,2. Married,1. White,College Grad,2. Middle Atlantic,2. Information,2. >=Very Good,1. Yes,4.56510953225934
2005,67,2. Married,2. Black,Some College,2. Middle Atlantic,2. Information,1. <=Good,1. Yes,4.81291335664286
2005,50,2. Married,1. White,HS Grad,2. Middle Atlantic,2. Information,2. >=Very Good,1. Yes,4.561605072413558
2005,49,2. Married,1. White,Some College,2. Middle Atlantic,2. Information,2. >=Very Good,1. Yes,4.7160033436348
2004,50,2. Married,1. White,HS Grad,2. Middle Atlantic,1. Industrial,1. <=Good,1. Yes,4.369109978334427
2004,59,2. Married,2. Black,College Grad,2. Middle Atlantic,2. Information,2. >=Very Good,1. Yes,5.087647432770732
2007,51,2. Married,1. White,Some College,2. Middle Atlantic,1. Industrial,2. >=Very Good,1. Yes,4.7634279935629404
2005,39,2. Married,1. White,HS Grad,2. Middle Atlantic,1. Industrial,2. >=Very Good,1. Yes,4.505389528773474
2009,54,2. Married,2. Black,Some College,2. Middle Atlantic,1. Industrial,1. <=Good,1. Yes,4.60205999132796
2004,55,2. Married,1. White,Some College,2. Middle Atlantic,2. Information,2. >=Very Good,1. Yes,4.81291335664286
2005,45,2. Married,1. White,Some College,2. Middle Atlantic,1. Industrial,2. >=Very Good,2. No,4.84509804001426
2003,54,2. Married,1. White,Some College,2. Middle Atlantic,2. Information,2. >=Very Good,1. Yes,4.93449845124357
2008,23,1. Never Married,1. White,HS Grad,2. Middle Atlantic,1. Industrial,2. >=Very Good,1. Yes,4.713712580196176
2003,74,3. Widowed,2. Black,College Grad,2. Middle Atlantic,2. Information,1. <=Good,2. No,4.121543875091981
2005,52,2. Married,1. White,HS Grad,2. Middle Atlantic,1. Industrial,2. >=Very Good,2. No,4.717821668569405
2005,25,1. Never Married,1. White,HS Grad,2. Middle Atlantic,1. Industrial,2. >=Very Good,2. No,4.174078476304394
2008,45,1. Never Married,1. White,< HS Grad,2. Middle Atlantic,1. Industrial,2. >=Very Good,2. No,4.25527250510331
2004,37,2. Married,1. White,Some College,2. Middle Atlantic,2. Information,2. >=Very Good,1. Yes,5.17609125905568
2005,55,2. Married,1. White,Some College,2. Middle Atlantic,1. Industrial,2. >=Very Good,1. Yes,4.73239375982297
2004,25,1. Never Married,1. White,< HS Grad,2. Middle Atlantic,1. Industrial,2. >=Very Good,1. Yes,4.41497334797082
2008,66,2. Married,1. White,College Grad,2. Middle Atlantic,1. Industrial,2. >=Very Good,1. Yes,5.029843830517467
2007,47,1. Never Married,2. Black,College Grad,2. Middle Atlantic,2. Information,2. >=Very Good,1. Yes,5.191549174662514
2005,36,2. Married,2. Black,College Grad,2. Middle Atlantic,1. Industrial,2. >=Very Good,1. Yes,5.012214887652663
2004,63,2. Married,1. White,HS Grad,2. Middle Atlantic,2. Information,1. <=Good,1. Yes,4.84791508644392
2003,44,2. Married,1. White,College Grad,2. Middle Atlantic,1. Industrial,2. >=Very Good,1. Yes,5.043716648662324
2009,37,2. Married,1. White,Advanced Degree,2. Middle Atlantic,2. Information,2. >=Very Good,1. Yes,5.59061783348625
2006,32,1. Never Married,1. White,College Grad,2. Middle Atlantic,1. Industrial,2. >=Very Good,1. Yes,4.646605543705194
2004,43,2. Married,1. White,Some College,2. Middle Atlantic,2. Information,2. >=Very Good,1. Yes,4.90308998699194
2009,37,2. Married,1. White,College Grad,2. Middle Atlantic,2. Information,2. >=Very Good,1. Yes,4.951914414151188
2009,26,1. Never Married,1. White,HS Grad,2. Middle Atlantic,1. Industrial,2. >=Very Good,2. No,4.251729851022979
2004,39,2. Married,1. White,Some College,2. Middle Atlantic,2. Information,2. >=Very Good,1. Yes,4.51851393987789
2008,45,2. Married,1. White,Advanced Degree,2. Middle Atlantic,2. Information,2. >=Very Good,1. Yes,5.07918124604763
2009,40,1. Never Married,2. Black,College Grad,2. Middle Atlantic,1. Industrial,2. >=Very Good,1. Yes,4.975027452001063
2006,51,2. Married,1. White,Advanced Degree,2. Middle Atlantic,2. Information,2. >=Very Good,1. Yes,5.03342375548695
2009,52,2. Married,2. Black,HS Grad,2. Middle Atlantic,1. Industrial,2. >=Very Good,2. No,4.100645624576816
2007,43,2. Married,1. White,HS Grad,2. Middle Atlantic,1. Industrial,2. >=Very Good,1. Yes,4.091804841375649
2005,52,2. Married,1. White,College Grad,2. Middle Atlantic,1. Industrial,2. >=Very Good,1. Yes,4.459287205146544
2005,50,1. Never Married,1. White,Advanced Degree,2. Middle Atlantic,2. Information,2. >=Very Good,1. Yes,5.20411998265593
2005,54,2. Married,1. White,College Grad,2. Middle Atlantic,2. Information,2. >=Very Good,2. No,4.6215621820830375
2004,28,2. Married,1. White,HS Grad,2. Middle Atlantic,1. Industrial,2. >=Very Good,1. Yes,4.684374534277395
2003,28,2. Married,1. White,HS Grad,2. Middle Atlantic,1. Industrial,2. >=Very Good,1. Yes,4.9372668244005835
2005,26,1. Never Married,3. Asian,College Grad,2. Middle Atlantic,2. Information,1. <=Good,2. No,4.5168394539915715
2009,45,4. Divorced,1. White,HS Grad,2. Middle Atlantic,1. Industrial,2. >=Very Good,1. Yes,4.415501972086097
2003,34,4. Divorced,1. White,HS Grad,2. Middle Atlantic,2. Information,2. >=Very Good,2. No,4.466006744099676
2006,73,2. Married,2. Black,HS Grad,2. Middle Atlantic,2. Information,1. <=Good,1. Yes,4.714962431790215
2009,31,1. Never Married,1. White,HS Grad,2. Middle Atlantic,1. Industrial,1. <=Good,1. Yes,4.771692664581564
2005,29,1. Never Married,1. White,Some College,2. Middle Atlantic,1. Industrial,2. >=Very Good,1. Yes,4.50514997831991
2008,40,2. Married,1. White,Advanced Degree,2. Middle Atlantic,2. Information,2. >=Very Good,1. Yes,5.07918124604763
2003,38,2. Married,1. White,Advanced Degree,2. Middle Atlantic,2. Information,2. >=Very Good,1. Yes,5.19033169817029
2004,42,2. Married,1. White,Some College,2. Middle Atlantic,1. Industrial,2. >=Very Good,1. Yes,4.99563519459755
2007,50,2. Married,1. White,HS Grad,2. Middle Atlantic,2. Information,2. >=Very Good,1. Yes,4.768395670297727
2008,51,2. Married,1. White,HS Grad,2. Middle Atlantic,1. Industrial,2. >=Very Good,1. Yes,4.039676974368842
2009,40,5. Separated,1. White,HS Grad,2. Middle Atlantic,2. Information,2. >=Very Good,1. Yes,4.633787870074442
2008,25,1. Never Married,1. White,College Grad,2. Middle Atlantic,2. Information,2. >=Very Good,2. No,3.8481034920616843
2009,47,4. Divorced,1. White,College Grad,2. Middle Atlantic,1. Industrial,2. >=Very Good,1. Yes,5.087181421226002
2009,27,2. Married,1. White,Some College,2. Middle Atlantic,2. Information,2. >=Very Good,1. Yes,4.39794000867204
2003,53,4. Divorced,1. White,College Grad,2. Middle Atlantic,1. Industrial,1. <=Good,2. No,4.234367339625111
2004,67,2. Married,2. Black,< HS Grad,2. Middle Atlantic,2. Information,2. >=Very Good,1. Yes,4.47712125471966
2008,40,2. Married,3. Asian,College Grad,2. Middle Atlantic,2. Information,1. <=Good,1. Yes,4.851762491830681
2003,44,2. Married,2. Black,College Grad,2. Middle Atlantic,1. Industrial,2. >=Very Good,1. Yes,4.455572208356085
2004,33,1. Never Married,1. White,< HS Grad,2. Middle Atlantic,1. Industrial,2. >=Very Good,2. No,4.39794000867204
2004,29,1. Never Married,1. White,Some College,2. Middle Atlantic,1. Industrial,2. >=Very Good,1. Yes,4.49136169383427
2003,32,1. Never Married,1. White,Advanced Degree,2. Middle Atlantic,2. Information,2. >=Very Good,1. Yes,4.73719264270474
2009,27,1. Never Married,1. White,HS Grad,2. Middle Atlantic,2. Information,2. >=Very Good,1. Yes,4.650221134410443
2003,40,2. Married,1. White,HS Grad,2. Middle Atlantic,2. Information,2. >=Very Good,1. Yes,4.794348987595047
2008,36,4. Divorced,1. White,HS Grad,2. Middle Atlantic,2. Information,2. >=Very Good,2. No,4.1943087120347915
2003,48,1. Never Married,2. Black,HS Grad,2. Middle Atlantic,2. Information,2. >=Very Good,1. Yes,4.316867785267027
2004,56,2. Married,1. White,Some College,2. Middle Atlantic,2. Information,2. >=Very Good,1. Yes,4.77815125038364
2004,24,2. Married,1. White,< HS Grad,2. Middle Atlantic,1. Industrial,2. >=Very Good,2. No,4.84509804001426
2006,53,2. Married,3. Asian,Advanced Degree,2. Middle Atlantic,1. Industrial,2. >=Very Good,1. Yes,4.90308998699194
2008,34,2. Married,1. White,HS Grad,2. Middle Atlantic,1. Industrial,2. >=Very Good,2. No,4.688632696197766
2007,61,2. Married,1. White,Some College,2. Middle Atlantic,2. Information,2. >=Very Good,2. No,5.64100585131578
2004,38,2. Married,1. White,HS Grad,2. Middle Atlantic,1. Industrial,2. >=Very Good,2. No,3.9864129385745004
2007,55,3. Widowed,1. White,College Grad,2. Middle Atlantic,1. Industrial,1. <=Good,1. Yes,4.703124428838505
2005,70,2. Married,1. White,College Grad,2. Middle Atlantic,2. Information,1. <=Good,2. No,3.87823098986767
2003,24,1. Never Married,1. White,HS Grad,2. Middle Atlantic,1. Industrial,1. <=Good,1. Yes,4.5141904266045465
2006,22,5. Separated,1. White,< HS Grad,2. Middle Atlantic,1. Industrial,2. >=Very Good,2. No,4.31806333496276
2007,38,4. Divorced,2. Black,College Grad,2. Middle Atlantic,2. Information,2. >=Very Good,1. Yes,4.826464140802415
2004,29,2. Married,1. White,Some College,2. Middle Atlantic,1. Industrial,2. >=Very Good,2. No,4.38021124171161
2006,30,2. Married,1. White,Some College,2. Middle Atlantic,2. Information,2. >=Very Good,1. Yes,4.8750612633917
2007,38,2. Married,1. White,Advanced Degree,2. Middle Atlantic,2. Information,2. >=Very Good,1. Yes,5.14612803567824
2007,49,5. Separated,1. White,Some College,2. Middle Atlantic,2. Information,2. >=Very Good,1. Yes,4.57978359661681
2009,71,2. Married,1. White,HS Grad,2. Middle Atlantic,1. Industrial,2. >=Very Good,1. Yes,4.49922439478635
2005,32,2. Married,1. White,HS Grad,2. Middle Atlantic,1. Industrial,2. >=Very Good,2. No,4.429151618873812
2003,40,2. Married,3. Asian,Advanced Degree,2. Middle Atlantic,2. Information,2. >=Very Good,1. Yes,5.70132270778851
2004,32,2. Married,1. White,HS Grad,2. Middle Atlantic,2. Information,2. >=Very Good,1. Yes,4.314006315712597
2006,33,1. Never Married,1. White,Some College,2. Middle Atlantic,2. Information,2. >=Very Good,1. Yes,4.41497334797082
2003,40,2. Married,1. White,HS Grad,2. Middle Atlantic,1. Industrial,2. >=Very Good,1. Yes,4.337569024533499
2005,25,1. Never Married,2. Black,HS Grad,2. Middle Atlantic,2. Information,2. >=Very Good,1. Yes,4.223748505449164
2003,36,5. Separated,2. Black,Some College,2. Middle Atlantic,2. Information,1. <=Good,2. No,4.51851393987789
2003,46,2. Married,1. White,HS Grad,2. Middle Atlantic,1. Industrial,1. <=Good,2. No,4.880569360790333
2009,59,2. Married,1. White,Advanced Degree,2. Middle Atlantic,2. Information,2. >=Very Good,2. No,4.54032947479087
2003,49,1. Never Married,1. White,Advanced Degree,2. Middle Atlantic,1. Industrial,1. <=Good,2. No,4.96378782734556
2005,41,2. Married,1. White,Some College,2. Middle Atlantic,1. Industrial,2. >=Very Good,1. Yes,4.51851393987789
2007,42,2. Married,3. Asian,Advanced Degree,2. Middle Atlantic,2. Information,2. >=Very Good,1. Yes,4.8750612633917
2009,59,2. Married,2. Black,Some College,2. Middle Atlantic,2. Information,2. >=Very Good,2. No,4.47712125471966
2004,27,1. Never Married,1. White,< HS Grad,2. Middle Atlantic,1. Industrial,1. <=Good,2. No,4.33713966272456
2006,30,2. Married,1. White,HS Grad,2. Middle Atlantic,1. Industrial,2. >=Very Good,2. No,4.286227884273526
2005,54,2. Married,2. Black,HS Grad,2. Middle Atlantic,2. Information,2. >=Very Good,1. Yes,4.427430458346607
2005,31,1. Never Married,1. White,Advanced Degree,2. Middle Atlantic,2. Information,2. >=Very Good,1. Yes,4.38916608436453
2007,34,2. Married,1. White,Advanced Degree,2. Middle Atlantic,2. Information,2. >=Very Good,1. Yes,5.09691001300806
2007,47,2. Married,1. White,HS Grad,2. Middle Atlantic,1. Industrial,2. >=Very Good,1. Yes,4.702019624699145
2003,40,2. Married,1. White,Advanced Degree,2. Middle Atlantic,2. Information,2. >=Very Good,1. Yes,4.89209460269048
2007,29,1. Never Married,1. White,HS Grad,2. Middle Atlantic,1. Industrial,2. >=Very Good,2. No,4.366645259542152
2003,58,2. Married,1. White,< HS Grad,2. Middle Atlantic,1. Industrial,1. <=Good,1. Yes,4.47712125471966
2006,41,2. Married,1. White,HS Grad,2. Middle Atlantic,1. Industrial,2. >=Very Good,1. Yes,4.969078839690163
2004,56,2. Married,1. White,HS Grad,2. Middle Atlantic,2. Information,1. <=Good,1. Yes,4.57298045675942
2008,52,2. Married,1. White,HS Grad,2. Middle Atlantic,1. Industrial,1. <=Good,1. Yes,4.845826445515179
2003,53,2. Married,1. White,Some College,2. Middle Atlantic,1. Industrial,1. <=Good,1. Yes,4.77815125038364
2003,37,4. Divorced,1. White,HS Grad,2. Middle Atlantic,2. Information,1. <=Good,1. Yes,4.372241334087445
2009,30,1. Never Married,2. Black,Some College,2. Middle Atlantic,1. Industrial,2. >=Very Good,2. No,4.54406804435028
2004,35,2. Married,1. White,HS Grad,2. Middle Atlantic,2. Information,2. >=Very Good,1. Yes,5.012443256244211
2006,40,2. Married,1. White,College Grad,2. Middle Atlantic,1. Industrial,1. <=Good,1. Yes,4.746033073577723
2007,54,2. Married,3. Asian,HS Grad,2. Middle Atlantic,1. Industrial,1. <=Good,2. No,4.418278712199289
2007,22,1. Never Married,3. Asian,College Grad,2. Middle Atlantic,2. Information,1. <=Good,1. Yes,4.186509605110627
2005,37,2. Married,1. White,Advanced Degree,2. Middle Atlantic,2. Information,2. >=Very Good,1. Yes,4.90308998699194
2005,39,2. Married,1. White,HS Grad,2. Middle Atlantic,1. Industrial,2. >=Very Good,2. No,5.6903298930171
2009,62,2. Married,1. White,HS Grad,2. Middle Atlantic,2. Information,1. <=Good,1. Yes,4.6622165133957685
2007,47,2. Married,1. White,Some College,2. Middle Atlantic,2. Information,1. <=Good,1. Yes,4.65321251377534
2003,51,2. Married,1. White,Advanced Degree,2. Middle Atlantic,1. Industrial,2. >=Very Good,1. Yes,5
2006,47,4. Divorced,1. White,HS Grad,2. Middle Atlantic,1. Industrial,2. >=Very Good,1. Yes,4.553467511969289
2003,28,1. Never Married,1. White,College Grad,2. Middle Atlantic,1. Industrial,2. >=Very Good,1. Yes,4.621113690435221
2005,65,2. Married,1. White,HS Grad,2. Middle Atlantic,1. Industrial,1. <=Good,1. Yes,4.661252055278669
2005,42,2. Married,1. White,HS Grad,2. Middle Atlantic,2. Information,2. >=Very Good,1. Yes,4.90551219301415
2007,58,2. Married,1. White,HS Grad,2. Middle Atlantic,1. Industrial,1. <=Good,1. Yes,4.549300180302712
2007,32,2. Married,1. White,Some College,2. Middle Atlantic,2. Information,2. >=Very Good,1. Yes,4.6232492903979
2003,34,2. Married,1. White,Advanced Degree,2. Middle Atlantic,2. Information,2. >=Very Good,1. Yes,4.98677173426625
2007,49,2. Married,1. White,HS Grad,2. Middle Atlantic,2. Information,2. >=Very Good,2. No,4.383226905711427
2008,39,2. Married,1. White,Advanced Degree,2. Middle Atlantic,2. Information,2. >=Very Good,1. Yes,4.97772360528885
2008,44,2. Married,1. White,College Grad,2. Middle Atlantic,1. Industrial,1. <=Good,1. Yes,4.2887949943782155
2009,38,1. Never Married,1. White,Some College,2. Middle Atlantic,1. Industrial,2. >=Very Good,2. No,4.43136376415899
2008,48,2. Married,1. White,Advanced Degree,2. Middle Atlantic,2. Information,2. >=Very Good,1. Yes,4.7481880270062
2006,47,2. Married,1. White,HS Grad,2. Middle Atlantic,1. Industrial,2. >=Very Good,1. Yes,4.431857806939756
2009,40,2. Married,4. Other,< HS Grad,2. Middle Atlantic,1. Industrial,2. >=Very Good,2. No,4.27875360095283
2005,27,5. Separated,1. White,< HS Grad,2. Middle Atlantic,1. Industrial,2. >=Very Good,1. Yes,4.38021124171161
2004,42,2. Married,1. White,College Grad,2. Middle Atlantic,2. Information,2. >=Very Good,1. Yes,4.541266184487557
2004,30,4. Divorced,1. White,HS Grad,2. Middle Atlantic,1. Industrial,2. >=Very Good,1. Yes,4.614708140983414
2007,31,2. Married,1. White,Advanced Degree,2. Middle Atlantic,2. Information,2. >=Very Good,1. Yes,4.60205999132796
2007,29,2. Married,1. White,College Grad,2. Middle Atlantic,2. Information,2. >=Very Good,1. Yes,4.586366653902587
2006,53,4. Divorced,1. White,Advanced Degree,2. Middle Atlantic,1. Industrial,2. >=Very Good,1. Yes,4.92941892571429
2009,37,2. Married,1. White,< HS Grad,2. Middle Atlantic,1. Industrial,2. >=Very Good,2. No,4.23044892137827
2007,48,2. Married,1. White,Some College,2. Middle Atlantic,2. Information,2. >=Very Good,2. No,4.69423655022735
2009,56,4. Divorced,1. White,Advanced Degree,2. Middle Atlantic,2. Information,2. >=Very Good,1. Yes,5
2003,44,2. Married,1. White,Some College,2. Middle Atlantic,1. Industrial,2. >=Very Good,1. Yes,4.60205999132796
2004,63,2. Married,1. White,College Grad,2. Middle Atlantic,2. Information,2. >=Very Good,1. Yes,4.858816943193835
2003,25,2. Married,1. White,College Grad,2. Middle Atlantic,1. Industrial,2. >=Very Good,1. Yes,4.045607651197293
2003,31,2. Married,1. White,College Grad,2. Middle Atlantic,2. Information,1. <=Good,2. No,4.465248138868354
2003,51,2. Married,1. White,HS Grad,2. Middle Atlantic,1. Industrial,1. <=Good,1. Yes,4.339933813445908
2007,25,1. Never Married,1. White,HS Grad,2. Middle Atlantic,1. Industrial,2. >=Very Good,1. Yes,4.470417027872456
2007,50,2. Married,1. White,Some College,2. Middle Atlantic,2. Information,2. >=Very Good,1. Yes,4.60205999132796
2006,34,2. Married,1. White,HS Grad,2. Middle Atlantic,1. Industrial,1. <=Good,2. No,4.881105859730567
2004,20,1. Never Married,1. White,Some College,2. Middle Atlantic,1. Industrial,2. >=Very Good,1. Yes,4.41497334797082
2007,30,1. Never Married,1. White,HS Grad,2. Middle Atlantic,2. Information,2. >=Very Good,1. Yes,4.704792225202626
2009,40,2. Married,1. White,Some College,2. Middle Atlantic,1. Industrial,1. <=Good,1. Yes,4.57978359661681
2006,34,2. Married,1. White,HS Grad,2. Middle Atlantic,1. Industrial,1. <=Good,2. No,4.23409538579885
2004,57,2. Married,1. White,HS Grad,2. Middle Atlantic,2. Information,1. <=Good,1. Yes,4.187701352690702
2007,42,2. Married,2. Black,HS Grad,2. Middle Atlantic,2. Information,1. <=Good,1. Yes,4.739949764763408
2003,30,1. Never Married,1. White,Some College,2. Middle Atlantic,1. Industrial,2. >=Very Good,2. No,4.43136376415899
2003,37,1. Never Married,1. White,Some College,2. Middle Atlantic,1. Industrial,2. >=Very Good,1. Yes,4.54406804435028
2008,50,2. Married,2. Black,HS Grad,2. Middle Atlantic,1. Industrial,1. <=Good,1. Yes,4.294717225585029
2009,26,1. Never Married,1. White,Some College,2. Middle Atlantic,1. Industrial,2. >=Very Good,1. Yes,4.36172783601759
2007,59,2. Married,3. Asian,HS Grad,2. Middle Atlantic,2. Information,2. >=Very Good,1. Yes,5.140205085399005
2003,29,1. Never Married,4. Other,Some College,2. Middle Atlantic,1. Industrial,1. <=Good,1. Yes,4.88930170250631
2009,22,1. Never Married,1. White,HS Grad,2. Middle Atlantic,2. Information,2. >=Very Good,2. No,4.382857679470419
2005,54,2. Married,1. White,HS Grad,2. Middle Atlantic,1. Industrial,2. >=Very Good,1. Yes,4.930768957357529
2003,46,2. Married,2. Black,HS Grad,2. Middle Atlantic,1. Industrial,2. >=Very Good,1. Yes,4.888764328972971
2008,51,2. Married,1. White,HS Grad,2. Middle Atlantic,2. Information,2. >=Very Good,1. Yes,4.4513125157941715
2006,35,1. Never Married,1. White,Some College,2. Middle Atlantic,1. Industrial,2. >=Very Good,2. No,4.07918124604763
2007,49,2. Married,1. White,HS Grad,2. Middle Atlantic,2. Information,1. <=Good,2. No,4.458430218084394
2003,53,2. Married,1. White,HS Grad,2. Middle Atlantic,1. Industrial,2. >=Very Good,1. Yes,4.396090550838423
2009,61,2. Married,1. White,Some College,2. Middle Atlantic,1. Industrial,1. <=Good,1. Yes,5.07918124604763
2007,40,2. Married,2. Black,< HS Grad,2. Middle Atlantic,2. Information,2. >=Very Good,2. No,4.25527250510331
2003,52,2. Married,1. White,< HS Grad,2. Middle Atlantic,2. Information,1. <=Good,2. No,3.86593266819319
2005,40,2. Married,1. White,College Grad,2. Middle Atlantic,1. Industrial,2. >=Very Good,1. Yes,4.947956889081149
2003,56,2. Married,1. White,< HS Grad,2. Middle Atlantic,2. Information,2. >=Very Good,1. Yes,4.44715803134222
2008,39,2. Married,1. White,HS Grad,2. Middle Atlantic,2. Information,2. >=Very Good,2. No,4.736552913364453
2007,30,2. Married,1. White,HS Grad,2. Middle Atlantic,1. Industrial,2. >=Very Good,1. Yes,4.6113276518768025
2003,58,2. Married,1. White,Some College,2. Middle Atlantic,1. Industrial,2. >=Very Good,1. Yes,4.8750612633917
2007,33,2. Married,3. Asian,Advanced Degree,2. Middle Atlantic,2. Information,2. >=Very Good,1. Yes,5.12385164096709
2007,51,2. Married,1. White,Advanced Degree,2. Middle Atlantic,2. Information,2. >=Very Good,1. Yes,4.83695673705955
2008,32,1. Never Married,1. White,College Grad,2. Middle Atlantic,2. Information,2. >=Very Good,1. Yes,5.04720218430842
2009,50,2. Married,2. Black,HS Grad,2. Middle Atlantic,1. Industrial,2. >=Very Good,2. No,4.899004685418641
2003,26,1. Never Married,2. Black,Some College,2. Middle Atlantic,1. Industrial,2. >=Very Good,2. No,4.77815125038364
2007,35,2. Married,1. White,< HS Grad,2. Middle Atlantic,1. Industrial,1. <=Good,2. No,4.69897000433602
2006,31,2. Married,1. White,HS Grad,2. Middle Atlantic,2. Information,2. >=Very Good,1. Yes,4.801926481437262
2009,31,2. Married,1. White,College Grad,2. Middle Atlantic,2. Information,2. >=Very Good,1. Yes,4.777849982496011
2008,44,2. Married,1. White,Some College,2. Middle Atlantic,1. Industrial,2. >=Very Good,1. Yes,5.04139268515823
2007,30,2. Married,1. White,HS Grad,2. Middle Atlantic,1. Industrial,2. >=Very Good,2. No,4.732770160780909
2005,27,2. Married,2. Black,< HS Grad,2. Middle Atlantic,1. Industrial,1. <=Good,2. No,4.19312459835446
2005,27,1. Never Married,1. White,Some College,2. Middle Atlantic,1. Industrial,2. >=Very Good,1. Yes,4.47712125471966
2009,55,5. Separated,1. White,HS Grad,2. Middle Atlantic,1. Industrial,1. <=Good,1. Yes,4.442898205074531
