LOAN,MORTDUE,VALUE,REASON,JOB,YOJ,DEROG,DELINQ,CLAGE,NINQ,CLNO,DEBTINC,STATUS
1100,25860,39025,HomeImp,Other,10.5,0,0,94.366666667,1,9,NA,bad
1300,70053,68400,HomeImp,Other,7,0,2,121.83333333,0,14,NA,bad
1500,13500,16700,HomeImp,Other,4,0,0,149.46666667,1,10,NA,bad
1500,NA,NA,NA,NA,NA,NA,NA,NA,NA,NA,NA,bad
1700,30548,40320,HomeImp,Other,9,0,0,101.46600191,1,8,37.113613558,bad
1800,48649,57037,HomeImp,Other,5,3,2,77.1,1,17,NA,bad
1800,28502,43034,HomeImp,Other,11,0,0,88.766029879,0,8,36.884894093,bad
2000,32700,46740,HomeImp,Other,3,0,2,216.93333333,1,12,NA,bad
2000,NA,62250,HomeImp,Sales,16,0,0,115.8,0,13,NA,bad
2000,22608,NA,NA,NA,18,NA,NA,NA,NA,NA,NA,bad
2000,20627,29800,HomeImp,Office,11,0,1,122.53333333,1,9,NA,bad
2000,45000,55000,HomeImp,Other,3,0,0,86.066666667,2,25,NA,bad
2100,71000,83850,HomeImp,Other,8,0,1,123,0,16,NA,bad
2200,24280,34687,HomeImp,Other,NA,0,1,300.86666667,0,8,NA,bad
2200,90957,102600,HomeImp,Mgr,7,2,6,122.9,1,22,NA,bad
2200,23030,NA,NA,NA,19,NA,NA,NA,NA,NA,3.7113122995,bad
2300,28192,40150,HomeImp,Other,4.5,0,0,54.6,1,16,NA,bad
2300,37626,46200,HomeImp,Other,3,0,1,122.26666667,1,14,NA,bad
2400,50000,73395,HomeImp,ProfExe,5,1,0,NA,1,0,NA,bad
2400,28000,40800,HomeImp,Mgr,12,0,0,67.2,2,22,NA,bad
2400,18000,NA,HomeImp,Mgr,22,NA,2,121.73333333,0,10,NA,bad
2400,NA,17180,HomeImp,Other,NA,0,0,14.566666667,3,4,NA,bad
2400,34863,47471,HomeImp,Mgr,12,0,0,70.491080032,1,21,38.263600731,bad
2500,15000,20200,HomeImp,NA,18,0,0,136.06666667,1,19,NA,bad
2500,25116,36350,HomeImp,Other,10,1,2,276.96666667,0,9,NA,bad
2800,50795,63100,HomeImp,Self,26,2,15,145.63333333,3,45,NA,bad
2800,4000,60850,HomeImp,Other,16,4,0,112.63333333,2,9,NA,bad
2900,78600,113000,DebtCon,ProfExe,6,1,0,165.33333333,2,26,NA,bad
2900,7750,67996,HomeImp,Other,16,3,0,122.20466276,2,8,36.211347998,bad
2900,61962,70915,DebtCon,Mgr,2,0,0,282.80165924,3,37,49.20639579,bad
3000,7000,20300,HomeImp,Other,3,0,0,50.8,5,9,NA,bad
3000,NA,8800,HomeImp,Other,2,0,1,77.766666667,0,3,NA,bad
3000,NA,33000,HomeImp,Other,1,0,1,23.3,1,2,NA,bad
3000,119826,193500,HomeImp,Other,8,0,0,130.03335846,0,27,NA,bad
3000,20000,29750,DebtCon,Other,2,0,0,187.06666667,0,12,NA,bad
3000,NA,14500,HomeImp,Other,3,0,0,9.3,14,2,NA,bad
3000,NA,14100,HomeImp,Other,1,0,0,104.2,0,19,NA,bad
3000,47000,82700,HomeImp,ProfExe,10,0,1,262.16666667,5,26,NA,bad
3000,34542,45900,HomeImp,Mgr,8.5,0,2,62.366666667,0,10,NA,bad
3100,39589,36100,HomeImp,Other,1.5,0,0,153.16666667,1,14,NA,bad
3200,48603,61000,HomeImp,ProfExe,28,0,4,122.03333333,1,25,NA,bad
3200,27200,40834,HomeImp,Other,NA,0,0,298.13156403,0,7,35.553538789,bad
3200,54000,64850,HomeImp,Other,1,0,0,121.86666667,3,21,NA,bad
3200,23159,NA,HomeImp,Mgr,20,NA,2,117.80574784,0,9,0.5244992154,bad
3300,126541,134527,HomeImp,Sales,9,1,0,139,0,36,NA,bad
3300,130518,164317,DebtCon,Other,9,0,6,192.28914897,0,33,35.73055919,bad
3400,37000,52000,HomeImp,Office,2,0,1,183.29991561,0,6,NA,bad
3500,23200,38666,HomeImp,Other,11,0,0,162.36666667,0,14,NA,bad
3500,19400,20494,HomeImp,Other,5,0,0,95.933333333,0,9,NA,bad
3600,61584,61800,HomeImp,ProfExe,10,NA,NA,NA,NA,NA,NA,bad
3600,41900,52490,HomeImp,Mgr,3,0,0,72.033333333,2,4,NA,bad
3600,48507,61000,DebtCon,Office,13,1,4,97.4,0,17,NA,bad
3700,17857,21144,HomeImp,Other,5,0,0,129.71732313,1,9,26.634347518,bad
3800,19135,97692,HomeImp,Mgr,1.6,1,6,252.63333333,1,25,NA,bad
3900,29896,45960,HomeImp,Other,11,0,0,146.12324219,0,14,24.478881191,bad
3900,14500,22092,HomeImp,Other,3.5,0,1,150.3,5,8,NA,bad
3900,21200,39000,DebtCon,Mgr,4,0,1,86.566666667,2,14,NA,bad
4000,NA,80609,HomeImp,Other,1.5,0,2,126.53333333,3,12,NA,bad
4000,26572,31960,HomeImp,Office,11,0,0,117.79510387,0,8,41.286491948,bad
4000,17000,52012,HomeImp,ProfExe,22,3,1,85.333333333,1,9,NA,bad
4000,29562,37200,DebtCon,Other,6,0,0,92.133333333,1,26,NA,bad
4000,41700,76725,HomeImp,Other,0.5,0,3,136.13333333,0,15,NA,bad
4000,58000,69440,HomeImp,Other,3.5,0,1,168.66666667,0,18,NA,bad
4000,5700,18000,DebtCon,Other,NA,0,0,12.2,0,17,NA,bad
4000,45000,58350,HomeImp,Mgr,3.5,0,0,162,3,16,NA,bad
4000,7000,16020,HomeImp,Other,18,0,1,85.8,2,23,NA,bad
4000,74000,93000,HomeImp,ProfExe,2.6,1,3,186.63333333,NA,9,NA,bad
4000,55000,59000,DebtCon,Other,12,2,0,146.1,0,22,NA,bad
4100,NA,19132,HomeImp,Other,0,0,0,100.77465221,0,19,33.840919904,bad
4100,58500,65000,HomeImp,Other,8,1,2,63.933333333,2,15,NA,bad
4200,34800,50225,HomeImp,Other,2,1,0,93.5,1,5,NA,bad
4400,53091,64074,DebtCon,Office,14,1,3,89.86105825,0,17,39.158084834,bad
4500,39000,66000,HomeImp,Other,1,0,0,170.36666667,1,19,NA,bad
4500,57000,NA,HomeImp,Other,5,NA,NA,222.6,1,13,NA,bad
4500,34184,46000,HomeImp,Mgr,3.5,0,1,122.6,2,22,NA,bad
4500,66517,87000,DebtCon,ProfExe,10,0,4,125.8,0,34,NA,bad
4500,118000,146870,HomeImp,ProfExe,4.5,2,0,203.86666667,1,20,NA,bad
4500,90000,105800,HomeImp,Other,6,2,3,80.1,3,10,NA,bad
4700,49100,58238,HomeImp,ProfExe,0.1,0,0,61.8,2,17,NA,bad
4700,26900,45000,HomeImp,ProfExe,9,1,2,90.466666667,1,16,NA,bad
4900,25597,23031,HomeImp,Other,5,0,0,101.74676644,0,8,33.243156978,bad
4900,44000,59745,HomeImp,Other,10,0,0,81.5,3,13,NA,bad
4900,65576,65774,HomeImp,Other,6,1,2,61.64250608,1,14,40.590910018,bad
5000,22320,34900,HomeImp,Other,10,0,0,65.7,1,5,NA,bad
5000,40000,70500,HomeImp,Mgr,0.4,0,0,61.766666667,2,8,NA,bad
5000,100882,102700,HomeImp,Mgr,5,0,1,58.866666667,0,16,NA,bad
5000,31000,47350,HomeImp,ProfExe,12,NA,NA,NA,NA,NA,NA,bad
5000,63125,126500,HomeImp,Office,3,0,0,100.3,0,14,NA,bad
5000,100000,129693.5,HomeImp,Mgr,13,NA,NA,NA,NA,NA,NA,bad
5000,NA,132000,HomeImp,Other,17.5,0,2,121.9,0,14,NA,bad
5000,NA,9100,HomeImp,Other,1,0,0,54.733333333,2,8,NA,bad
5000,34200,50830,HomeImp,Other,6,0,0,57,1,9,NA,bad
5000,NA,71277,HomeImp,Other,10,0,0,72.433333333,1,12,NA,bad
5000,123000,157500,HomeImp,Mgr,9,NA,NA,NA,NA,NA,NA,bad
5000,16600,25250,HomeImp,Other,6,0,0,88.7,1,3,NA,bad
5000,NA,52000,HomeImp,Other,NA,0,1,285.33333333,0,6,NA,bad
5000,22700,34225,HomeImp,Other,4,0,0,74.633333333,3,9,NA,bad
5000,6000,38575,HomeImp,Self,7,0,1,335.03333333,3,42,NA,bad
5000,NA,74500,HomeImp,Other,19,NA,NA,NA,NA,NA,NA,bad
5000,NA,94119,HomeImp,Other,19,NA,NA,NA,NA,NA,NA,bad
5000,NA,37500,HomeImp,Other,NA,0,3,107.13333333,10,5,NA,bad
5000,10171,26809,HomeImp,Office,13,3,6,228.3,0,24,NA,bad
5000,78893,82600,HomeImp,Mgr,16,0,0,133.9,1,34,NA,bad
5000,85165,107940,HomeImp,Mgr,6,5,3,122.76666667,5,28,NA,bad
5000,68000,75616,DebtCon,ProfExe,0.1,0,0,131.86666667,0,30,NA,bad
5000,71571,85100,DebtCon,ProfExe,1.4,0,1,82.133333333,0,13,NA,bad
5000,28000,36810,DebtCon,Other,2,1,0,222.2,1,6,NA,bad
5000,40000,32480,HomeImp,Other,8,3,2,163.36666667,1,16,NA,bad
5000,81748,NA,DebtCon,ProfExe,14,1,2,144.06666667,2,17,NA,bad
5000,61999,75021.3,HomeImp,Other,5,0,0,97.1,0,23,NA,bad
5000,46696,85202,HomeImp,Other,2,1,2,148.34064549000001,0,14,46.489874001,bad
5100,30755,46735,HomeImp,Other,10,0,0,69,0,17,NA,bad
5100,9900,30451,HomeImp,Other,11,0,0,21.2,0,2,NA,bad
5100,15500,34000,DebtCon,Other,0,1,2,86.233333333,2,13,NA,bad
5100,129319,141875,HomeImp,Sales,7,1,0,157.85980209,0,36,25.650741224,bad
5200,NA,9500,DebtCon,Other,1,0,1,81.1,1,2,NA,bad
5200,40564,39527,HomeImp,Other,0,0,0,157.77103572,1,13,72.670433313,bad
5300,26908,36078,HomeImp,Other,NA,0,0,302.35870946,0,8,39.196985402,bad
5300,51000,64000,HomeImp,Mgr,10,1,0,98.333333333,0,12,NA,bad
5400,45509,57453,DebtCon,Sales,4,0,0,95.6,0,22,NA,bad
5400,59720,63450,HomeImp,ProfExe,5,0,1,199.9,1,20,NA,bad
5400,78300,88000,HomeImp,ProfExe,8,0,0,102.5,3,19,NA,bad
5500,24700,35675,DebtCon,Other,1,0,3,153.93333333,3,27,NA,bad
5500,NA,43132,HomeImp,Other,NA,NA,NA,NA,NA,NA,NA,bad
5500,21359,30000,DebtCon,Other,7,3,2,130.8,3,14,NA,bad
5500,NA,13770,HomeImp,Mgr,5,0,1,167.36666667,1,8,NA,bad
5500,40584,46645,HomeImp,Other,4,0,1,136.32063746,0,13,34.494708965,bad
5500,NA,12972,HomeImp,Other,1,0,1,82.294266354,0,2,36.986744097,bad
5500,37368,48502,HomeImp,Mgr,9,0,2,48.995845002,0,10,33.126483967,bad
5500,85845,122205,DebtCon,ProfExe,5,0,0,172.21327665,1,26,32.676640875,bad
5600,5000,66700,HomeImp,Other,31,1,1,204.06666667,0,11,NA,bad
5600,55160,86800,HomeImp,Other,3,1,1,148.13333333,1,14,NA,bad
5700,70000,84579,DebtCon,Sales,0.1,0,0,95.9,1,17,NA,bad
5700,58400,75000,HomeImp,ProfExe,4,0,0,177.5,2,26,NA,bad
5700,80437,109647,HomeImp,ProfExe,9.5,0,0,104.4,0,14,NA,bad
5700,77213,92661,DebtCon,Sales,0,0,0,97.133170952,1,16,41.777888631,bad
5700,74172,79846,DebtCon,ProfExe,0,0,0,157.00977472,0,28,47.415228659,bad
5800,27791,46833,DebtCon,Mgr,3,0,0,83.289062746,1,13,30.187805389,bad
5900,NA,28000,DebtCon,Self,1,2,1,36.766666667,1,8,NA,bad
5900,NA,33100,HomeImp,Other,NA,0,0,238.6,1,2,NA,bad
5900,25972,41856,DebtCon,Other,2,0,2,157.96001139,3,27,40.628278175,bad
5900,106650,NA,DebtCon,Mgr,1,0,6,250.56666667,4,23,NA,bad
6000,47625,85925,HomeImp,Office,0.1,2,1,154.13333333,4,26,NA,bad
6000,24600,30500,HomeImp,Other,4.5,0,1,116.1,8,34,NA,bad
6000,65000,94355,NA,Other,26,1,3,69.3,1,34,NA,bad
6000,NA,NA,HomeImp,Office,13,NA,2,122.76666667,NA,23,NA,bad
6000,33600,NA,HomeImp,Other,2,0,0,140.93333333,1,20,NA,bad
6000,42000,58305,DebtCon,Other,19,0,0,90,2,13,NA,bad
6000,32446,54904,HomeImp,Other,2,0,0,51.733333333,1,9,NA,bad
6000,9660,35900,DebtCon,Other,8,0,1,136.3,3,6,NA,bad
6000,22859,32200,DebtCon,Other,4,0,0,83.333333333,3,20,NA,bad
6000,16878,25850,NA,Mgr,1,0,1,218.6,5,34,NA,bad
6000,40000,54600,HomeImp,ProfExe,4,0,4,101.4,0,19,NA,bad
6000,18793,27750,HomeImp,Mgr,6,0,3,119.7,0,8,NA,bad
6000,179397,200000,DebtCon,ProfExe,5,6,0,90.3,6,29,NA,bad
6000,NA,95500,HomeImp,Mgr,6,1,2,129.9,1,22,NA,bad
6000,NA,43683,HomeImp,Other,NA,NA,NA,NA,NA,NA,21.935498813,bad
6100,62751,95617,HomeImp,Other,1,0,0,138.64686318,1,13,31.757270694,bad
6200,NA,NA,DebtCon,Self,3,NA,NA,80.5,2,17,NA,bad
6200,42100,57385,DebtCon,Other,8.5,0,1,164.8,1,28,NA,bad
6300,59793,98314,DebtCon,Self,2.2,0,0,120.73333333,0,8,NA,bad
6300,65875,76000,DebtCon,Mgr,0.8,2,0,84,1,12,NA,bad
6300,12476,32559,HomeImp,Office,12,3,6,227.12990511,0,23,23.31951678,bad
6400,25144,45200,HomeImp,Other,25,0,2,128,4,17,NA,bad
6500,60054,70434,HomeImp,Other,1,0,0,127.06270157,2,21,37.800352933,bad
6500,13600,NA,HomeImp,Other,14,2,5,115.36666667,1,16,NA,bad
6500,48000,61000,DebtCon,Other,1,1,0,97.299756098,6,38,NA,bad
6500,65000,80400,DebtCon,Other,15,0,0,224.86666667,0,13,NA,bad
6500,96314,105800,HomeImp,ProfExe,27,0,0,475.8,2,40,NA,bad
6500,183860,208910,DebtCon,ProfExe,4,6,0,86.452226941,6,29,69.8005248,bad
6700,60301,70543,HomeImp,ProfExe,5,0,0,195.78086332,0,19,32.397593406,bad
6700,27510,42495,DebtCon,Other,2,0,2,171.52648922,3,27,41.428597508,bad
6700,NA,81239,HomeImp,Other,19,NA,NA,NA,NA,NA,40.894931701,bad
6700,NA,20631,HomeImp,Mgr,4,0,0,174.72183413,1,8,62.246451123,bad
6800,31000,42000,DebtCon,Mgr,3.5,1,0,106.26666667,2,26,NA,bad
6800,NA,27410,HomeImp,Mgr,6,1,0,2.0333333333,1,5,NA,bad
6900,53328,58088,DebtCon,Sales,2,0,0,101.5319079,0,21,35.764058362,bad
6900,5816,NA,HomeImp,Mgr,23,0,2,67.8,1,18,NA,bad
6900,57257,63752,DebtCon,Other,10,2,0,138.23477796,0,22,38.372460882,bad
6900,37055,83000,HomeImp,Sales,1,0,0,122.26666667,2,43,NA,bad
7000,142251,157250,HomeImp,Other,5,0,0,87.833333333,4,21,NA,bad
7000,19894,32500,DebtCon,Other,4,0,0,134.7,1,16,NA,bad
7000,27290,63500,HomeImp,Office,6,NA,NA,NA,NA,NA,NA,bad
7000,18000,46520,HomeImp,Office,17,0,1,183.1,0,23,NA,bad
7000,66000,86300,DebtCon,Other,3,1,1,242.43333333,0,8,NA,bad
7000,46000,66660,DebtCon,Office,1,0,1,138.23333333,0,9,NA,bad
7000,53194,81150,HomeImp,ProfExe,14,7,0,183.63333333,2,28,NA,bad
7000,83000,97635,HomeImp,Other,5.6,3,0,141,0,10,NA,bad
7000,138841,160000,DebtCon,Mgr,11,8,0,86.2,2,36,NA,bad
7000,38800,53500,HomeImp,ProfExe,15,0,0,96.366666667,0,18,NA,bad
7000,25000,49840,DebtCon,Office,0.6,0,0,139,0,13,NA,bad
7000,18000,25000,DebtCon,Other,6.5,1,0,205.96666667,1,19,NA,bad
7000,74500,81600,HomeImp,ProfExe,2,2,0,340.9,0,29,NA,bad
7000,64300,119500,HomeImp,Other,1,1,0,54.833333333,0,8,NA,bad
7000,NA,96783,HomeImp,Other,20,NA,NA,NA,NA,NA,40.730315337,bad
7100,39000,55000,NA,Other,12,0,1,192.76666667,2,31,NA,bad
7100,54000,74800,DebtCon,Mgr,7.5,1,1,71,4,18,NA,bad
7200,54600,65000,DebtCon,Other,14,2,1,98.433333333,11,9,NA,bad
7200,46000,67000,DebtCon,Other,24,0,0,142,1,14,NA,bad
7200,43705,50000,DebtCon,Other,9,0,2,235.36666667,6,16,NA,bad
7200,15637,39660,HomeImp,Self,6,0,1,354.23976343,3,42,33.624133446,bad
7200,NA,76723,HomeImp,Other,10,0,0,70.193890188,0,11,41.250706258,bad
7300,58671,87975,HomeImp,Mgr,3,0,0,74.066666667,1,16,NA,bad
7300,60890,75785,DebtCon,Other,6,0,1,45.966666667,0,13,NA,bad
7300,28500,42050,HomeImp,Other,3,NA,NA,NA,NA,NA,NA,bad
7300,60971.32,77375,DebtCon,Other,2,NA,NA,NA,NA,NA,NA,bad
7400,2063,100448,HomeImp,Other,NA,0,0,96.133333333,0,14,NA,bad
7400,71576,89068,DebtCon,Sales,0,0,0,94.782230694,0,17,42.803421995,bad
7500,NA,51610,HomeImp,ProfExe,4,0,3,158.26666667,2,18,NA,bad
7500,57340,80000,DebtCon,ProfExe,4,0,5,86.233333333,3,14,NA,bad
7500,32070,36811,DebtCon,Other,1,1,0,228.03600011,0,6,30.162214113,bad
7500,59000,72000,HomeImp,Office,5,0,3,295.86666667,0,19,NA,bad
7500,NA,NA,HomeImp,Other,21,NA,NA,158.9,1,21,NA,bad
7500,35945,49750,HomeImp,Other,3,0,0,122.06666667,0,23,NA,bad
7500,18400,29375,DebtCon,Other,6,1,0,147.1,0,9,NA,bad
7500,63500,86125,HomeImp,Other,5,0,0,136.1,0,8,NA,bad
7500,33600,50125,DebtCon,Other,2,0,0,146.93333333,0,18,NA,bad
7500,57800,109600,DebtCon,Mgr,4,0,1,124.13333333,1,18,NA,bad
7500,NA,40150,HomeImp,Other,5,0,0,NA,1,0,NA,bad
7500,80440,72920,HomeImp,Mgr,8,0,1,201.5,0,24,NA,bad
7500,60000,87830,HomeImp,Other,5,0,0,153.26666667,2,16,NA,bad
7500,126000,151380,HomeImp,ProfExe,18,0,2,75.666666667,1,13,NA,bad
7500,NA,71799,HomeImp,Mgr,4,0,3,177.5,0,22,NA,bad
7500,39600,42000,DebtCon,Self,1,0,0,47.7,1,15,NA,bad
7500,42077,91676,HomeImp,Office,5.5,1,4,344.9,1,30,NA,bad
7500,42721,67000,DebtCon,Other,15,1,3,126.76666667,2,23,NA,bad
7500,NA,NA,HomeImp,Other,20,NA,NA,157.32842275,0,20,NA,bad
7500,12115,35910,HomeImp,Office,13,3,6,234.90075082,0,24,24.662276673,bad
7500,50000,80000,HomeImp,Other,9,NA,5,299.56666667,2,18,NA,bad
7700,14589,33100,DebtCon,Other,3,0,7,122.06666667,0,22,NA,bad
7800,NA,11702,HomeImp,Other,0,0,0,44.629591574,2,7,21.271785371,bad
7900,67222,75189,HomeImp,Other,4,0,0,95.676872691,0,23,36.97971203,bad
7900,126919,166566,HomeImp,Mgr,10,NA,NA,NA,NA,NA,NA,bad
7900,55383,70020,DebtCon,Other,12,2,0,80.778941503,10,8,44.858977324,bad
8000,49685,81020,HomeImp,Other,2,0,3,129.3624659,0,15,47.000975215,bad
8000,28000,41950,DebtCon,Office,2,0,0,103.4,1,20,NA,bad
8000,47823,63000,DebtCon,Other,5,0,0,53.666666667,2,18,NA,bad
8000,61000,90450,HomeImp,Other,4,2,1,139.86666667,0,9,NA,bad
8000,58000,73750,DebtCon,Mgr,22,0,4,221.43333333,1,20,NA,bad
8000,33000,38500,HomeImp,Other,2,0,0,NA,0,0,NA,bad
8000,33689.3,48000,DebtCon,Other,3,0,0,103.73333333,0,13,NA,bad
8000,47306,68350,HomeImp,Other,9,0,0,82.633333333,0,20,NA,bad
8000,37871,NA,HomeImp,ProfExe,15,6,2,179.63333333,0,30,NA,bad
8000,4500,NA,DebtCon,Other,1,3,2,102.43333333,6,15,NA,bad
8000,63152,NA,DebtCon,Other,9,1,1,132.9,1,26,NA,bad
8000,21944,31352,DebtCon,Other,0,1,1,33.433333333,9,3,NA,bad
8000,86804,113000,DebtCon,Other,7,1,3,145.16666667,1,20,NA,bad
8000,36000,115800,DebtCon,Other,NA,0,0,168.23333333,3,30,NA,bad
8000,32100,36739,HomeImp,Other,4,0,0,79.458845053,2,8,31.276715679,bad
8000,92487,113947,DebtCon,Other,8,0,3,151.81738872,0,19,26.457524449,bad
8100,19772,39431,DebtCon,Other,0,0,1,82.335287775,1,12,20.342467722,bad
8100,28523,39816,DebtCon,Other,5,0,0,130.64393328,0,16,37.393526416,bad
8200,47700,60000,DebtCon,Other,0.1,0,0,NA,0,0,NA,bad
8200,87979,94854,HomeImp,ProfExe,10,0,0,108.47902378,3,19,41.270682597,bad
8300,82000,111000,DebtCon,Other,6,2,2,214.1,2,12,NA,bad
8300,NA,47244,HomeImp,Other,6,NA,NA,NA,NA,NA,NA,bad
8300,10000,63775,HomeImp,Other,0,0,0,200.86666667,0,14,NA,bad
8400,31800,72000,DebtCon,Self,NA,0,2,187.26666667,1,21,NA,bad
8400,44800,56000,DebtCon,Other,0,1,5,314.5,4,42,NA,bad
8400,48032,95213,HomeImp,Office,5,1,4,326.67959049,0,30,38.191681736,bad
8400,32000,49000,HomeImp,Mgr,12.6,0,3,41.3,2,18,NA,bad
8400,37256,45956,DebtCon,Other,1,0,0,214.44323,1,6,31.24524851,bad
8500,30077,42770,DebtCon,Office,0.25,0,0,89.266666667,0,10,NA,bad
8500,48961,73550,HomeImp,Other,11,6,1,145.1,4,11,NA,bad
8500,18240,40200,HomeImp,Other,1,0,1,306.4,0,12,NA,bad
8500,29383,45900,DebtCon,ProfExe,8,0,0,122.13333333,0,22,NA,bad
8600,36933,42289,DebtCon,Mgr,4,0,0,100.61642113,2,26,38.436490085,bad
8600,NA,25000,HomeImp,Other,0,6,0,64.866666667,2,27,NA,bad
8600,44992,66403,DebtCon,Other,8,0,0,172.55155504,1,27,43.875610821,bad
8700,62600,77600,DebtCon,Other,0.5,1,0,351.03333333,3,13,NA,bad
8700,57141,70244,HomeImp,Other,8,0,0,106.85542816,0,19,31.891314262,bad
8800,12750,NA,HomeImp,Office,23,NA,NA,NA,NA,NA,NA,bad
8800,108608,NA,DebtCon,Mgr,0,0,6,253.47175859,4,23,NA,bad
8800,2800,18361,HomeImp,Other,2,3,1,107.76666667,4,3,NA,bad
8800,67200,80300,HomeImp,Other,10,4,1,135.86666667,1,33,NA,bad
8800,33395,51057,DebtCon,Office,2,0,0,80.822479691,1,20,16.883031014,bad
8800,32169,37533,DebtCon,Other,3,0,0,74.449294767,3,19,25.34174093,bad
8800,50000,68000,DebtCon,Other,19,0,0,108.9,0,16,NA,bad
8900,33208,75000,DebtCon,Mgr,22,0,3,166.2,1,33,NA,bad
8900,62733,77741,DebtCon,Mgr,8,0,0,68.890096166,3,17,37.773300594,bad
8900,60782,100000,HomeImp,ProfExe,14,0,8,129.86666667,0,36,NA,bad
8900,64343,84013,DebtCon,Other,4,0,0,39.221719253,0,12,35.788437459,bad
8900,133847,157399,HomeImp,ProfExe,17,0,2,70.884144094,0,12,34.702330738,bad
8900,147801,157335,HomeImp,Other,4,0,0,85.574865756,4,21,34.756560384,bad
8900,72581,90585,DebtCon,Office,18,1,1,207.96666667,0,30,NA,bad
9000,90969,108606,HomeImp,Mgr,5,5,2,113.25750907,5,28,27.34759661,bad
9000,52311,68994,DebtCon,Office,0,0,1,137.78400363,0,9,28.454712858,bad
9000,52257,58275,DebtCon,Sales,5,0,0,80.251800985,0,21,34.144725947,bad
9000,31170,50725,DebtCon,Other,16,0,0,93.066666667,0,18,NA,bad
9000,84532,104000,DebtCon,ProfExe,3,0,0,50.666666667,1,3,NA,bad
9000,43881,56000,DebtCon,Other,5,0,3,73.033333333,3,28,NA,bad
9000,31896,46195,HomeImp,Other,25,0,2,122.38915525,3,16,36.681652146,bad
9000,32539,65440,HomeImp,Office,5,NA,NA,NA,NA,NA,42.368944329,bad
9100,17218,36721,DebtCon,Other,8,0,1,115.75209332,3,5,37.479410286,bad
9100,NA,11550,HomeImp,Other,NA,0,0,51.933333333,1,3,NA,bad
9100,78369,92000,DebtCon,Sales,0.2,0,0,180.83333333,3,35,NA,bad
9100,28550,40300,HomeImp,Other,5,0,0,109.53563552,7,33,23.082905342,bad
9200,64900,78000,DebtCon,Mgr,10,0,0,122.76666667,2,24,NA,bad
9200,70715,85000,DebtCon,Office,26,0,0,143.06666667,2,23,NA,bad
9300,84900,105798,DebtCon,ProfExe,2,0,0,41.807204596,1,3,26.956697896,bad
9300,78000,97700,DebtCon,Mgr,12,0,2,88.5,4,29,NA,bad
9300,24000,37125,DebtCon,Office,3.5,1,1,148.03333333,2,19,NA,bad
9300,38115,60493,DebtCon,Other,14,0,0,91.932632264,0,18,29.633608474,bad
9400,52024,89107,HomeImp,Office,0,1,0,148.84473761,3,26,36.080031774,bad
9500,50400,63000,DebtCon,Other,1,0,0,91.266666667,8,22,NA,bad
9500,36114,45654,DebtCon,Office,0,0,0,83.333291772,0,9,25.343478449,bad
9500,54612,68759,HomeImp,Other,9,0,0,89.102838608,0,19,31.353906936,bad
9500,NA,40000,HomeImp,Other,10,0,0,36.5,1,1,NA,bad
9600,42357,99756,HomeImp,Office,4,1,4,354.65022495,0,30,36.525172928,bad
9600,24680,43500,DebtCon,Other,18,0,3,114.66666667,0,19,NA,bad
9700,55986,73000,DebtCon,Other,2.5,0,1,207.16666667,2,29,NA,bad
9700,53000,56000,DebtCon,Office,2,0,0,75.033333333,5,18,NA,bad
9700,73085,92000,DebtCon,Other,8,0,3,173.5,0,34,NA,bad
9700,32660,54536,DebtCon,Office,0,0,0,156.4821057,0,13,67.32490355,bad
9700,47000,82000,HomeImp,Other,NA,1,2,96.633333333,NA,8,NA,bad
9800,36500,54000,HomeImp,Other,17,0,1,105.66666667,5,19,NA,bad
9900,37609,120186,DebtCon,Other,NA,0,0,176.36783901,3,30,53.178911112,bad
9900,88236,104953,DebtCon,ProfExe,1,0,0,51.648705242,0,2,28.622632092,bad
9900,21400,36600,DebtCon,Self,2,0,0,154.2,2,26,NA,bad
9900,71371,84865,DebtCon,Mgr,0,2,0,94.805235749,0,12,38.211305102,bad
9900,23767,39293,DebtCon,Other,5,1,0,145.76577376,0,9,24.605128805,bad
9900,59206,75690,HomeImp,Office,6,0,2,288.39505854,1,19,30.776027864,bad
10000,48300,74600,NA,Other,14,0,1,179.1,2,31,NA,bad
10000,34350,54146,DebtCon,Other,3,0,0,144.42288892,0,18,31.539013395,bad
10000,22000,41250,HomeImp,Mgr,5,0,0,97.966666667,0,21,NA,bad
10000,86000,111000,DebtCon,Other,6.5,0,1,91.966666667,3,17,NA,bad
10000,26197,46600,HomeImp,ProfExe,9,0,0,165.96666667,2,9,NA,bad
10000,NA,25010,HomeImp,Self,5,0,3,326.13333333,4,17,NA,bad
10000,20500,54600,HomeImp,Self,15,0,0,160.33333333,2,11,NA,bad
10000,NA,NA,HomeImp,Other,NA,NA,NA,NA,NA,NA,NA,bad
10000,186000,225750,HomeImp,ProfExe,2,0,0,75.866666667,NA,5,NA,bad
10000,28000,73250,HomeImp,Other,2,0,0,28.966666667,4,12,NA,bad
10000,57238,101500,DebtCon,ProfExe,10,0,0,106.83333333,0,36,NA,bad
10000,31253,65450,DebtCon,Other,21,0,0,172.03333333,0,16,NA,bad
10000,27000,54300,HomeImp,Other,0.3,0,1,91.133333333,0,6,NA,bad
10000,53297,74925,HomeImp,Other,14,0,1,88.533333333,2,15,NA,bad
10000,42300,NA,DebtCon,Mgr,11,1,0,31.4,3,5,NA,bad
10000,5200,53095,HomeImp,Other,5,3,3,234.33333333,3,17,NA,bad
10000,19225.53,35500,HomeImp,Office,5,0,2,186,1,10,NA,bad
10000,62000,80000,DebtCon,Other,5,NA,1,97.4,4,30,NA,bad
10000,41741,56000,DebtCon,Office,3,0,0,20.233333333,2,6,NA,bad
10000,46946,65000,HomeImp,Office,7.2,0,1,80.1,1,12,NA,bad
10000,75000,103600,HomeImp,Mgr,17.6,0,0,171.43333333,0,24,NA,bad
10000,59929,NA,DebtCon,Other,5,NA,NA,NA,NA,NA,NA,bad
10000,99600,125500,DebtCon,Office,8,0,0,80.1,3,21,NA,bad
10000,122800,151500,HomeImp,ProfExe,2,0,0,205.96666667,1,23,NA,bad
10000,49000,70000,HomeImp,Other,NA,0,3,190.73333333,1,12,NA,bad
10000,48840,58740,HomeImp,Other,15,2,2,194.8,0,39,NA,bad
10000,13161,37700,DebtCon,Other,NA,3,0,79.1,2,9,NA,bad
10000,84000,132965,DebtCon,Sales,30,0,0,325.63333333,1,24,NA,bad
10000,42321,53800,DebtCon,Other,4,0,0,275.9,0,19,NA,bad
10000,65000,80000,DebtCon,Other,2,0,0,26.366666667,3,2,NA,bad
10000,76700,97800,DebtCon,Other,25,NA,10,205.23333333,3,26,NA,bad
10000,59543,86800,DebtCon,Other,9,3,1,152.13333333,2,51,NA,bad
10000,52410,54500,NA,Mgr,1,9,4,132.9,4,29,NA,bad
10000,50070,60670,HomeImp,Other,5,2,0,15.233333333,0,1,NA,bad
10000,16288,48600,DebtCon,Other,24,0,0,268.83333333,1,16,NA,bad
10000,69727,90312,HomeImp,Office,4.5,5,1,122.83333333,NA,17,NA,bad
10000,NA,65088,HomeImp,Mgr,3.5,4,5,205.06666667,2,39,NA,bad
10000,NA,79500,DebtCon,ProfExe,19,0,0,285.1,2,7,NA,bad
10000,NA,NA,NA,Other,15,2,2,108.93333333,3,31,NA,bad
10000,91000,110000,DebtCon,Other,16,1,3,123.76666667,2,22,NA,bad
10000,66399,78000,NA,ProfExe,0.9,0,0,112.6,0,15,NA,bad
10000,90700,123370,DebtCon,ProfExe,15,2,0,90.3,1,4,NA,bad
10000,34900,48000,HomeImp,Other,3,0,0,288.16666667,1,3,NA,bad
10000,36000,68800,DebtCon,Other,13,0,0,118.66666667,6,15,NA,bad
10100,NA,25300,DebtCon,Other,NA,1,0,122.3,1,5,NA,bad
10100,60200,74000,DebtCon,Other,4,NA,4,128.86666667,5,24,NA,bad
10200,69116,105228,HomeImp,ProfExe,12,0,8,122.84395119,0,36,36.122885906,bad
10200,52310,74117,DebtCon,Other,13,0,3,118.69578554,2,23,NA,bad
10200,48670,90444,HomeImp,Other,NA,1,1,89.355474878,NA,7,39.15104729,bad
10200,29581,39992,DebtCon,Self,3,0,0,149.87462567,2,26,43.197242061,bad
10300,70147,122124,HomeImp,Other,1,0,0,58.895685895,0,7,57.995018623,bad
10300,39893,55000,DebtCon,Other,1.5,0,1,99.433333333,2,32,NA,bad
10400,51200,76125,DebtCon,Other,12,0,0,132.36666667,0,16,NA,bad
10400,42714,72322,DebtCon,Other,12,0,0,105.07480159,6,15,41.262353472,bad
10500,57880,66802,DebtCon,Other,2,0,0,94.598425262,8,21,45.464765837,bad
10500,NA,18600,HomeImp,Other,24,NA,NA,NA,NA,NA,NA,bad
10500,41500,56247,DebtCon,Other,8,0,1,70.033333333,2,24,NA,bad
10500,89000,268000,HomeImp,ProfExe,NA,4,NA,120.8,2,15,NA,bad
10500,55267,65160,DebtCon,Other,1,0,0,108.27542318,8,22,47.079285365,bad
10600,61294,82646,DebtCon,ProfExe,5,0,4,87.859169291,2,13,36.395148149,bad
10600,53200,71000,DebtCon,ProfExe,2,0,0,224.23333333,5,39,NA,bad
10600,22000,35200,DebtCon,Mgr,13,0,0,90.333333333,5,14,NA,bad
10700,55043,68609,DebtCon,Other,2,0,0,46.272175955,1,17,25.448844532,bad
10700,122000,148000,DebtCon,ProfExe,0.7,0,0,165.33333333,7,29,NA,bad
10700,34000,49756,HomeImp,Other,0.9,1,0,230.3,8,8,NA,bad
10700,41144,59375,DebtCon,Other,2,0,0,73.6,1,18,NA,bad
10800,64305,107374,DebtCon,ProfExe,9,0,0,97.861325762,0,36,36.996385659,bad
10800,35602,73077,DebtCon,Self,NA,0,1,179.89655998,1,20,53.584883008,bad
10800,57892,78900,DebtCon,ProfExe,15,0,3,329.16666667,1,14,NA,bad
10800,75000,87400,HomeImp,Other,7,1,0,101.46666667,2,19,NA,bad
10800,52600,66700,DebtCon,ProfExe,2,0,0,110.56666667,5,26,NA,bad
10800,194485,228670,HomeImp,ProfExe,1,0,0,75.458150356,NA,4,28.370130884,bad
10800,24182,39750,DebtCon,ProfExe,2,0,0,176.83333333,0,36,NA,bad
10900,86754,110000,DebtCon,ProfExe,13,0,2,103.43333333,0,19,NA,bad
10900,NA,16365,HomeImp,Other,NA,0,0,59.548702675,1,2,24.195903631,bad
10900,49352,56529,DebtCon,Other,7,0,1,78.833617625,2,23,36.174955236,bad
11000,60513,110485,DebtCon,Mgr,3,1,1,126.77192888,1,17,40.031393322,bad
11000,77517,86214,HomeImp,ProfExe,2,2,0,352.37913787,0,28,28.030214206,bad
11000,45000,63775,DebtCon,Other,14,0,0,173.16666667,0,18,NA,bad
11000,49000,66922,DebtCon,Other,11,0,2,91,3,32,NA,bad
11000,54100,70438,DebtCon,Self,2,3,1,115.6,1,25,NA,bad
11000,66400,81500,DebtCon,Other,9.5,0,0,215.06666667,0,65,NA,bad
11000,63975,235000,HomeImp,ProfExe,4,5,0,123.76666667,1,17,NA,bad
11000,53700,68000,DebtCon,Mgr,6,0,0,101.5,0,13,NA,bad
11000,62227,81250,DebtCon,Office,9,0,5,123.76666667,3,34,NA,bad
11000,41000,63450,HomeImp,Other,2.9,NA,NA,NA,NA,NA,NA,bad
11000,122751,140000,DebtCon,Other,5,0,0,116.7,2,30,NA,bad
11000,85474,118125,HomeImp,Office,2.5,2,0,132.93333333,1,9,NA,bad
11000,85008,73223,HomeImp,Mgr,7,0,2,197.12004536,0,23,41.441052018,bad
11000,49000,68000,HomeImp,Other,2,2,3,9.1,3,15,NA,bad
11100,52028,77316,HomeImp,Other,NA,0,2,194.48489733,1,12,30.797674365,bad
11100,NA,26400,HomeImp,Other,8,0,0,NA,2,0,NA,bad
11100,68784,85464,NA,ProfExe,2,0,0,117.9983043,0,14,36.044251755,bad
11100,52900,91741,HomeImp,Other,NA,1,1,93.110352698,NA,8,40.761453071,bad
11200,114000,139200,DebtCon,Mgr,5,0,0,213.56666667,1,36,NA,bad
11200,56877,65125,HomeImp,Other,6,2,0,12.176928574,0,1,33.241218883,bad
11200,68990,81922,DebtCon,Mgr,12,0,1,120.88581123,2,23,43.159875329,bad
11300,29000,59900,HomeImp,Mgr,3,1,0,91.633333333,4,11,NA,bad
11300,56602,71500,DebtCon,Office,11,2,1,52.8,12,20,NA,bad
11300,62568,79009,HomeImp,Office,4,0,3,295.33466966,0,19,28.600252229,bad
11300,NA,NA,HomeImp,Other,NA,NA,NA,NA,NA,NA,NA,bad
11500,21096,38952,DebtCon,Office,13,0,0,129.7,0,5,NA,bad
11500,47597.57,75937.5,DebtCon,Other,13.5,0,0,89.4,0,7,NA,bad
11500,67000,83000,DebtCon,ProfExe,4,NA,NA,NA,NA,NA,NA,bad
11500,62000,83000,DebtCon,NA,0,5,1,177.56666667,2,34,NA,bad
11600,44623,NA,HomeImp,ProfExe,13,6,2,178.09322168,0,29,21.334651908,bad
11600,57939,69774,DebtCon,Mgr,5,0,0,91.99164592,0,12,72.264093333,bad
11600,57200,72500,DebtCon,Other,5,0,0,34.466666667,4,15,NA,bad
11600,45917,60000,DebtCon,Other,10,0,1,304.36666667,3,27,NA,bad
11700,NA,67940,HomeImp,Mgr,3,3,4,204.02559324,1,38,NA,bad
11700,54085,68239,HomeImp,Other,2,1,2,8.0552650769,3,15,32.012658582,bad
11700,51600,72399,HomeImp,Other,15,0,1,125.36336996,4,20,NA,bad
11700,69100,85000,DebtCon,Mgr,3.8,3,0,80.1,0,22,NA,bad
11700,62400,78000,DebtCon,Office,20,0,0,216.06666667,2,24,NA,bad
11700,63914,93707,DebtCon,Other,7,3,0,162.57983695,2,51,69.480650392,bad
11800,74512,93328,HomeImp,Office,4,5,0,117.91881998,NA,16,58.295989944,bad
11800,67678,108092,HomeImp,ProfExe,13,0,7,126.65823161,0,36,37.162689687,bad
11900,54867,79000,HomeImp,Mgr,1,0,0,182.6,2,23,NA,bad
11900,108763,128780,DebtCon,Office,8,0,0,60.377932903,3,21,49.418114378,bad
11900,58104,77870,HomeImp,Other,7,0,0,69.433333333,1,19,NA,bad
11900,52814,72000,DebtCon,Other,12,0,0,123.6,0,20,NA,bad
11900,29822,48574,DebtCon,Office,13,0,0,132.4016914,0,4,36.611156973,bad
11900,63833,NA,DebtCon,Other,3,NA,NA,NA,NA,NA,40.932766781,bad
12000,50581,70171,HomeImp,Other,NA,0,2,206.3192338,1,12,29.843136669,bad
12000,76345,89036,HomeImp,Other,8,0,0,91.97034976,1,19,50.173065029,bad
12000,42000,60000,DebtCon,Other,4,1,2,145.53333333,0,23,NA,bad
12000,69000,92900,HomeImp,ProfExe,2,0,0,115.9,0,15,NA,bad
12000,74427,96270,DebtCon,Other,18,0,1,169.73333333,2,40,NA,bad
12000,NA,NA,HomeImp,Other,3,0,2,213.66666667,1,15,NA,bad
12000,NA,87000,DebtCon,Other,13,NA,NA,NA,NA,NA,NA,bad
12000,NA,NA,HomeImp,Other,19,0,8,195.83333333,0,13,NA,bad
12000,75373,102602,HomeImp,Other,6,2,0,99.366666667,0,21,NA,bad
12000,36000,51900,DebtCon,Other,0.1,0,0,247.5,1,10,NA,bad
12000,114390,132800,DebtCon,Mgr,10,0,0,95.733333333,0,25,NA,bad
12000,28298,72000,DebtCon,Other,8,NA,NA,105.5,2,22,NA,bad
12000,118000,139350,HomeImp,ProfExe,2,0,0,153.16666667,2,17,NA,bad
12000,87917,NA,NA,Other,12.9,0,1,71,0,12,NA,bad
12000,58730,80000,DebtCon,Office,10,NA,4,123.1,3,25,NA,bad
12000,59099,82000,DebtCon,Other,10,0,2,219.13333333,0,33,NA,bad
12000,15231,42845.01,DebtCon,Office,6.5,0,1,65.966666667,2,18,NA,bad
12000,48786,89800,HomeImp,ProfExe,29.9,0,5,220.13333333,1,16,NA,bad
12000,74265,91000,HomeImp,Other,7,1,0,137,0,3,NA,bad
12000,42000,58000,DebtCon,Other,5,0,1,113.63333333,1,18,NA,bad
12000,54257,82764,NA,Other,14,1,1,188.33742177,2,31,38.942759641,bad
12000,NA,33879,DebtCon,Other,NA,1,0,121.37953588,0,4,39.69469137,bad
12000,48189,53969,DebtCon,Other,5,0,0,276.38174269,0,18,65.495243152,bad
12100,186062,227171,HomeImp,ProfExe,0,0,0,67.780848026,NA,4,26.990532996,bad
12100,29097,72647,DebtCon,Other,8,NA,NA,109.51487945,1,22,45.304760569,bad
12100,22000,38750,DebtCon,Other,0.8,0,0,167.4,1,17,NA,bad
12100,67000,79100,DebtCon,Mgr,5,0,0,155.2,1,32,NA,bad
12200,97000,109800,HomeImp,ProfExe,5,0,0,152.13333333,3,33,NA,bad
12200,53242,70400,DebtCon,Other,14,0,0,169.93066352,0,18,34.629427656,bad
12300,24552,48278,DebtCon,Other,0,0,0,171.07510456,0,16,29.299550944,bad
12300,48238,66603,HomeImp,Office,6,0,1,80.38898294,1,11,40.01910455,bad
12300,78000,101200,HomeImp,Other,0.4,0,0,145.06666667,1,19,NA,bad
12300,50230,70000,DebtCon,Sales,1,0,NA,184.36666667,2,20,NA,bad
12300,49800,64000,DebtCon,ProfExe,23,0,2,232.33333333,3,17,NA,bad
12300,77000,94000,DebtCon,Mgr,41,NA,4,212.86666667,4,17,NA,bad
12300,73099,84250,DebtCon,ProfExe,4,NA,NA,NA,NA,NA,40.222283144,bad
12300,11300,39000,NA,Other,NA,5,1,170.43333333,3,21,NA,bad
12300,64265,90956,DebtCon,Other,10,0,1,233.15612479,0,32,32.908823864,bad
12400,45604,65501,DebtCon,Other,9,0,1,70.337530564,1,24,35.212181264,bad
12400,94000,112000,DebtCon,Mgr,4,0,0,NA,0,0,NA,bad
12400,57105,74582,DebtCon,Other,12,0,0,134.03176787,0,20,36.925736414,bad
12400,50573,84008,DebtCon,Other,15,1,0,76.042086926,0,7,41.027966747,bad
12500,69117,101503,HomeImp,ProfExe,13,0,7,145.95301782,0,36,36.759984664,bad
12500,41000,64680,DebtCon,Other,2,0,0,70.9,3,30,NA,bad
12500,41301,60000,DebtCon,Other,2,0,0,77.233333333,0,12,NA,bad
12500,55000,75393,DebtCon,Other,0.75,0,1,113.03333333,1,16,NA,bad
12500,53060,67500,DebtCon,Office,16,0,5,183.63333333,0,15,NA,bad
12500,69192,105300,DebtCon,Mgr,4,0,0,282.03333333,1,23,NA,bad
12500,62000,102600,HomeImp,Other,10,2,6,226.43333333,4,42,NA,bad
12600,68800,86000,DebtCon,Mgr,3,2,1,202.86666667,8,26,NA,bad
12600,41169.82,57000,DebtCon,Other,5.5,1,0,98.433333333,10,18,NA,bad
12600,86785,110400,DebtCon,Other,0.7,1,NA,89.066666667,2,27,NA,bad
12600,72854,86209,NA,ProfExe,2,0,0,118.06964742,0,14,36.051487179,bad
12600,48983,65000,DebtCon,Other,5,1,0,58.7,7,23,NA,bad
12700,30428,47387,DebtCon,ProfExe,2,0,0,164.49002127,0,36,38.874158603,bad
12800,40932,72172,DebtCon,Other,20,0,0,162.04401039,0,16,37.51836575,bad
12800,54151,83828,DebtCon,Other,13,0,0,132.16026989,0,16,23.477426284,bad
12800,81030,100333,DebtCon,Mgr,11,0,1,80.148943035,4,29,42.319370392,bad
12800,51800,68000,HomeImp,ProfExe,6,NA,NA,NA,NA,NA,NA,bad
12800,111000,124500,DebtCon,Sales,7,1,0,203.9,2,40,NA,bad
12800,67060,83989,DebtCon,Office,9,NA,3,116.46675743,2,24,43.572307509,bad
12900,94000,NA,DebtCon,Office,8,0,1,205.93333333,0,19,NA,bad
12900,29891,76571,HomeImp,Other,2,0,0,29.058670234,3,11,31.458500529,bad
12900,46266,62000,DebtCon,Other,7,0,0,77.133333333,5,18,NA,bad
12900,117900,143433,DebtCon,Mgr,6,0,0,227.93289343,0,35,47.619763526,bad
13000,64499,86000,HomeImp,Other,1,0,0,109.4,0,19,NA,bad
13000,29461,49326,HomeImp,ProfExe,11,0,0,171.59766853,1,8,38.917999879,bad
13000,125969,144076,DebtCon,Other,4,0,0,110.19319627,2,30,48.977731698,bad
13000,70000,90704,DebtCon,Other,15,0,3,142.16666667,0,37,NA,bad
13000,34000,65000,HomeImp,Other,4.5,0,1,148.5,2,24,NA,bad
13000,7200,24869,HomeImp,Other,0.7,9,1,193.8,0,9,NA,bad
13000,41193,58000,DebtCon,Other,18,3,2,66.933333333,4,7,NA,bad
13000,36223,NA,DebtCon,Other,9,1,0,132.86666667,0,14,NA,bad
13000,43744,60000,DebtCon,Self,22,0,1,21.266666667,1,15,NA,bad
13000,94941,120000,DebtCon,ProfExe,0.1,0,0,132.86666667,0,21,NA,bad
13000,137618,159000,DebtCon,ProfExe,9,2,6,106.53333333,6,37,NA,bad
13000,47000,60000,HomeImp,Self,1,0,0,NA,3,12,NA,bad
13000,177000,200000,DebtCon,Mgr,3,0,2,195.83333333,1,50,NA,bad
13000,60000,86400,DebtCon,Other,12,0,2,149.16666667,0,28,NA,bad
13000,111000,137813,NA,Mgr,6,2,2,138.33333333,3,65,NA,bad
13000,152029,173750,HomeImp,ProfExe,20,0,0,19.333333333,7,5,NA,bad
13100,NA,NA,HomeImp,ProfExe,0.75,NA,NA,NA,NA,NA,NA,bad
13100,22422,34800,HomeImp,Office,2.6,2,0,93.3,1,3,NA,bad
13100,54000,74750,DebtCon,Other,14,1,0,92.4,0,9,NA,bad
13200,65372,81426,DebtCon,Other,4,NA,1,102.6208363,3,29,38.934169132,bad
13200,65997,88000,DebtCon,Other,2,0,0,113.23333333,2,25,NA,bad
13300,58000,75000,DebtCon,Mgr,6.6,0,1,226.2,1,33,NA,bad
13300,67483,85454,DebtCon,ProfExe,16,0,2,335.98931518,1,14,30.37586285,bad
13300,60014,75695,DebtCon,Sales,1,0,NA,182.0643734,1,20,40.206671113,bad
13300,45860,63500,HomeImp,ProfExe,7,0,0,127.76666667,4,9,NA,bad
13300,25698,58760,HomeImp,Self,15,0,0,147.91098236,1,10,30.962076653,bad
13400,131524,148356,DebtCon,Other,4,1,0,110.74174156,2,29,48.340234737,bad
13400,58307,71810,DebtCon,Other,9,0,2,82.708309337,2,32,36.947798216,bad
13400,111000,131000,DebtCon,ProfExe,14,0,0,165.33333333,2,26,NA,bad
13400,5900,55320,HomeImp,Other,3,2,2,234.02181639,3,16,19.089300996,bad
13500,73000,97000,DebtCon,Other,12,1,0,145.2,0,23,NA,bad
13500,70000,93500,DebtCon,Sales,25,0,0,250.63333333,0,46,NA,bad
13500,65000,NA,DebtCon,ProfExe,14,0,2,105.5,4,34,NA,bad
13500,80223,108491,DebtCon,ProfExe,4,0,4,127.8,2,27,NA,bad
13500,83673,109000,HomeImp,Mgr,2.3,0,1,238.4,3,57,NA,bad
13500,28000,85999,DebtCon,Other,0,6,4,227.26666667,6,37,NA,bad
13600,30200,43600,HomeImp,Other,0,8,1,230.3,0,18,NA,bad
13600,70000,88000,DebtCon,Mgr,16,0,0,NA,0,0,NA,bad
13700,74147,92427,DebtCon,Other,7,0,3,181.30579978,0,33,39.272466343,bad
13700,59012,81465,DebtCon,Mgr,12,0,0,167.43333333,0,31,NA,bad
13700,46000,81000,DebtCon,ProfExe,1.5,0,1,101.56666667,0,25,NA,bad
13800,35807,40700,DebtCon,Other,1,0,0,91.266666667,1,17,NA,bad
13800,65178,79000,DebtCon,Office,11,0,3,111.6,1,23,NA,bad
13800,97778,116814,DebtCon,Other,15,1,3,120.78139621,1,22,23.20471329,bad
13900,77699,92587,DebtCon,Other,13,0,2,134.63357916,0,36,39.196149463,bad
13900,NA,NA,HomeImp,Other,4,0,2,209.47991026,0,15,35.774891787,bad
13900,56710,59348,HomeImp,Other,14,2,1,176.53032737,0,39,24.393714522,bad
13900,144263,167164,DebtCon,ProfExe,8,2,6,111.58860329,5,38,91.612599977,bad
13900,51653,85578,DebtCon,Other,13,0,0,90.273079432,0,7,41.693377223,bad
13900,103030,114131,DebtCon,Mgr,3,0,0,NA,0,0,38.394222444,bad
13900,NA,80868,DebtCon,ProfExe,18,0,0,278.30142446,1,7,43.313200229,bad
14000,NA,28992,HomeImp,Other,NA,0,0,342.06666667,2,14,NA,bad
14000,67881,93390,DebtCon,NA,NA,NA,NA,NA,NA,NA,NA,bad
14000,NA,42500,DebtCon,Other,NA,NA,NA,NA,NA,NA,NA,bad
14000,64000,78000,NA,ProfExe,7.4,0,0,174.43333333,0,20,NA,bad
14000,65000,NA,NA,Other,23,0,3,109.56666667,1,15,NA,bad
14000,139000,159000,DebtCon,Mgr,13,0,1,171.43333333,1,32,NA,bad
14000,85200,NA,HomeImp,Other,8,1,0,188.66666667,4,17,NA,bad
14000,46400,NA,DebtCon,Other,18,0,1,145.06666667,1,14,NA,bad
14000,49207,70525,DebtCon,Office,3,3,3,205.96666667,2,51,NA,bad
14000,NA,NA,HomeImp,Other,17,0,7,184.61319091,0,12,18.194280421,bad
14100,52302,63589,HomeImp,ProfExe,6,0,0,130.34246718,4,8,34.792831648,bad
14100,43927,60000,DebtCon,Other,0,0,0,0,12,8,NA,bad
14100,61036,84979,HomeImp,Mgr,1,0,0,174.5911708,2,23,50.276214936,bad
14200,68750,88627,DebtCon,Other,10,0,1,219.67280084,0,32,34.639961398,bad
14200,100663,122021,DebtCon,ProfExe,0,0,0,139.98397675,0,20,43.797459562,bad
14200,NA,49060,DebtCon,Other,NA,NA,NA,NA,NA,NA,24.701641997,bad
14300,52260,73000,DebtCon,Mgr,0.6,1,3,62.9,0,17,NA,bad
14300,37000,54000,DebtCon,NA,0,0,0,320.63333333,2,26,NA,bad
14500,38986,49970,HomeImp,Other,1,8,1,220.91726199,0,17,47.914521113,bad
14500,69115,98900,DebtCon,Other,18,0,0,177.86666667,NA,11,NA,bad
14500,149000,NA,DebtCon,ProfExe,25,0,2,384.5,0,71,NA,bad
14600,124000,168000,DebtCon,ProfExe,4,0,0,146.86666667,2,29,NA,bad
14600,21340,44605,DebtCon,Office,13,0,0,126.73042833,0,5,36.46319167,bad
14600,67997,87000,DebtCon,Other,11,1,NA,93.333333333,3,23,NA,bad
14700,51829,69136,DebtCon,Other,14,0,0,169.98530778,0,18,35.635393849,bad
14700,148396,162403,DebtCon,Mgr,13,0,0,163.4989942,0,31,35.428415656,bad
14700,94672,NA,NA,Other,14,0,1,67.038031911,0,11,40.317434429,bad
14700,63000,89250,DebtCon,ProfExe,4,0,0,87.466666667,0,28,NA,bad
14800,NA,NA,HomeImp,ProfExe,0,NA,NA,NA,NA,NA,NA,bad
14800,63800,96500,HomeImp,Mgr,9,0,4,185.43333333,2,14,NA,bad
14900,54359,78408,DebtCon,Self,4,3,0,129.96775559,0,24,3.0161414514,bad
14900,55480,76464,HomeImp,Other,15,0,1,122.08949983,5,20,43.06260476,bad
14900,57557,80611,DebtCon,Other,12,0,0,103.10650454,0,7,39.840875348,bad
14900,58204,71257,DebtCon,Office,3,3,2,206.51873487,1,50,43.762930265,bad
15000,NA,54869,DebtCon,Office,8,NA,NA,NA,NA,NA,NA,bad
15000,45000,85000,HomeImp,Mgr,11,0,0,110,0,31,NA,bad
15000,399550,NA,HomeImp,Mgr,0.9,0,0,138.16666667,1,18,NA,bad
15000,NA,NA,HomeImp,NA,1,1,0,108.53333333,0,22,NA,bad
15000,63000,100050,DebtCon,Other,NA,1,0,135.3,1,20,NA,bad
15000,4734,55500,HomeImp,Other,24,2,0,14.6,1,1,NA,bad
15000,NA,27500,HomeImp,Other,11,1,1,62.3,2,3,NA,bad
15000,8200,42075,DebtCon,ProfExe,18,1,0,122.23314815,0,23,NA,bad
15000,98000,132790,DebtCon,Other,1.5,0,3,107.66666667,1,21,NA,bad
15000,49200,72900,DebtCon,Other,10,0,0,174.03329961,1,16,NA,bad
15000,163000,207562,DebtCon,ProfExe,6,0,0,247.58424908,1,27,NA,bad
15000,45000,68250,DebtCon,Other,7,0,1,55.966666667,0,4,NA,bad
15000,86000,NA,DebtCon,Mgr,1,0,0,63.7,1,27,NA,bad
15000,37000,58488,HomeImp,Other,2,0,0,266.93333333,0,48,NA,bad
15000,83000,114000,DebtCon,ProfExe,18,0,0,207.23333333,0,27,NA,bad
15000,40772,62025,HomeImp,Other,NA,0,1,120.6,2,19,NA,bad
15000,20000,47394,HomeImp,Other,13,0,0,66.133333333,0,11,NA,bad
15000,29000,105000,HomeImp,Other,7,0,4,97.666666667,1,8,NA,bad
15000,38000,73200,DebtCon,Other,6,0,0,171.3,0,17,NA,bad
15000,NA,NA,DebtCon,NA,0,2,1,91.266666667,1,10,NA,bad
15000,89000,122400,HomeImp,Mgr,1,0,2,136.46666667,0,19,NA,bad
15000,48786,72500,DebtCon,Other,10,0,0,75.4,2,9,NA,bad
15000,57900,88200,DebtCon,ProfExe,10,NA,NA,NA,NA,NA,NA,bad
15000,34200,38900,DebtCon,Other,9.2,0,0,170.7,4,21,NA,bad
15000,37624,60562,DebtCon,Other,NA,0,1,186.86666667,7,26,NA,bad
15000,106239,135942,DebtCon,ProfExe,19.5,0,1,9.1,2,24,NA,bad
15000,18500,19000,DebtCon,Other,2,0,1,20.166666667,0,2,NA,bad
15000,5500,29025,DebtCon,Other,25,0,5,275.5,1,19,NA,bad
15000,71269,97500,DebtCon,Other,9,0,0,118.16666667,1,19,NA,bad
15000,96931,137390,DebtCon,Other,0.2,0,0,114.86666667,1,16,NA,bad
15000,NA,74750,DebtCon,NA,NA,NA,NA,NA,NA,NA,NA,bad
15000,62674,76950,HomeImp,Mgr,8,1,5,249.53333333,0,31,NA,bad
15000,NA,50000,HomeImp,Other,0,3,4,206.96666667,1,45,NA,bad
15000,89200,114750,DebtCon,ProfExe,11,0,0,114.6,0,27,NA,bad
15000,109000,155000,DebtCon,Office,0,3,2,105.5,1,28,NA,bad
15000,42006,NA,DebtCon,Other,10,0,1,75.333333333,0,33,NA,bad
15000,153000,185625,DebtCon,Mgr,8,NA,2,154.2,NA,31,NA,bad
15000,33000,NA,NA,NA,0.9,7,5,144.86666667,0,20,NA,bad
15000,116400,146450,DebtCon,Other,17.5,0,1,255.66666667,1,29,NA,bad
15000,6124,35000,HomeImp,Other,1.5,1,0,91.266666667,0,5,NA,bad
15000,18900,80400,DebtCon,ProfExe,7,0,1,142,0,12,NA,bad
15000,54294,85460,DebtCon,Other,18,0,3,118.66666667,1,23,NA,bad
15000,NA,26100,DebtCon,Other,1.6,0,1,105.46666667,17,20,NA,bad
15000,73500,105000,DebtCon,Other,1,0,2,205.93333333,2,25,NA,bad
15000,40000,58000,NA,ProfExe,4,7,0,268.83333333,3,26,NA,bad
15000,68000,96000,DebtCon,Mgr,12,0,3,109.56666667,0,24,NA,bad
15000,62100,40000,DebtCon,ProfExe,1,0,0,111.6,2,13,NA,bad
15000,74000,90000,DebtCon,ProfExe,9,1,3,136.96666667,0,27,NA,bad
15000,16400,205950,DebtCon,Mgr,10,8,3,135.93333333,11,42,NA,bad
15000,55300,81000,DebtCon,Other,5.3,8,0,259.73333333,4,30,NA,bad
15000,166000,182175,DebtCon,NA,3.5,4,0,74.066666667,2,14,NA,bad
15000,54000,72865,DebtCon,Office,2.9,0,1,145.1,1,15,NA,bad
15000,47000,73900,DebtCon,Office,2,1,5,73.1,1,16,NA,bad
15000,82000,130000,DebtCon,Mgr,18,0,5,122.73333333,10,19,NA,bad
15000,61438,127300,DebtCon,Self,4,1,3,134.26666667,1,17,NA,bad
15000,42000,111351,DebtCon,Other,6,NA,6,225.63333333,0,17,NA,bad
15000,79000,108000,HomeImp,Other,0.4,0,0,385.5,3,31,NA,bad
15000,125000,177100,HomeImp,ProfExe,10,3,1,221.16666667,0,14,NA,bad
15000,77544,102000,DebtCon,Sales,4,0,0,11.7,2,35,NA,bad
15000,61265,NA,DebtCon,Office,22,0,0,186.66666667,1,21,NA,bad
15100,45351,65481,DebtCon,Other,4,0,0,91.715292521,9,18,39.070153046,bad
15100,54000,77542,HomeImp,ProfExe,13,1,1,122.56666667,1,26,NA,bad
15100,NA,NA,NA,NA,0,0,0,NA,0,0,NA,bad
15200,58000,77000,DebtCon,Other,0.9,1,0,127.86666667,3,26,NA,bad
15200,105328,113931,HomeImp,ProfExe,3,0,0,138.13350449,2,32,61.89063458,bad
15200,96341,118734,DebtCon,Other,1,1,NA,90.732780399,1,26,39.140055969,bad
15300,21383,38480,HomeImp,Mgr,20,0,1,182.6,4,31,NA,bad
15300,96700,NA,HomeImp,Other,5,0,1,225.16666667,0,24,NA,bad
15300,78375,108175,HomeImp,Other,6,1,0,82.104836481,0,20,22.50324916,bad
15300,49421,67343,DebtCon,Other,4,0,0,57.929415092,6,22,42.929614185,bad
15400,180017,206148,DebtCon,Mgr,2,0,2,196.03365793,1,49,36.417342576,bad
15400,63456,96794,DebtCon,ProfExe,3,0,0,85.529362471,0,28,37.362645,bad
15500,57993,82248,DebtCon,Other,10,0,0,173.07296854,0,16,32.142468978,bad
15500,48100,67000,DebtCon,Other,15,NA,NA,NA,NA,NA,NA,bad
15500,26452,43900,DebtCon,Mgr,21,1,2,215.06666667,0,19,NA,bad
15500,38900,60500,DebtCon,Other,8,7,4,95.9,2,53,NA,bad
15500,54653,73117,DebtCon,Other,13,NA,NA,NA,NA,NA,29.541850912,bad
15500,82054,104627,DebtCon,Sales,3,0,0,9.0485150864,1,35,60.645756259,bad
15600,74156,101136,DebtCon,Mgr,11,0,3,107.38846759,0,24,27.69600093,bad
15600,63500,80000,DebtCon,Sales,0.2,3,0,104.56666667,2,20,NA,bad
15600,62582,131510,DebtCon,Self,2,0,2,122.60405287,1,17,38.588222397,bad
15700,53443,77704,DebtCon,Office,2,0,5,73.087538893,0,16,45.195495871,bad
15700,149305,NA,DebtCon,ProfExe,25,0,2,382.85883592,0,71,38.228344754,bad
15700,60316,80000,DebtCon,Mgr,0.2,1,0,85.2,1,23,NA,bad
15700,83761,125860,HomeImp,Other,1,0,0,NA,0,0,NA,bad
15700,53478,68885,DebtCon,Other,5,0,0,83.69551611,5,17,40.349929995,bad
15800,58100,83000,DebtCon,ProfExe,2,1,1,284.06666667,4,27,NA,bad
15800,NA,58995,HomeImp,Other,1,2,3,194.98708812,1,45,52.203164506,bad
15800,104913,121214,DebtCon,ProfExe,2,0,0,134.00383024,0,21,44.915160551,bad
15800,74815,89721,DebtCon,Mgr,16,0,0,NA,0,0,37.984504628,bad
15800,42504,64847,HomeImp,Other,NA,0,0,120.73801298,2,18,36.834457555,bad
15800,69928,NA,NA,Other,23,0,3,82.443985587,1,14,32.327262456,bad
15900,43830,59530,DebtCon,Other,4.6,1,0,148.13333333,1,27,NA,bad
15900,89500,104200,DebtCon,ProfExe,15,0,3,183.63333333,0,37,NA,bad
15900,101337,NA,HomeImp,Other,4,0,0,235.62740226,0,23,20.723375647,bad
16000,20000,60000,HomeImp,Other,11,0,0,51.033333333,0,9,NA,bad
16000,69322,106189,HomeImp,ProfExe,2,1,1,238.4,0,31,NA,bad
16000,83200,NA,DebtCon,ProfExe,0.6,0,0,318.56666667,9,27,NA,bad
16000,88238,117500,DebtCon,Other,4,0,3,176.46666667,5,34,NA,bad
16000,50000,71130,DebtCon,ProfExe,2.5,0,0,189.7,0,22,NA,bad
16000,70000,87400,DebtCon,Office,18,NA,3,145.86666667,3,18,NA,bad
16100,49371,77400,DebtCon,Office,3,2,2,214.06037616,1,51,44.21676389,bad
16100,NA,30695,HomeImp,Other,11,0,1,64.335741119,2,2,29.233014839,bad
16100,33209,52000,DebtCon,Other,8,0,0,91.3,1,15,NA,bad
16100,61712,82649,DebtCon,Other,12,0,0,94.645123603,0,9,27.548831204,bad
16200,83448,135447,DebtCon,Mgr,17,0,5,129.78013164,9,19,45.554415483,bad
16200,71530,88569,DebtCon,Mgr,14,0,0,NA,0,1,35.886710153,bad
16200,118585,131940,DebtCon,Sales,5,0,0,202.38516993,2,40,23.977112224,bad
16200,23466,206368,DebtCon,Mgr,9,7,3,141.02742652,10,41,32.36849777,bad
16200,34984,46382,DebtCon,Other,11,0,0,175.14431949,3,20,39.740928127,bad
16200,46115,61917,HomeImp,Other,2,0,0,259.36069753,0,47,43.717499442,bad
16300,31800,63000,DebtCon,Other,12,1,5,124.9,1,14,NA,bad
16300,79087,102921,DebtCon,Sales,23,0,0,256.25308431,0,45,36.987085694,bad
16300,25004,65000,DebtCon,Other,2,0,0,199.83333333,0,7,NA,bad
16300,49868,76131,DebtCon,Other,9,0,0,81.274155797,2,9,40.372556541,bad
16400,54818,74447,DebtCon,Office,3,2,3,208.08886428,1,50,41.95642972,bad
16400,48700,72500,DebtCon,Other,NA,0,1,127.3,1,39,NA,bad
16500,52028,63745,DebtCon,Other,7,0,0,105.53037606,4,18,41.344845835,bad
16500,94403,NA,DebtCon,Office,9,0,1,217.78684139,0,19,NA,bad
16500,92900,116000,DebtCon,Mgr,10,1,NA,83.166666667,1,27,NA,bad
16500,48833,68872,DebtCon,Other,1,0,0,60.390652294,0,12,22.459624387,bad
16500,143404,165267,DebtCon,Mgr,14,0,1,169.7373629,1,31,36.178122,bad
16500,65900,87000,DebtCon,Other,26,0,3,109.56666667,5,35,NA,bad
16500,50000,NA,DebtCon,Mgr,1,0,0,120.73333333,3,11,NA,bad
16500,67000,109500,DebtCon,Mgr,2,4,0,217.1,2,24,NA,bad
16500,43223,46925,DebtCon,Other,10,0,0,178.00238341,4,20,40.206333768,bad
16600,42259,NA,DebtCon,Other,1.5,1,3,209.96666667,0,20,NA,bad
16700,77083,103540,DebtCon,Other,17,0,0,170.81237285,NA,10,37.226430597,bad
16800,44983,65000,DebtCon,Sales,4,2,1,77.033333333,6,43,NA,bad
16800,27623,88231,DebtCon,ProfExe,8,0,0,122.46327196,0,12,55.962022219,bad
16800,69284,NA,DebtCon,Office,21,0,0,190.69331375,1,20,35.894025859,bad
16800,16204,27781,HomeImp,Other,1,10,0,190.57709682,0,9,27.146885648,bad
16800,113021,146222,NA,Mgr,5,3,2,123.89341974,2,65,62.559307823,bad
16800,87300,155500,DebtCon,Other,3,0,0,1154.6333333,0,0,NA,bad
16800,50445,71711,DebtCon,Other,5,0,0,71.230761689,5,18,40.582913478,bad
16900,63800,85000,DebtCon,Other,2,0,6,127.8,2,33,NA,bad
16900,73128,101683,DebtCon,Sales,26,0,0,254.19179745,0,45,38.512308689,bad
17000,NA,NA,HomeImp,NA,1,0,0,111.23501181,0,21,31.362872385,bad
17000,54218,75000,DebtCon,Mgr,5,1,0,177.5,6,35,NA,bad
17000,52663,82000,NA,NA,NA,NA,NA,NA,NA,NA,NA,bad
17000,36420,54375,DebtCon,Other,1,1,0,77.7,1,18,NA,bad
17000,74910,112375,DebtCon,Office,41,0,0,95.2,3,28,NA,bad
17000,87600,110000,DebtCon,Other,0.4,6,0,180.56666667,2,46,NA,bad
17000,52700,78000,DebtCon,Other,2,0,0,62.9,0,10,NA,bad
17000,61000,127000,DebtCon,Mgr,9,0,5,256.7,0,40,NA,bad
17000,62755,81180,DebtCon,ProfExe,19,2,0,134.93333333,2,28,NA,bad
17000,56800,82000,DebtCon,ProfExe,22,0,5,320.6,4,28,NA,bad
17000,89600,115000,DebtCon,Self,20,NA,3,99.266666667,0,23,NA,bad
17000,48000,69000,DebtCon,Office,25,0,0,351.03333333,3,24,NA,bad
17000,43000,63500,DebtCon,Other,8,0,0,46.666666667,3,11,NA,bad
17000,170636,188899,DebtCon,NA,1,4,0,67.408284966,1,13,44.751572195,bad
17100,32134,69131,DebtCon,Other,3,0,0,209.19880045,0,6,38.632967001,bad
17200,50742,71000,DebtCon,Other,15,0,0,NA,0,0,NA,bad
17200,74402,NA,DebtCon,ProfExe,13,0,1,115.35303064,4,34,41.359036334,bad
17200,62108,NA,DebtCon,Office,21,0,0,174.39613454,1,21,34.538925374,bad
17300,73000,95000,DebtCon,Other,5,2,1,90.3,6,30,NA,bad
17300,73503,91842,DebtCon,Other,0,0,6,142.33207559,1,32,46.902324378,bad
17400,54161,75500,DebtCon,Office,4,0,0,23.333333333,5,11,NA,bad
17400,96590,112115,DebtCon,Other,0,6,0,178.65958941,2,46,41.117887486,bad
17400,79623,113658,DebtCon,Other,0,0,2,212.12914517,2,25,35.106719635,bad
17500,76100,98500,DebtCon,Other,5,10,1,59.833333333,5,16,NA,bad
17500,110603,142000,DebtCon,Other,1,1,0,163.06666667,3,25,NA,bad
17500,56647,78000,DebtCon,ProfExe,11,3,2,92.3,7,29,NA,bad
17500,68000,133015,DebtCon,Office,19,1,1,177.5,5,21,NA,bad
17500,91000,116000,DebtCon,ProfExe,0.5,0,0,188.73333333,3,26,NA,bad
17600,76043,95605,DebtCon,Other,3,2,1,85.04333493,6,30,47.840295122,bad
17700,58016,76416,DebtCon,Office,4,0,0,28.011491753,5,10,41.463373328,bad
17900,70046,135917,DebtCon,Self,1,1,2,138.01100827,0,16,38.289202295,bad
17900,96450,135822,HomeImp,ProfExe,6,0,1,90.3,6,5,NA,bad
17900,51080,92051,HomeImp,Mgr,10,0,0,117.08978536,0,31,42.373232999,bad
17900,NA,31953,HomeImp,Other,10,0,1,74.429307591,1,2,29.975603348,bad
18000,62000,160800,HomeImp,ProfExe,15,0,0,129.83333333,1,11,NA,bad
18000,12900,21500,HomeImp,Office,5,3,0,109.56666667,0,33,NA,bad
18000,57988,86970,DebtCon,Other,16,0,0,165.33333333,2,14,NA,bad
18000,99401,140000,DebtCon,Other,8.9,2,0,150.1,3,20,NA,bad
18000,39005,60000,DebtCon,Other,10,2,0,112.63333333,5,5,NA,bad
18000,47000,69000,DebtCon,Other,6,3,2,110.63333333,2,24,NA,bad
18000,48724,72654,DebtCon,Other,7,0,0,62.088605958,0,4,31.570298921,bad
18000,114000,147140,DebtCon,Other,5,0,0,122.73333333,2,13,NA,bad
18100,23590,215548,DebtCon,Mgr,10,7,2,136.5300202,10,41,33.272297524,bad
18200,67809,89339,DebtCon,Sales,0,3,0,102.46098622,2,19,38.345340781,bad
18200,55406,78682,DebtCon,Other,NA,0,0,122.71770946,0,39,33.693831299,bad
18200,139000,171350,DebtCon,Other,0.1,0,1,102.5,7,18,NA,bad
18200,95091,113294,DebtCon,ProfExe,15,0,3,188.50461695,0,36,78.654386048,bad
18300,60100,82506,DebtCon,ProfExe,10,3,1,171.46666667,2,64,NA,bad
18400,88352,110216,HomeImp,Other,1,0,0,376.72364282,3,31,47.830671133,bad
18400,72718,98065,DebtCon,Other,8,0,0,119.05781713,0,19,35.364128433,bad
18400,116228,148722,DebtCon,Other,1,0,0,159.16923466,2,25,38.079761822,bad
18400,43188,68876,DebtCon,Other,NA,0,0,199.00057602,6,25,41.006103287,bad
18600,73473,105848,HomeImp,Mgr,9,0,4,186.71283572,1,14,27.646036576,bad
18600,23850,61808,HomeImp,Other,12,0,0,46.946164052,0,8,40.852927503,bad
18600,64248,82690,DebtCon,Mgr,0,1,0,89.189005469,0,23,53.848219887,bad
18600,51936,75278,DebtCon,ProfExe,3,0,0,199.80175424,0,21,36.995645842,bad
18700,39441,71345,DebtCon,Other,11,0,4,132.83675752,0,13,27.691648158,bad
18700,70562,91223,DebtCon,Other,27,0,2,112.71036806,4,35,64.272476898,bad
18700,66003,82410,DebtCon,Mgr,0,1,0,85.77380757,1,23,51.517385302,bad
18800,67666,167619,HomeImp,ProfExe,14,0,0,135.95180823,1,11,47.590528653,bad
18800,73396,137076,DebtCon,Office,18,0,1,163.59204517,4,20,40.375372412,bad
18800,63836,87000,DebtCon,Other,8,2,1,110.56666667,2,33,NA,bad
18900,51075,78045,DebtCon,Office,2,1,5,74.091196034,1,15,42.198282202,bad
18900,17800,40798,DebtCon,Office,6,2,0,167.46666667,2,16,NA,bad
18900,NA,75252,DebtCon,NA,NA,NA,NA,NA,NA,NA,42.919604974,bad
18900,61429,84990,DebtCon,ProfExe,8,3,1,166.17939921,2,64,40.436704805,bad
19000,42000,64000,DebtCon,Mgr,9,0,0,30.466666667,3,8,NA,bad
19000,64758,119780,DebtCon,ProfExe,19,0,4,349,0,20,NA,bad
19000,46300,72000,DebtCon,ProfExe,5,1,1,215.03333333,6,24,NA,bad
19000,171106,200000,DebtCon,Other,9.8,3,0,153.16666667,0,26,NA,bad
19000,93050,118000,DebtCon,Office,1,0,0,40.566666667,0,10,NA,bad
19000,105200,130000,HomeImp,Self,5,1,0,237.43333333,1,27,NA,bad
19000,100670,122581,DebtCon,Mgr,10,0,NA,81.252547416,0,27,41.863631054,bad
19000,24658,47027,HomeImp,Mgr,19,0,0,159.10522518,4,31,53.548195849,bad
19000,15100,23200,HomeImp,Other,3.2,1,1,64.9,3,21,NA,bad
19200,62334,91300,DebtCon,Mgr,8,0,1,92.333333333,4,13,NA,bad
19300,109000,135000,DebtCon,Office,3,0,0,98.433333333,13,14,NA,bad
19300,27747,43740,DebtCon,Office,7,1,0,167.65798082,1,16,35.086070551,bad
19300,152000,182000,HomeImp,Self,1,NA,NA,NA,NA,NA,NA,bad
19300,96454,157809,DebtCon,Other,3,0,0,1168.2335609,0,0,40.206138263,bad
19400,86219,126904,HomeImp,Other,0,0,0,NA,0,0,34.480849784,bad
19400,178000,219300,HomeImp,ProfExe,12,0,0,214.36666667,0,26,NA,bad
19500,100077,122352,DebtCon,Office,3,0,0,58.861027463,0,9,38.121518334,bad
19500,50000,89100,NA,ProfExe,7,2,1,86.233333333,4,25,NA,bad
19500,47000,70000,DebtCon,Mgr,15,0,0,220.16666667,5,21,NA,bad
19600,117646,149975,DebtCon,Other,4,0,0,114.21361486,1,12,31.222802648,bad
19600,94419,123705,DebtCon,Self,19,NA,2,92.739380404,0,22,84.379034083,bad
19600,109500,136000,DebtCon,ProfExe,12,2,0,183.96666667,3,32,NA,bad
19700,62351,84624,DebtCon,Mgr,0,1,0,88.126516775,1,22,54.241334737,bad
19700,139534,172125,DebtCon,Other,0,0,0,101.94351853,6,17,32.761083981,bad
19900,93619,130000,DebtCon,Office,9,2,5,210.96666667,2,18,NA,bad
20000,72000,103000,DebtCon,ProfExe,0.5,0,0,174.3,3,23,NA,bad
20000,68958,99875,DebtCon,ProfExe,11,1,1,117.66666667,0,23,NA,bad
20000,NA,115750,HomeImp,Other,NA,0,2,132.53333333,0,10,NA,bad
20000,71254,109200,DebtCon,Other,10,NA,NA,NA,NA,NA,NA,bad
20000,27900,NA,HomeImp,Mgr,21,NA,NA,NA,NA,NA,NA,bad
20000,145500,194000,HomeImp,Self,4.5,0,0,67.9,5,5,NA,bad
20000,125000,165000,DebtCon,ProfExe,2,0,0,314.5,0,30,NA,bad
20000,73400,94000,DebtCon,Mgr,9,0,0,270,2,14,NA,bad
20000,161000,204000,DebtCon,ProfExe,5,3,7,205.93333333,5,25,NA,bad
20000,117820,154000,DebtCon,Mgr,3,0,0,70.998127341,0,29,NA,bad
20000,60336,132430,DebtCon,Other,25,1,0,258.66666667,1,21,NA,bad
20000,151982,NA,DebtCon,Self,NA,2,5,146.5,1,43,NA,bad
20000,78500,109725,DebtCon,ProfExe,9.8,NA,1,117.66666667,2,30,NA,bad
20000,104000,139900,DebtCon,Other,15,1,1,95.366666667,4,49,NA,bad
20000,16000,87300,DebtCon,Other,28,1,6,232.33333333,1,21,NA,bad
20000,122000,166100,DebtCon,ProfExe,2.6,0,2,206.96666667,1,18,NA,bad
20000,47696.03,112700,DebtCon,Other,16,0,3,123.76666667,0,23,NA,bad
20000,14361,50000,DebtCon,Other,NA,0,1,216.06666667,1,10,NA,bad
20000,143000,185625,DebtCon,Office,1.5,2,3,73.033333333,2,11,NA,bad
20000,21300,308600,HomeImp,ProfExe,2,1,0,274.9,0,30,NA,bad
20000,11000,75000,DebtCon,Other,7,1,3,267.83333333,1,23,NA,bad
20000,116932,138072,HomeImp,Other,19,0,0,171.46666667,2,23,NA,bad
20000,70862,201500,NA,Mgr,9.3,0,1,290.16670565,1,25,NA,bad
20000,87800,163800,NA,Mgr,14,2,6,244.06666667,NA,25,NA,bad
20000,86019,94350,DebtCon,Other,3.7,0,1,119.7,0,16,NA,bad
20000,142500,190000,DebtCon,Mgr,0.2,2,4,313.53333333,3,18,NA,bad
20000,107000,146400,DebtCon,Office,0.1,0,2,234.33333333,2,32,NA,bad
20000,77900,105400,DebtCon,Mgr,4,0,0,110.6,0,17,NA,bad
20100,16755,29412,HomeImp,Other,3,1,0,62.050110801,2,21,58.132182899,bad
20100,54098,88939,NA,NA,NA,NA,NA,NA,NA,NA,NA,bad
20200,33000,62400,HomeImp,Other,1,0,0,123.8,2,2,NA,bad
20200,82181,119535,DebtCon,Office,41,0,0,105.21929675,3,28,52.734860612,bad
20300,63803,89079,DebtCon,ProfExe,21,0,4,323.80857327,4,28,45.875916904,bad
20300,77325,133075,DebtCon,Office,19,1,0,166.12608913,4,21,40.736021938,bad
20300,180254,220843,HomeImp,ProfExe,11,0,0,217.12816724,0,25,41.563100649,bad
20300,66667,92158,DebtCon,ProfExe,9,3,1,174.89210564,2,64,40.545680998,bad
20400,19265,43962,DebtCon,Office,5,2,0,177.90470706,1,15,35.404638874,bad
20500,25984,95541,DebtCon,Other,28,1,5,248.40487821,0,21,17.805848892,bad
20500,113963,131135,HomeImp,Self,3,1,0,243.68060389,1,26,143.94960495,bad
20500,52031,64975,NA,Other,2.5,1,3,105.53333333,2,33,NA,bad
20500,106839,144460,DebtCon,Other,13,1,1,107.67138171,4,49,39.687089435,bad
20500,85884,103546,DebtCon,Other,5,9,0,39.985829576,5,16,34.068268927,bad
20600,52946,83558,DebtCon,Other,0,0,0,65.882879392,0,10,65.143593455,bad
20600,48500,72000,DebtCon,Other,17,0,0,NA,0,0,NA,bad
20800,70758,NA,DebtCon,Other,0,4,2,107.53333333,3,19,NA,bad
20800,176235,209695,DebtCon,Other,9,3,0,159.70677027,0,25,38.591939971,bad
20900,55000,79900,HomeImp,Other,2.5,0,0,45.631135531,1,14,NA,bad
20900,66575,79416,DebtCon,ProfExe,13,2,1,107.26951261,7,28,28.382337015,bad
20900,122807,150896,DebtCon,Other,5,0,0,123.4795377,2,13,30.424481104,bad
20900,61402,88659,DebtCon,ProfExe,9,3,0,164.24893233,1,63,40.921433337,bad
21000,113954,136249,DebtCon,Office,2,0,0,97.544252184,13,14,33.620883435,bad
21000,48735,71694,DebtCon,Other,8,0,0,48.498970842,3,10,32.921400637,bad
21000,NA,55000,DebtCon,Other,7,NA,NA,NA,NA,NA,NA,bad
21000,110000,138000,DebtCon,Mgr,16,8,2,154.2,3,30,NA,bad
21000,69231,95000,DebtCon,ProfExe,8,0,7,116.7,1,22,NA,bad
21000,96000,125000,DebtCon,Sales,0.3,1,NA,116.9,1,19,NA,bad
21000,42000,67000,DebtCon,Office,7,0,0,65.966666667,2,18,NA,bad
21000,52411,90031,NA,ProfExe,5,2,1,90.425474601,3,24,41.966249467,bad
21100,72000,98000,DebtCon,Office,6,0,2,79.166666667,4,29,NA,bad
21200,69212,106273,DebtCon,ProfExe,12,0,1,97.2311228,0,22,18.11489583,bad
21200,70000,101250,DebtCon,Other,1,1,0,43.6,7,49,NA,bad
21300,103989,143796,DebtCon,Other,9,2,0,135.23283605,3,20,44.382577891,bad
21400,166244,212505,DebtCon,ProfExe,4,2,7,183.5480397,4,24,38.149059231,bad
21400,104657,147364,DebtCon,Other,7,2,0,149.25448005,2,20,46.305072149,bad
21400,95147,132304,DebtCon,Office,7,1,5,206.12766482,1,18,36.235665389,bad
21500,84048,115705,DebtCon,ProfExe,10,NA,1,122.28979153,1,30,49.379729141,bad
21600,144276,190797,DebtCon,Mgr,0,1,4,313.42732166,2,18,37.971354949,bad
21600,154991,NA,DebtCon,Self,NA,2,4,165.60083001,0,43,38.014917273,bad
21700,92382,168708,NA,Mgr,13,2,5,249.24276294,NA,24,29.369026403,bad
21700,24984,92297,DebtCon,Other,26,0,6,238.36963726,1,20,16.397160872,bad
21800,21000,45000,NA,ProfExe,20,0,0,256.7,1,19,NA,bad
21800,99753,128000,HomeImp,ProfExe,15,1,2,286.1,3,26,NA,bad
21800,76324,102287,DebtCon,Office,6,0,1,61.641325377,4,29,41.03238603,bad
21900,52735,75372,DebtCon,ProfExe,5,0,1,217.02094018,6,23,34.015914976,bad
21900,108000,144940,DebtCon,Other,13,0,0,260.76666667,1,22,NA,bad
22000,82000,12500,DebtCon,ProfExe,3,0,0,117.76666667,6,23,NA,bad
22000,74200,109800,DebtCon,ProfExe,1,1,0,317.53333333,4,42,NA,bad
22000,96127,122000,DebtCon,Mgr,24,0,2,301.3,3,36,NA,bad
22000,92000,NA,DebtCon,Office,4,NA,12,218,1,39,NA,bad
22000,124000,155000,DebtCon,Sales,1,NA,7,130.3,NA,55,NA,bad
22100,57000,83000,DebtCon,Other,7,0,0,NA,0,0,NA,bad
22300,NA,135000,DebtCon,Office,9,NA,NA,NA,NA,NA,NA,bad
22300,75600,102000,DebtCon,Mgr,5,0,1,64.933333333,2,28,NA,bad
22300,71800,100000,DebtCon,Sales,0.1,0,0,220.13333333,1,26,NA,bad
22400,51470,68139,DebtCon,Mgr,9,0,0,31.16869601,2,8,37.952179906,bad
22400,15765,40456,HomeImp,Other,0,1,3,117.66666667,0,12,NA,bad
22400,25585,54049,NA,ProfExe,20,0,0,251.35800302,0,19,25.202706374,bad
22400,NA,139654,DebtCon,Office,10,NA,NA,NA,NA,NA,35.236265235,bad
22500,60700,91000,DebtCon,Self,13,0,0,145.06666667,6,29,NA,bad
22600,69675,92300,DebtCon,Other,16,0,6,240.43333333,0,30,NA,bad
22600,155056,187000,DebtCon,Mgr,0.1,0,0,253.6,0,27,NA,bad
22600,78975,103374,DebtCon,Mgr,11,0,0,259.31975498,1,14,27.744055511,bad
22700,94601,99755,DebtCon,Other,3,0,0,129.56430076,0,16,37.969304541,bad
22800,129697,167475,DebtCon,ProfExe,5,0,1,202.60380291,1,18,22.043933842,bad
22900,67312,95000,HomeImp,Mgr,3.9,0,2,122.76666667,0,32,NA,bad
22900,161754,193666,DebtCon,Mgr,2,0,0,260.25108099,0,27,30.278929391,bad
23000,58577,69327,NA,Other,4,0,2,110.4144797,2,33,133.52827043,bad
23000,72638,109183,DebtCon,ProfExe,2,0,0,177.61164796,2,22,48.277591224,bad
23000,163805,216500,HomeImp,Self,3.5,NA,NA,NA,NA,NA,NA,bad
23000,56000,92000,DebtCon,Other,8,1,4,69.133333333,2,27,NA,bad
23000,47000,78000,DebtCon,Other,17.8,2,1,100.46666667,0,28,NA,bad
23000,32000,55000,DebtCon,Other,0.4,0,0,211.03333333,0,23,NA,bad
23200,129355,171709,DebtCon,ProfExe,0,0,0,328.51412138,0,30,40.048440044,bad
23200,14511,81579,DebtCon,Other,7,0,3,272.938299,0,23,47.120580493,bad
23300,36000,NA,DebtCon,Other,19,4,0,113.56666667,2,20,NA,bad
23300,84083,107407,DebtCon,Self,2,0,1,153.23333333,6,23,NA,bad
23300,71734,100072,DebtCon,ProfExe,6,0,7,122.79944314,0,21,34.530438587,bad
23300,103783,132612,DebtCon,Sales,1,0,NA,120.34796658,0,19,203.31214869,bad
23500,52457,77436,DebtCon,Other,16,0,0,NA,0,0,33.568766269,bad
23500,54816,87000,DebtCon,Other,3.5,0,1,223.2,0,17,NA,bad
23500,NA,143168,DebtCon,Office,10,NA,NA,NA,NA,NA,35.733567331,bad
23500,NA,116983,HomeImp,Other,NA,0,1,143.4146448,0,10,35.060319852,bad
23700,43712,75191,DebtCon,Office,6,0,0,50.717534833,2,18,37.10325125,bad
23700,76000,106000,DebtCon,Sales,2.6,1,0,138.96666667,2,38,NA,bad
23800,19612,77300,DebtCon,ProfExe,15,0,6,173.46666667,0,19,NA,bad
23800,55753,87971,HomeImp,Other,1,0,0,56.667099395,0,13,64.775727757,bad
23800,9124,41900,DebtCon,Other,28,0,2,120.73333333,1,16,NA,bad
23900,NA,105700,DebtCon,Other,0.8,NA,NA,NA,NA,NA,NA,bad
24000,88783,116967,DebtCon,Self,2,0,0,171.50625674,5,23,56.961838569,bad
24000,19500,38000,DebtCon,Other,NA,0,1,198.9,NA,17,NA,bad
24000,35000,NA,DebtCon,Self,3,1,0,177.5,0,16,NA,bad
24000,136000,NA,DebtCon,ProfExe,3,1,6,303.29428571,1,27,NA,bad
24000,18655,48800,HomeImp,Other,3,0,0,65.966666667,3,12,NA,bad
24100,164155,225184,HomeImp,Self,2,NA,NA,NA,NA,NA,31.564226916,bad
24100,30951,58000,DebtCon,Mgr,11,0,4,36.5,0,12,NA,bad
24200,10286,NA,DebtCon,Other,24.5,0,1,216.13333333,4,32,NA,bad
24200,121000,162900,DebtCon,Self,13,1,1,151.93333333,1,35,NA,bad
24200,37500,NA,NA,ProfExe,4,0,0,123.8,0,14,NA,bad
24200,39808,NA,DebtCon,Self,3,1,0,184.72511268,0,16,51.630380591,bad
24400,119000,144400,DebtCon,Mgr,33,0,2,229.3,7,36,NA,bad
24400,88000,119100,HomeImp,Other,12,0,0,84.233333333,5,19,NA,bad
24400,69873,101484,DebtCon,Other,15,0,6,225.7525542,0,29,NA,bad
24500,95736,134000,HomeImp,Mgr,1.5,0,1,122.5,2,20,NA,bad
24600,75636,112956,DebtCon,ProfExe,1,1,0,318.54616542,3,42,NA,bad
24700,79347,108238,DebtCon,Other,0,1,0,45.62588779,6,49,46.996034289,bad
24800,132000,165000,DebtCon,Mgr,19,0,0,187.66666667,4,35,NA,bad
24800,37200,67000,DebtCon,Other,10,1,8,242.46666667,4,23,NA,bad
24800,76220,102087,HomeImp,Mgr,6,0,1,126.64101955,0,32,48.569574037,bad
24900,62191,83694,HomeImp,Other,3,0,0,55.937512295,0,14,62.110721871,bad
24900,77000,115006,DebtCon,Other,10,0,0,293.23333333,0,36,NA,bad
25000,74800,105000,DebtCon,Mgr,10,0,5,163.3,2,46,NA,bad
25000,47032,75957,DebtCon,Other,9,0,7,259.46652785,3,22,40.787975749,bad
25000,70150,NA,DebtCon,Office,4,2,NA,104.53333333,0,7,NA,bad
25000,98500,130000,DebtCon,Other,5,0,1,201.83333333,4,43,NA,bad
25000,46451,89600,DebtCon,Office,10,1,2,95.366666667,2,15,NA,bad
25000,71081,112500,DebtCon,Mgr,3,2,0,87.2,1,27,NA,bad
25000,NA,NA,DebtCon,Other,22,0,2,203.2,0,23,NA,bad
25000,26743,57000,DebtCon,Other,2,0,0,90.6,3,19,NA,bad
25000,110048,NA,DebtCon,Other,1,0,1,126.4,2,24,NA,bad
25000,110676,NA,DebtCon,Sales,8,2,0,119.36666667,0,6,NA,bad
25000,184000,232760,DebtCon,Other,4,0,4,230.1,2,44,NA,bad
25000,160000,220000,DebtCon,Other,7,0,6,228.06666667,2,35,NA,bad
25000,82000,128325,DebtCon,Mgr,NA,0,1,10.133333333,NA,41,NA,bad
25000,95000,127000,HomeImp,ProfExe,15,1,2,296.2,2,27,NA,bad
25000,105750,141000,HomeImp,Office,15,1,2,305.36666667,2,14,NA,bad
25000,NA,72970,DebtCon,ProfExe,1.8,4,0,198.8,0,18,NA,bad
25000,117500,165000,DebtCon,ProfExe,17.5,0,3,239.4,1,27,NA,bad
25000,123184,200000,DebtCon,Other,12,0,1,160.3,1,32,NA,bad
25000,90000,128000,DebtCon,Other,10,1,1,73.033333333,5,40,NA,bad
25000,NA,48700,DebtCon,ProfExe,11,0,3,41.566666667,3,6,NA,bad
25000,101250,135000,DebtCon,Self,3,0,0,301.3,4,46,NA,bad
25000,175225,211000,DebtCon,ProfExe,13,1,2,148.13333333,4,53,NA,bad
25000,86000,NA,DebtCon,Other,14,1,0,144.03333333,2,40,NA,bad
25000,59000,34000,DebtCon,Sales,10,4,2,125.83333333,7,23,NA,bad
25000,106282,167500,HomeImp,ProfExe,14,2,4,198.86666667,2,28,NA,bad
25000,68000,NA,DebtCon,Other,8,NA,1,134.76666667,3,33,NA,bad
25000,191600,231000,DebtCon,Other,NA,NA,3,106.8,1,27,NA,bad
25000,59841,108620,NA,Self,20,0,0,101.46666667,0,4,NA,bad
25000,132000,165000,DebtCon,ProfExe,10,0,0,196.83333333,1,29,NA,bad
25000,122000,151200,DebtCon,Office,1,1,6,262.33333333,3,30,NA,bad
25000,104000,188500,DebtCon,Other,0.7,0,11,194.8,1,14,NA,bad
25000,86000,120000,DebtCon,Mgr,6,2,1,105.53333333,8,16,NA,bad
25000,11300,154340,DebtCon,Other,19,1,5,119.66666667,1,21,NA,bad
25000,39000,72500,DebtCon,Other,3,0,1,114.66666667,3,22,NA,bad
25000,112000,157000,DebtCon,Office,5.5,0,0,63.9,3,9,NA,bad
25000,103700,172762,DebtCon,Other,4,0,0,NA,0,0,NA,bad
25000,75110,114208,DebtCon,Mgr,3,2,0,83.052647472,1,27,45.743949059,bad
25400,136322,NA,DebtCon,ProfExe,2,0,5,303.73793473,1,27,16.644674498,bad
25400,107343,192642,DebtCon,Other,1,0,10,192.6716931,1,14,35.759760239,bad
25400,83943,129189,DebtCon,Mgr,NA,1,1,5.2433410438,NA,41,42.93355731,bad
25500,63967,87239,DebtCon,Other,6,0,0,NA,0,0,33.051073753,bad
25500,25828,44166,DebtCon,Other,NA,0,1,187.86251838,NA,17,39.427890157,bad
25600,46000,80000,DebtCon,Other,NA,0,0,135.9,2,19,NA,bad
25600,105480,126389,DebtCon,Mgr,25,0,2,307.40290366,2,35,36.763824165,bad
25600,50910,87358,DebtCon,Other,19,2,0,104.40647219,0,27,42.677450653,bad
25600,65030,92453,DebtCon,Other,5,0,0,NA,0,0,35.028856424,bad
25700,32613,63065,DebtCon,Other,0,0,0,218.48527507,0,22,41.210107042,bad
25900,42105,73249,DebtCon,Other,2,0,0,109.21115611,3,22,31.809085921,bad
25900,NA,NA,DebtCon,Other,20,0,2,190.99656481,0,22,31.16238948,bad
25900,58000,95000,NA,Self,3,0,1,34.666666667,6,28,NA,bad
25900,21852,57518,HomeImp,Other,2,0,0,80.168479422,2,11,31.983686037,bad
26000,43314,71303,DebtCon,Other,8,0,7,246.31867494,3,23,43.215233511,bad
26000,79714,NA,DebtCon,ProfExe,1,0,4,125.76666667,0,23,NA,bad
26000,154000,190000,NA,Other,0,0,4,171.43333333,3,58,NA,bad
26100,73525,NA,DebtCon,Office,3,1,NA,106.65229841,0,6,22.508172514,bad
26200,51599,87148,DebtCon,Other,NA,0,0,129.93392053,2,19,NA,bad
26500,61223,92255,DebtCon,Other,2,0,1,214.03253889,0,17,1.8555399803,bad
26500,14000,45000,DebtCon,Other,0,0,0,195.23333333,1,7,NA,bad
26500,82859,NA,HomeImp,Office,0.4,2,0,177.5,0,22,NA,bad
26600,62895,103000,DebtCon,Self,1,0,5,187.46666667,2,34,NA,bad
26600,84843,115850,DebtCon,Sales,2,0,0,137.53887762,2,37,42.571889924,bad
26800,89146,128923,DebtCon,Mgr,7,2,1,114.46195526,7,16,2.8302971697,bad
26800,138216,170052,DebtCon,ProfExe,10,0,0,199.73871138,1,29,76.421478047,bad
26800,18459,53907,DebtCon,Other,0,0,0,200.41702708,0,6,71.512110567,bad
26900,69000,106500,DebtCon,Sales,0.6,0,1,115.7,2,19,NA,bad
27000,79218,115721,DebtCon,Other,9,0,0,280.3437201,0,35,33.227763077,bad
27000,124000,162000,DebtCon,Other,0.8,0,2,166.36666667,1,34,NA,bad
27100,63844,101000,DebtCon,Other,8,1,1,128.8,0,22,NA,bad
27200,61118,35184,DebtCon,Sales,10,4,2,134.6489043,7,23,45.25528966,bad
27300,106221,137727,DebtCon,Self,3,0,0,300.57451085,3,45,32.560359399,bad
27400,113364,146520,HomeImp,Office,16,1,1,284.3680179,2,13,34.627659402,bad
27400,23939,56874,DebtCon,Office,3,0,1,197.8,0,11,NA,bad
27500,137900,184000,DebtCon,Office,10,0,0,NA,0,0,NA,bad
27500,97601,136546,DebtCon,Other,9,0,0,80.497147072,5,39,NA,bad
27700,97834,132396,HomeImp,ProfExe,18,0,2,303.95191452,2,26,6.8870241268,bad
27700,NA,65635,HomeImp,Other,18,0,3,221.1,1,28,NA,bad
27700,61396,111627,NA,Self,20,0,0,87.002500108,0,4,84.61388869,bad
27700,19300,39000,DebtCon,Mgr,12,3,0,212.06666667,0,46,NA,bad
27700,83300,NA,HomeImp,Mgr,20,1,4,247.93333333,1,19,NA,bad
27700,85285,116468,DebtCon,Other,9,0,0,312.80792835,0,36,35.96802437,bad
27900,62264,39604,DebtCon,Sales,10,3,1,118.77826456,7,23,48.077531472,bad
27900,90694,121543,DebtCon,Mgr,5,2,1,107.04625061,8,15,0.8381175254,bad
28000,86600,127000,DebtCon,ProfExe,6.5,0,4,234.36666667,5,35,NA,bad
28000,28042,63500,DebtCon,ProfExe,14,2,4,121.73333333,4,28,NA,bad
28100,61000,99000,DebtCon,Mgr,7,0,1,129.16666667,1,31,NA,bad
28100,72100,112000,DebtCon,ProfExe,20,4,1,120.73333333,1,58,NA,bad
28100,75768,NA,DebtCon,Other,9,NA,0,133.12186695,3,33,46.751800109,bad
28200,66242,109762,DebtCon,Other,8,0,1,130.96956536,0,21,60.295413494,bad
28300,104686,136033,HomeImp,ProfExe,13,0,2,291.17166139,1,27,5.7629948717,bad
28500,108293,135317,DebtCon,Other,5,0,0,219.61525186,4,43,31.209731086,bad
28600,126189,167157,DebtCon,ProfExe,19,0,2,239.22703591,0,26,31.012748928,bad
28700,25190,59841,DebtCon,Office,1,0,1,201.17678326,0,11,35.72928694,bad
28900,63748,36392,DebtCon,Sales,9,4,1,124.24789861,6,23,44.578500055,bad
29000,149900,201000,NA,Self,5,4,4,131.93333333,1,29,NA,bad
29000,79000,NA,HomeImp,ProfExe,8,0,1,189.7,1,33,NA,bad
29000,72478,113000,DebtCon,Other,1.5,0,6,114.66666667,4,12,NA,bad
29000,101824,NA,DebtCon,Mgr,4,2,4,186.7,0,14,NA,bad
29400,48800,86000,DebtCon,Other,5,1,0,52.766532731,2,21,NA,bad
29500,118000,169900,DebtCon,Mgr,8,0,0,138.96666667,1,23,NA,bad
29900,22000,NA,DebtCon,Other,2,2,0,81.133333333,11,10,NA,bad
30000,NA,50000,HomeImp,Office,4,0,1,118.66666667,1,15,NA,bad
30000,17696,53100,DebtCon,Mgr,20,4,5,147.86666667,0,28,NA,bad
30000,176000,240000,DebtCon,ProfExe,1,1,0,198.86666667,2,13,NA,bad
30000,NA,46200,NA,NA,0,1,3,200.93333333,10,15,NA,bad
30100,92249,NA,HomeImp,Office,2,1,0,180.68015364,0,21,31.089120287,bad
30200,36000,73500,DebtCon,Office,14,0,1,202.96666667,0,33,NA,bad
30200,80951,116160,DebtCon,ProfExe,19,4,0,130.36036182,0,58,50.352998788,bad
30300,NA,52545,NA,NA,1,1,3,187.72218451,10,15,2.5943644469,bad
30500,18375,61738,DebtCon,Mgr,20,3,5,141.70313332999999,0,28,45.354788696,bad
30800,147577,187129,DebtCon,Office,11,0,0,NA,0,0,42.362252638,bad
30900,106717,NA,DebtCon,Mgr,4,2,4,172.43235473,0,13,47.795906106,bad
31000,67794,103535,DebtCon,Mgr,7,0,1,116.89898988,1,31,44.065428782,bad
31000,30000,72000,DebtCon,Mgr,20,2,0,127.3,1,14,NA,bad
31200,38352,80550,DebtCon,Mgr,21,1,0,116.4379076,0,14,35.38186329,bad
31500,16800,NA,DebtCon,NA,12,1,2,110.63333333,4,20,NA,bad
31500,15391,NA,HomeImp,NA,2.6,6,1,57.833333333,0,8,NA,bad
31500,22100,35000,DebtCon,Other,1.9,2,0,85.233333333,2,14,NA,bad
31500,16000,43040,DebtCon,Other,0,1,1,98.433333333,1,11,NA,bad
31800,60279,97875,DebtCon,Mgr,6,0,11,312.43333333,0,46,NA,bad
32000,33148,69965,DebtCon,ProfExe,13,2,4,112.51086544,3,27,36.021508666,bad
32000,92400,215000,NA,Self,2.5,1,3,165.33333333,1,40,NA,bad
32300,167000,221100,DebtCon,Mgr,4,0,0,185.7,3,21,NA,bad
32400,103000,149500,DebtCon,Mgr,12,1,0,88.233333333,2,38,NA,bad
32900,NA,55657,NA,NA,1,1,3,210.01226479,10,15,1.909225163,bad
33000,153000,164000,DebtCon,Office,9,0,0,117.66666667,4,32,NA,bad
33100,111917,156552,DebtCon,Mgr,12,0,0,107.2948996,2,37,41.441548663,bad
33200,36705,78040,DebtCon,Mgr,19,2,0,120.09014303,0,13,35.015748716,bad
33400,59000,85000,HomeImp,Self,2,0,7,240.43333333,3,26,NA,bad
33500,54079,66261,HomeImp,Mgr,15,4,0,142,0,14,NA,bad
34400,155536,169503,DebtCon,Office,10,0,0,107.7099227,4,32,58.826929601,bad
34600,169960,224716,DebtCon,Mgr,2,0,0,182.06846112,2,21,32.710204856,bad
34800,121399,164000,DebtCon,Office,11,0,1,208,2,34,NA,bad
35000,227000,316000,HomeImp,ProfExe,3,0,0,160.26666667,1,25,NA,bad
35000,391000,505000,DebtCon,ProfExe,4.5,0,0,192.76666667,0,22,NA,bad
36000,124000,176000,DebtCon,Other,21,NA,NA,257.7,5,35,NA,bad
36100,233417,324987,HomeImp,ProfExe,4,0,0,152.24542792,0,25,21.862938911,bad
36500,84978,125000,DebtCon,Self,10,0,1,213.06666667,0,64,NA,bad
36600,397299,512650,DebtCon,ProfExe,4,0,0,197.51668389,0,21,43.458327417,bad
36800,125894,172184,DebtCon,Office,11,0,1,214.73116034,1,33,43.847543717,bad
36900,111151,155000,HomeImp,ProfExe,12,0,0,137.96666667,0,40,NA,bad
37000,93378,145000,DebtCon,Sales,15,NA,2,368.7,1,27,NA,bad
37300,68789,86172,HomeImp,Self,2,0,6,235.63790564,2,25,114.0505277,bad
38000,24447,NA,DebtCon,Office,3,0,4,134.9,2,25,NA,bad
38000,106000,160000,DebtCon,Other,24,0,6,240.46666667,0,33,NA,bad
38000,290000,364000,DebtCon,ProfExe,0.3,0,0,126.83333333,6,32,NA,bad
38000,94083,132791,DebtCon,Self,10,0,1,212.99272796,0,64,62.801732089,bad
38700,NA,60000,DebtCon,Other,0,0,0,235.36666667,1,15,NA,bad
38700,119847,162365,HomeImp,ProfExe,13,0,0,149.80279545,0,39,47.915112415,bad
38800,31976,NA,DebtCon,Office,2,0,3,134.54388598,1,24,NA,bad
38900,120006,160771,HomeImp,ProfExe,13,0,0,137.6353734,0,40,46.701585238,bad
39000,399412,511164,DebtCon,ProfExe,5,0,0,181.96240081,0,21,43.730031852,bad
39000,3372,41500,HomeImp,ProfExe,4.3,0,0,326.66666667,6,15,NA,bad
39300,NA,62158,DebtCon,Other,0,0,0,238.87412923,1,14,1.0289309682,bad
39400,162000,235000,DebtCon,Mgr,10,3,4,77.1,0,21,NA,bad
39500,NA,50000,DebtCon,Other,7,0,0,51.766666667,0,14,NA,bad
39600,NA,44000,DebtCon,Other,NA,0,3,214.03333333,1,16,NA,bad
40000,76769,129000,DebtCon,Sales,30,0,0,286.3,2,35,NA,bad
40000,147224,225000,DebtCon,Self,2,0,4,158.2,3,28,NA,bad
40000,53543,NA,DebtCon,Other,3.5,1,8,159.3,2,39,NA,bad
40000,4742,NA,DebtCon,Mgr,5,7,1,304.36666667,6,21,NA,bad
40000,120000,159000,DebtCon,Other,0,0,1,314.5,6,52,NA,bad
40000,159000,225000,HomeImp,Self,5,0,0,6.1333333333,8,3,NA,bad
40000,NA,850000,HomeImp,Other,17,0,0,186.66666667,1,24,NA,bad
40000,331000,415000,DebtCon,ProfExe,22,0,0,242.46666667,8,34,NA,bad
40400,83786,131000,DebtCon,Office,34,NA,13,210.6,3,36,NA,bad
40900,217000,290000,DebtCon,ProfExe,30,1,0,230.26666667,2,25,NA,bad
41200,48400,99500,DebtCon,Other,3,1,1,203.8,2,38,NA,bad
41300,42000,98000,DebtCon,ProfExe,12,0,0,222.2,0,23,NA,bad
41600,NA,44157,DebtCon,Other,NA,0,2,202.15154595,0,15,34.908631723,bad
41700,NA,854112,HomeImp,Other,16,0,0,180.60887818,0,23,42.071645383,bad
41700,NA,854114,HomeImp,Other,18,0,0,189.09937822,1,23,43.258778977,bad
41800,147416,227168,DebtCon,Self,2,0,4,157.66823593,3,28,NA,bad
42000,9999,50681,HomeImp,ProfExe,3,0,0,326.06798565,5,15,12.386741311,bad
42000,140000,NA,DebtCon,ProfExe,25,2,1,311.43333333,1,15,NA,bad
42000,65889,125000,HomeImp,Other,10,0,0,102.5,1,13,NA,bad
42000,102000,165000,DebtCon,Office,12,1,1,237.36666667,0,19,NA,bad
42400,220757,297444,DebtCon,ProfExe,30,0,0,237.58980224,1,25,44.471099035,bad
42800,9133,44083,HomeImp,ProfExe,5,0,0,333.91337361,5,15,13.417822254,bad
43200,217036,291222,DebtCon,ProfExe,30,0,0,228.14645828,1,25,43.789499295,bad
43300,NA,45924,DebtCon,Other,NA,1,1,207.3007302,0,17,33.678945978,bad
43300,217840,299171,DebtCon,ProfExe,31,0,0,232.27006776,1,24,43.1146909,bad
43500,NA,855909,HomeImp,Other,16,0,0,196.40363636,0,23,42.985408377,bad
44000,68600,125000,DebtCon,Self,5,0,2,92.3,0,23,NA,bad
44000,55604,101916,DebtCon,Other,3,0,1,194.23495289,2,37,43.338556593,bad
44400,67272,130818,HomeImp,Other,9,0,0,112.5918505,0,12,43.680965012,bad
45000,47321,115000,DebtCon,Other,NA,0,1,130.3,0,22,NA,bad
45100,67552,128659,HomeImp,Other,10,0,0,83.323113419,0,13,43.874079432,bad
45700,NA,50800,DebtCon,ProfExe,13,3,2,97.4,4,46,NA,bad
45900,52720,115224,DebtCon,Other,NA,0,1,126.11651831,0,21,NA,bad
46300,39800,41600,DebtCon,Other,NA,0,0,111.6,1,3,NA,bad
47000,192677,268000,DebtCon,Mgr,15,0,0,165.1,2,20,NA,bad
47000,164411,235500,DebtCon,Office,17,0,1,181.93333333,3,48,NA,bad
47000,159500,230000,DebtCon,Office,3,0,0,NA,0,0,NA,bad
47800,47354,119244,DebtCon,Other,NA,0,1,128.05109065,0,21,NA,bad
49500,247500,NA,NA,Other,0,0,4,160.33333333,2,25,NA,bad
49500,9000,55000,DebtCon,Other,3,0,0,NA,0,0,NA,bad
50000,69400,163000,HomeImp,Other,1.3,0,1,103.13333333,NA,13,NA,bad
50000,235000,295000,HomeImp,Mgr,6,0,1,110.56666667,8,23,NA,bad
50000,220528,300900,HomeImp,Self,5,0,0,0,0,2,NA,bad
50000,202601,288000,DebtCon,ProfExe,3,1,1,160.66666667,2,30,NA,bad
50000,38000,NA,DebtCon,ProfExe,26,7,6,150.2,0,25,NA,bad
50000,26976,NA,DebtCon,Mgr,8.3,1,0,111.6,1,6,NA,bad
50000,106000,NA,DebtCon,Mgr,0.8,0,2,252.63333333,3,32,NA,bad
50000,167000,245000,HomeImp,Self,22,1,7,267.9,2,24,NA,bad
50000,80286,145000,DebtCon,Other,12,NA,1,178.76659936,0,35,NA,bad
50000,160000,235000,DebtCon,ProfExe,0.3,0,0,184.7,0,41,NA,bad
50000,30338,NA,DebtCon,Mgr,8,0,0,91.431004854,0,5,35.084000935,bad
50100,256431,NA,NA,Other,0,0,4,142.34320495,2,25,3.342569837,bad
50200,34668,NA,DebtCon,Mgr,7,1,0,117.68254783,1,5,36.72448606,bad
50200,197770,271676,DebtCon,Mgr,16,0,0,146.86254129,1,20,42.926580203,bad
50400,168561,244322,DebtCon,Office,16,0,1,184.52328535,3,47,47.417376045,bad
50500,70318,172288,HomeImp,Other,0,0,1,106.20109859,NA,13,25.845263881,bad
53400,228236,305514,HomeImp,Self,6,0,0,11.148068505,0,2,34.558416715,bad
53600,235895,299772,HomeImp,Mgr,5,0,0,112.74828189,7,22,44.945929149,bad
53600,208197,297280,DebtCon,ProfExe,4,1,1,160.48525117,2,29,41.646731499,bad
53800,82324,154409,DebtCon,Other,10,NA,1,157.48401127,0,34,41.659044481,bad
56800,95321,169000,DebtCon,Other,3,0,0,239.43333333,4,38,NA,bad
60000,86573,159920,DebtCon,ProfExe,7,0,5,332.73333333,3,22,NA,bad
61400,46126,83800,NA,Other,33,0,1,339.9,1,23,NA,bad
63300,202000,281000,DebtCon,ProfExe,2,0,0,99.433333333,2,21,NA,bad
65500,205156,290239,DebtCon,ProfExe,2,0,0,98.808205619,1,21,144.18900129,bad
72300,NA,85000,DebtCon,Other,1,0,0,117.16666667,9,23,NA,bad
75400,NA,89609,DebtCon,Other,1,0,0,115.7635338,9,23,41.105568833,bad
76500,38206,90000,DebtCon,Other,12,0,0,134.9,0,26,NA,bad
77200,83962,215000,HomeImp,Self,8,1,2,71.533131923,3,14,NA,bad
77400,87651,224630,HomeImp,Self,9,0,2,73.469630013,3,13,40.929793264,bad
10500,34044,55784,DebtCon,Other,10,0,0,245.1308598,1,32,36.350329432,good
16900,116357,209364,DebtCon,Other,4,0,0,221.12855483,0,16,27.900263904,good
13600,67354,81255,DebtCon,Office,10,0,0,255.37875694,4,36,41.625398584,good
6500,NA,70886,NA,NA,NA,NA,NA,NA,NA,NA,23.47088075,good
25200,75037,102227,DebtCon,Office,9,0,0,148.72977821,0,21,37.239696741,good
5600,29648,39907,HomeImp,ProfExe,11,0,0,180.56306914,0,13,21.554949656,good
9000,50170,64309,DebtCon,Mgr,7,NA,3,120.43122609,2,11,39.975489828,good
9000,56930,67557,DebtCon,Other,0,0,1,118.69951614,2,18,36.686882044,good
7500,72097,69408,HomeImp,Sales,4,1,0,155.39196223,1,23,41.600983364,good
16500,44946,64918,HomeImp,Other,25,0,0,247.27840785,0,14,24.357949543,good
22800,NA,97634,HomeImp,Other,8,0,0,177.56974031,1,16,40.772248428,good
10100,47426,68820,DebtCon,Other,16,0,4,220.7609123,0,36,24.01951269,good
22100,33435,52340,HomeImp,Self,4,1,NA,134.0000742,NA,10,24.023930727,good
42600,22446,66485,DebtCon,Other,17,0,0,204.20363317,0,30,41.156275936,good
12500,93538,118369,DebtCon,ProfExe,0,0,1,132.82371179,0,33,34.833864806,good
13700,86161,106737,HomeImp,Other,22,0,0,135.33270363,4,23,29.409524029,good
8600,14762,66271,HomeImp,Office,25,0,0,318.14927755,1,13,42.276634205,good
11000,50716,61492,DebtCon,Other,3,0,1,90.230329762,0,20,38.255862022,good
22100,24000,49000,DebtCon,Other,14.4,0,0,109.56666667,2,25,NA,good
22800,52760,81362,NA,NA,NA,NA,NA,NA,NA,NA,38.024677319,good
18100,46145,72200,DebtCon,ProfExe,11,0,0,178.19207766,0,42,40.574022482,good
11900,85179,122788,HomeImp,Other,10,NA,NA,NA,NA,NA,39.430730627,good
15300,62094,96938,NA,ProfExe,9,0,0,NA,0,15,25.407142509,good
15800,103537,111139,DebtCon,Office,3,0,1,252.26775758,1,34,27.674063965,good
20000,126324,171450,NA,Mgr,26,NA,5,329.56666667,1,28,NA,good
24300,110442,138581,DebtCon,Mgr,9,2,0,175.15368945,4,17,40.348885329,good
9800,79405,111563,DebtCon,Office,0,0,0,240.94299363,1,38,19.332810029,good
4000,64240,63990,HomeImp,Sales,5,2,0,160.3,1,23,NA,good
17500,49968,68025,HomeImp,Office,3,0,0,126.07945262,0,18,34.10902705,good
13700,60623,83979,HomeImp,Other,NA,0,0,308.10854035,0,20,29.482527873,good
20500,87892,136867,DebtCon,Other,10,0,0,96.929644692,3,15,40.162919392,good
16000,62200,89200,DebtCon,Other,1.9,0,0,176.53333333,1,31,NA,good
23400,81379,105005,DebtCon,Other,NA,0,0,186.89092458,1,24,37.889768706,good
19000,75673,100335,HomeImp,ProfExe,8,0,0,93.159544907,0,16,33.518480526,good
12200,27118,87982,HomeImp,ProfExe,19,0,0,232.23699614,0,11,25.235438798,good
19600,85984,112721,DebtCon,Mgr,18,0,0,239.13779406,4,31,36.031180289,good
7000,58114,93391,HomeImp,ProfExe,6,0,0,200.07775507,1,24,31.736511786,good
5400,47844,52040,HomeImp,Office,8,NA,NA,189.03430464,NA,18,24.701136262,good
11700,37093,62116,DebtCon,Mgr,NA,NA,NA,NA,NA,NA,37.010948765,good
24100,57555,90732,DebtCon,Other,8,0,0,236.96199248,1,19,37.934877857,good
6800,57439,74816,HomeImp,Mgr,2,0,2,126.30323511,0,22,27.118653527,good
14600,58229,74027,DebtCon,Other,2,0,0,228.56035401,0,9,34.124242283,good
6400,70035,78635,DebtCon,Sales,3,0,0,147.07716353,0,31,31.206129763,good
20700,48134,78954,NA,NA,NA,NA,NA,NA,NA,NA,37.760482419,good
16200,62258,92595,DebtCon,Office,2,0,0,177.85421954,0,25,22.21960047,good
12100,31400,48000,DebtCon,Other,6,1,0,107.53333333,2,16,NA,good
21600,59219,98111,HomeImp,ProfExe,18,0,0,626.77139277,1,23,21.241684226,good
15500,93730,106841,DebtCon,Sales,13,NA,1,132.82057094,0,18,33.292973693,good
13700,32942,40143,HomeImp,Other,8,0,0,65.000742252,2,12,30.268368849,good
9500,21900,35250,HomeImp,Mgr,16,0,0,59.866666667,1,10,NA,good
18000,49255,61752,DebtCon,Other,8,0,0,122.06196718,3,49,30.033722382,good
17900,97335,167384,NA,Other,NA,0,NA,250.48710842,NA,24,39.15632328,good
18700,11886,63762,DebtCon,Sales,0,0,0,315.2604995,0,5,39.675833586,good
18500,NA,94125,NA,Other,NA,1,0,178.64563647,0,11,30.931410217,good
25600,111000,153000,DebtCon,ProfExe,7,0,0,112.63333333,3,27,NA,good
13500,67180,85634,DebtCon,Sales,5,0,0,147.35531256,0,35,28.522553371,good
18300,12169,93564,HomeImp,Other,13,0,1,274.48139853,0,23,30.269218177,good
25400,82553,107422,DebtCon,Mgr,9,1,0,305.75970536,2,29,32.72167844,good
17900,70444,95860,HomeImp,Office,7,NA,NA,95.684254766,0,11,38.142822739,good
22000,48000,80990,DebtCon,Mgr,6,0,0,262.73333333,2,26,NA,good
17300,65444,91244,DebtCon,ProfExe,8,0,0,202.04968272,0,19,21.573385223,good
8300,54039,89301,HomeImp,Other,18,0,0,173.19132242,0,28,26.266815752,good
9800,58936,78078,DebtCon,NA,19,0,0,152.14012571,0,11,32.188760518,good
11300,NA,28600,HomeImp,Office,20,0,0,190.03121757,0,15,39.008673024,good
30600,78355,124426,DebtCon,Mgr,11,0,0,81.223397569,1,34,25.942577765,good
12300,48866,73023,HomeImp,Office,11,3,1,251.62906201,1,29,32.876870739,good
25700,197425,242602,DebtCon,Other,8,0,0,102.96034553,2,26,41.277127172,good
13000,40996,58938,DebtCon,Mgr,NA,NA,NA,NA,NA,NA,35.809612733,good
24400,87838,104468,HomeImp,NA,6,NA,NA,NA,NA,NA,30.280354844,good
22400,16630,56824,DebtCon,Other,25,0,1,199.7384646,0,24,27.027787429,good
6400,81116,86148,HomeImp,ProfExe,8,0,0,262.17542613,0,11,42.068268179,good
6200,75623,89634,HomeImp,Other,24,0,0,324.68682941,0,47,28.285532103,good
70300,197761,294169,DebtCon,Self,9,0,0,212.23972489,2,24,28.907073332,good
15000,NA,87360,DebtCon,Office,28,0,0,323.63333333,0,16,NA,good
28800,132019,168828,DebtCon,Mgr,0,0,0,231.28613401,1,24,35.490305671,good
5900,NA,51189,HomeImp,NA,1,0,0,NA,0,0,12.749180645,good
17800,100277,163702,NA,Other,NA,1,NA,256.85447121,NA,24,36.354036449,good
15200,41049,50892,DebtCon,ProfExe,1,0,0,276.16735776,1,34,38.379833716,good
16900,47129,62342,DebtCon,Other,15,0,0,290.14892122,0,21,30.318596795,good
20500,53438,118731,DebtCon,ProfExe,14,0,0,258.52106943,0,20,26.146927186,good
15100,38549,59853,DebtCon,NA,5,0,0,104.18324735,2,9,29.141862813,good
18500,99474,127470,DebtCon,Office,22,0,0,287.00225626,3,16,30.996027629,good
15000,135442,175900,DebtCon,Mgr,11,0,0,247.56666667,0,21,NA,good
15500,116543,133986,DebtCon,NA,17,0,0,164.6813583,1,18,37.570819629,good
35500,142713,196335,DebtCon,ProfExe,21,0,0,191.86611752,1,22,35.647442566,good
17600,59347,68667,DebtCon,Office,0,0,0,185.27496096,0,25,30.052323948,good
7800,58364,66688,DebtCon,Other,3,0,2,114.51215796,3,18,37.929273869,good
33100,238018,44379,DebtCon,Mgr,3,0,2,195.36525989,3,49,40.415598855,good
6700,51855,58084,HomeImp,Office,21,0,0,193.75474567,0,19,19.549571698,good
28100,86778,110851,DebtCon,Office,9,0,0,398.4023372,0,44,41.04058878,good
23900,95060,134567,DebtCon,ProfExe,NA,0,0,194.25100609,0,20,27.157061267,good
20600,62531,96584,DebtCon,Office,1,0,0,146.83996796,0,21,33.945586146,good
7100,NA,74753,HomeImp,Office,2,0,0,48.854644654,0,4,41.302546904,good
8700,43759,50070,HomeImp,Mgr,19,1,1,218.9062534,0,17,34.058146802,good
11000,21780,85505,HomeImp,ProfExe,19,0,0,240.68258102,0,10,24.404335112,good
18000,74162,89823,DebtCon,Other,0,2,1,121.76146583,1,26,34.025207507,good
23400,48549,68957,DebtCon,Office,6,0,0,172.81072664,1,27,34.456762198,good
27300,44026,71597,DebtCon,Other,22,NA,1,287.22679628,0,30,38.486948668,good
8200,58536,66546,DebtCon,Other,1,0,2,118.39735837,2,17,34.71164955,good
42700,9330,67950,HomeImp,Office,NA,0,0,305.70315333,0,19,12.846006168,good
13900,63831,81378,DebtCon,NA,9,NA,NA,NA,NA,NA,24.371050483,good
5000,39000,50340,HomeImp,Office,10,NA,NA,179.83333333,NA,19,NA,good
14200,102789,123691,DebtCon,NA,3,0,0,127.06000805,1,26,31.338764479,good
17300,79412,114906,DebtCon,Mgr,17,0,0,247.3605705,4,30,36.536435564,good
15500,127793,158580,DebtCon,Mgr,NA,0,0,229.34507544,0,19,39.509681073,good
19000,107199,132723,DebtCon,ProfExe,7,0,0,91.371931685,0,13,31.442611616,good
25100,73398,115065,DebtCon,Other,5,0,0,88.606337474,2,31,42.050244454,good
22500,NA,24811,DebtCon,ProfExe,7,0,0,97.536619949,1,19,19.472272471,good
16000,133193,160919,DebtCon,Mgr,NA,0,0,223.33852108,0,18,37.301517501,good
9900,47367,114837,DebtCon,ProfExe,4,0,0,210.43553362,0,10,25.042108535,good
5200,43039,53521,HomeImp,Office,11,NA,NA,184.29668729,NA,19,24.414763177,good
10500,42003,53754,DebtCon,Other,16,0,0,84.551104187000007,0,12,32.342959321,good
19900,128219,162012,DebtCon,Office,1,NA,0,374.02376692,NA,52,37.888166956,good
6500,NA,37448,HomeImp,Other,NA,NA,NA,333.23089989,NA,11,29.011980578,good
4900,65873,90408,NA,Mgr,2,0,0,141.85899895,0,23,37.76961861,good
8200,72986,87621,DebtCon,Office,14,0,1,86.545727017,0,9,24.697430423,good
26900,72848,101736,DebtCon,Office,10,0,0,131.4096343,0,21,36.369027462,good
28200,76011,129352,DebtCon,Office,1,0,0,302.80326065,0,23,36.390473606,good
12900,55673,64582,DebtCon,Other,4,0,0,163.41663166,0,14,26.987437342,good
21300,55140,81692,DebtCon,Other,12,0,0,109.90068569,1,10,4.384983222,good
16800,102838,111319,DebtCon,Office,1,0,0,257.3285966,0,34,27.57659689,good
13200,77241,112904,DebtCon,Other,5,0,0,68.549045013,2,14,34.535243721,good
22700,NA,57156,DebtCon,Other,NA,0,0,289.54567264,0,19,40.162944538,good
42100,21137,65676,DebtCon,Other,21,0,0,194.34632446,1,31,43.205910577,good
9500,43210,59692,HomeImp,Other,1,1,NA,103.08948312,NA,13,38.704985068,good
15800,25344,79736,HomeImp,Other,NA,0,0,249.9837678,0,50,42.435562666,good
30500,10952,65166,DebtCon,Other,0,0,0,91.951603506,1,6,37.692624384,good
20800,107787,182140,DebtCon,Office,7,0,0,214.33056821,3,23,41.928469494,good
17200,7044,57831,DebtCon,Sales,0,0,0,330.97090434,0,6,37.943315139,good
12600,125688,198602,HomeImp,Office,0,0,1,344.7479335,0,16,39.483820073,good
42200,21427,61457,DebtCon,Other,19,0,0,183.48181171,1,30,39.864738809,good
17300,91350,107834,HomeImp,ProfExe,3,0,0,118.13306488,0,24,37.610845011,good
15200,59745,81269,DebtCon,NA,8,NA,NA,NA,NA,NA,26.985581223,good
18000,105000,172500,DebtCon,Office,6,0,0,219.16666667,4,24,NA,good
10600,72022,82238,DebtCon,Office,5,1,2,181.76894044,3,30,39.594148271,good
26400,59288,87753,DebtCon,Other,8,1,1,145.88249239,3,29,38.972486705,good
25800,82058,116330,DebtCon,ProfExe,11,0,1,128.44716991,0,18,27.98945739,good
14500,54927,63177,DebtCon,Other,3,0,0,178.93616767,0,14,27.062233476,good
21400,88147,115000,DebtCon,Self,3,0,0,213.23333333,2,27,NA,good
39700,59360,117186,DebtCon,Mgr,16,0,1,203.13996827,0,22,40.138090445,good
13200,69697,91722,HomeImp,Office,24,1,0,183.52372929,1,14,39.752171789,good
5100,85583,115341,HomeImp,ProfExe,7,0,0,177.95825512,1,28,26.257970132,good
10000,84580,118924,HomeImp,Office,31,0,0,341.94497562,2,37,35.248897631,good
16700,NA,56374,DebtCon,Office,1,0,0,73.428942397,1,9,40.829128728,good
12000,94000,112125,HomeImp,Office,2,0,0,143.03333333,1,22,NA,good
29800,134560,187551,DebtCon,ProfExe,1,0,0,225.09229867,1,19,39.211937494,good
15000,2619,57310,DebtCon,Sales,0.3,0,0,322.6,0,6,NA,good
28200,185607,227617,DebtCon,ProfExe,0,0,0,311.06275541,0,33,42.435284999,good
9500,55862,62965,DebtCon,Other,15,0,4,223.10391402,0,36,26.141178049,good
20000,99300,139150,HomeImp,ProfExe,10,0,0,162.36666667,1,23,NA,good
36800,35447,59890,DebtCon,Other,NA,0,0,NA,7,0,31.17384352,good
15900,90017,114267,DebtCon,ProfExe,8,0,0,205.21832935,2,36,41.230512181,good
12700,79383,107590,DebtCon,Other,5,0,0,78.299273534,2,14,33.581116502,good
18100,32554,92419,DebtCon,ProfExe,8,0,0,164.90961318,1,20,29.016609979,good
10800,11950,46780,HomeImp,Office,24,0,0,268.9,0,20,NA,good
5900,NA,66903,NA,NA,NA,NA,NA,NA,NA,NA,32.782926828,good
11900,85486,109386,HomeImp,ProfExe,11,0,1,175.54256546,0,28,33.670908179,good
18600,98200,123662,DebtCon,Office,0,NA,3,241.64223157,0,29,41.05065735,good
8800,NA,74928,NA,NA,NA,NA,NA,NA,NA,NA,23.988913066,good
22500,44228,86872,HomeImp,Other,24,0,0,256.28691889,1,6,26.853259022,good
12100,50100,66410,DebtCon,Other,3,0,0,176.00986434,0,14,28.548603692,good
10300,44941,60694,DebtCon,Other,2,0,0,85.681205116,0,20,39.53639781,good
36500,114350,164159,DebtCon,Other,NA,0,0,245.52325495,3,13,37.071332797,good
33900,128884,172094,DebtCon,Mgr,12,1,0,166.62473824,1,27,42.318899224,good
28400,46126,66942,DebtCon,Office,18,0,0,180.66830818,2,21,33.76903515,good
12700,130867,201245,HomeImp,Office,0,0,1,340.79534444,0,15,40.168827023,good
20800,156393,199881,DebtCon,Other,7,0,0,NA,2,16,30.923407463,good
8400,78089,90660,DebtCon,Mgr,9,0,0,118.63539467,0,22,27.09304112,good
21400,44573,80915,NA,NA,NA,NA,NA,NA,NA,NA,37.827218756,good
26000,81764,118388,DebtCon,ProfExe,9,0,0,130.19241813,0,18,28.154134662,good
15900,97478,120514,DebtCon,Office,1,NA,3,264.26091644,1,29,41.840275239,good
11400,125486,195284,HomeImp,Office,0,0,0,354.29028718,0,15,38.143068786,good
15700,58410,89082,DebtCon,Office,29,0,0,211.80567437,0,21,31.058372507,good
6300,55000,69000,DebtCon,ProfExe,13,0,0,130.06666667,0,20,NA,good
17700,93302,116668,DebtCon,Other,20,0,0,283.04094598,0,16,25.225910201,good
12800,49349,70078,DebtCon,Other,9,0,0,240.90805914,0,17,31.754053954,good
12900,52353,62740,DebtCon,Other,2,0,0,167.51551603,0,13,37.357581403,good
42300,367089,469771,HomeImp,ProfExe,3,0,0,310.05152353,4,14,42.603640874,good
23400,97865,120172,DebtCon,Self,2,0,0,200.57575228,1,26,36.398728722,good
10500,53537,66674,DebtCon,Office,4,0,0,83.503094799,2,11,37.098413449,good
11000,60123,74887,HomeImp,Other,3,0,1,242.24976115,2,16,37.680169764,good
28100,96160,128767,DebtCon,Office,10,0,1,154.67285803,0,29,41.117944577,good
21700,188525,234269,DebtCon,ProfExe,0,0,0,301.5210741,0,26,37.339520058,good
6400,47251,58157,HomeImp,Other,0,0,NA,104.79246836,NA,13,36.416886965,good
28000,62376,104073,DebtCon,Other,16,1,0,146.14192957,0,30,39.759849639,good
11900,44600,63800,DebtCon,Other,9,0,0,243.5,0,18,NA,good
13700,96225,112676,HomeImp,Office,2,0,0,144.53360587,1,22,38.781048258,good
9800,56188,90143,HomeImp,Other,17,0,0,171.41365835,0,29,25.621650412,good
13800,75142,95667,DebtCon,Mgr,19,0,0,230.45755435,10,24,33.383314175,good
17100,46953,69086,DebtCon,ProfExe,6,0,0,165.62778833,2,11,29.249143602,good
60000,122729,207797,DebtCon,ProfExe,9,0,0,313.33439671,2,27,35.028577921,good
8700,54283,58563,DebtCon,Office,3,0,1,91.446465165,3,11,38.590366936,good
38400,31458,71821,DebtCon,ProfExe,4,0,0,191.97555843,2,17,24.985362469,good
13200,155478,183646,HomeImp,Office,5,0,0,196.24137089,1,55,35.602875363,good
17400,123579,168243,DebtCon,Office,4,0,0,146.3520808,0,20,26.603511505,good
9100,62976,77829,HomeImp,Mgr,0,0,2,131.19349603,0,23,26.090418913,good
27000,50375,70656,DebtCon,Other,8,0,0,125.71604137,1,20,43.133844895,good
22800,96495,122362,HomeImp,Mgr,8,0,0,120.9792917,2,24,29.809835155,good
22900,41174,86851,HomeImp,Other,25,0,0,267.13260885,0,7,24.380389513,good
12900,19688,77998,DebtCon,ProfExe,20,0,2,407.26116688,0,12,22.839078993,good
26000,45963,74279,DebtCon,Other,20,NA,0,295.6669448,1,29,37.917272876,good
10900,57494,66704,DebtCon,Mgr,6,NA,NA,115.31274905,NA,24,39.510985743,good
19100,129111,197592,HomeImp,ProfExe,12,0,0,207.15517384,0,21,36.141777843,good
10000,22068,49600,HomeImp,Other,0.9,0,0,247.56666667,0,11,NA,good
5300,66987,65111,HomeImp,Sales,4,1,0,175.32870382,1,22,40.442570389,good
22300,52322,102958,DebtCon,Office,2,1,4,174.53641204,0,47,36.853084972,good
9700,59100,74986,HomeImp,Office,14,0,0,244.53333333,1,32,NA,good
5700,100934,111496,HomeImp,Office,23,0,0,117.49959288,0,12,38.750562668,good
13800,152441,184723,DebtCon,ProfExe,6,NA,0,217.24212905,3,25,40.827344633,good
11500,22758,36922,DebtCon,Office,7,0,1,103.04811711,0,16,19.020168304,good
9400,77715,101258,DebtCon,Mgr,2,0,0,65.876586717,1,23,38.108000987,good
13400,65662,92050,DebtCon,Other,2,0,0,20.759215295,1,3,42.009390078,good
10700,29569,47842,DebtCon,Other,12,NA,1,144.81717461,7,28,36.784582009,good
23500,NA,90205,HomeImp,Other,9,0,0,169.01497354,0,16,38.698735922,good
15300,109767,117552,DebtCon,ProfExe,0,0,0,125.9425923,0,30,37.68939304,good
23000,76561,111389,DebtCon,Mgr,8,0,1,301.23291075,2,28,30.346706109,good
10400,64336,77564,DebtCon,Office,4,2,3,188.78007609,2,30,39.699980465,good
28400,72870,95647,DebtCon,Office,11,0,0,139.04525472,0,20,37.820678455,good
13200,58549,81381,DebtCon,Office,13,0,0,94.687106657,0,24,38.412756136,good
11200,62752,73003,DebtCon,ProfExe,13,0,0,226.56590487,3,31,38.339798053,good
10100,137299,200339,DebtCon,ProfExe,0,0,0,66.357590464,2,23,35.2377013,good
6200,60354,87596,HomeImp,ProfExe,5,0,0,210.17306467,2,23,34.054811237,good
17500,85183,108948,HomeImp,ProfExe,4,0,0,125.10948564,1,25,37.103025992,good
17000,83248,95886,DebtCon,ProfExe,8,0,2,349.43007938,NA,41,36.05994724,good
16200,81933,131208,DebtCon,ProfExe,13,0,0,308.53202717,0,19,29.60368375,good
8000,61565,87624,DebtCon,ProfExe,14,0,0,203.9971364,0,17,23.562565007,good
7400,NA,54138,HomeImp,NA,1,0,0,NA,0,0,12.219679961,good
17100,104652,169076,NA,Other,NA,1,NA,270.58121434,NA,23,38.465227693,good
13000,80587,110064,DebtCon,Other,6,0,0,85.009196731,1,13,33.990039745,good
14300,21828,38000,DebtCon,Mgr,17,1,0,103.5,1,17,NA,good
11900,34222,59948,DebtCon,Office,24,0,0,228.0753508,1,29,25.728837383,good
16000,74459,103255,DebtCon,Other,6,3,0,72.864590397,1,21,24.935229965,good
6400,51436,91284,DebtCon,NA,4,0,0,209.64289843,2,30,31.971971208,good
15400,10074,57135,DebtCon,ProfExe,4,0,0,310.36675681,0,16,17.601206169,good
19300,51580,83518,DebtCon,Other,13,0,0,89.525931995,0,9,7.1484132133,good
30000,32657,76000,DebtCon,Other,NA,NA,NA,288.33333333,0,16,NA,good
53700,49669,63995,DebtCon,Office,12,0,1,92.966312748000007,2,26,40.101623422,good
14300,80299,123339,NA,NA,NA,NA,NA,NA,NA,NA,35.311170918,good
30300,18306,66747,DebtCon,Other,1,0,0,95.181437553,1,6,37.582898412,good
22600,61503,101786,HomeImp,ProfExe,17,0,0,622.35576774,1,24,21.686668612,good
7500,47518,60252,DebtCon,Other,16,0,3,220.62498387,0,37,26.711536473,good
9500,70000,85000,DebtCon,ProfExe,9,0,1,175.56666667,1,12,NA,good
51100,28312,82300,HomeImp,Other,3,2,0,269.33597552,6,14,41.087535376,good
71200,196601,289430,DebtCon,Self,12,0,0,226.91430725,2,25,29.220351072,good
9200,72859,88183,DebtCon,Mgr,8,0,0,105.65520523000001,0,23,29.007207774,good
17000,97713,164869,NA,Other,NA,0,NA,253.4763166,NA,23,36.452295794,good
16400,50941,78801,DebtCon,ProfExe,4,0,0,266.04079897,2,32,32.904357011,good
15500,28269,52822,HomeImp,Other,9,0,0,120.61092122,1,9,18.182891915,good
28400,150784,192411,HomeImp,Self,0,0,0,173.30549337,1,16,41.543254137,good
23900,NA,151738,NA,NA,NA,NA,NA,NA,NA,NA,16.426394706,good
15000,NA,68020,NA,NA,1,0,0,NA,0,0,1.920694367,good
12300,114457,144284,DebtCon,ProfExe,1,0,0,252.6592531,0,45,32.497145096,good
43700,NA,48535,DebtCon,Other,NA,6,NA,95.719805446,NA,19,26.981182976,good
23700,82983,106877,DebtCon,Other,NA,0,0,177.01767442,2,24,40.995208218,good
12100,67927,94126,DebtCon,Other,2,0,0,35.53887812,2,3,38.847597081,good
15800,NA,30395,DebtCon,Other,12,NA,NA,85.274033545,2,8,33.565263987,good
15000,96983,140487,HomeImp,ProfExe,15,0,0,132.42191904,4,21,35.348485897,good
27600,123121,157337,DebtCon,Mgr,2,0,0,283.28285346,0,24,36.948273863,good
25100,77088,111568,DebtCon,Mgr,7,0,0,288.00802523,2,29,32.550837642,good
11500,104610,118861,DebtCon,Other,18,0,1,203.70020243,1,16,37.596951452,good
21400,128095,167824,DebtCon,ProfExe,6,0,0,180.41735424,0,38,17.495700487,good
30800,15428,45495,DebtCon,Other,28,0,0,200.50912433,0,15,42.387985513,good
15500,56206,137388,DebtCon,Other,2,0,0,275.52354642,4,42,39.744298707,good
7200,NA,74610,HomeImp,Office,1,0,0,40.182134821,0,3,37.941253769,good
12700,77068,98436,HomeImp,ProfExe,7,0,1,148.28809958,0,34,33.463697469,good
15100,NA,53238,DebtCon,Other,NA,NA,NA,350.96116447000003,NA,16,34.055847665,good
10200,77571,102732,HomeImp,ProfExe,6,0,0,100.62966346,0,34,37.361513569,good
17800,38770,64357,DebtCon,Other,17,0,0,282.9357846,0,21,27.97949547,good
43300,NA,48908,DebtCon,Other,NA,5,NA,123.40285992,NA,19,28.192353244,good
31300,33658,76624,DebtCon,Other,NA,NA,NA,286.69628922,0,15,40.357373902,good
10600,80386,106526,HomeImp,ProfExe,1,0,0,64.066735538,1,19,34.104697064,good
40600,362909,466731,HomeImp,ProfExe,4,0,0,305.81241924,4,14,42.930339471,good
10400,39821,54040,HomeImp,Mgr,21,1,0,231.60541135,1,18,36.439736731000004,good
8400,43589,49950,DebtCon,Office,9,0,0,202.70454037,0,23,33.592318942,good
26800,96895,144482,DebtCon,Mgr,23,0,0,201.96787517,0,13,40.162160653,good
26400,122105,165000,DebtCon,Mgr,1,0,0,234.4,2,24,NA,good
14300,43826,70517,DebtCon,Other,0,0,0,260.08494491,0,20,28.839933481,good
10000,NA,69502,NA,NA,NA,NA,NA,NA,NA,NA,25.77278284,good
12400,203902,234454,HomeImp,ProfExe,9,0,0,213.45544748,0,22,33.64852105,good
20200,59347,97816,HomeImp,ProfExe,18,0,0,618.73589016,1,24,21.668642273,good
10600,31216,44716,DebtCon,Other,8,NA,1,149.19464754,6,29,37.88226039,good
41100,94600,151000,DebtCon,Other,15,NA,1,220.13333333,4,31,NA,good
21200,67272,107667,HomeImp,Other,5,0,0,224.12044079,0,12,30.510532094,good
26900,67144,92923,DebtCon,Other,16,0,0,89.112173485,1,17,32.791478032,good
35600,116080,163905,DebtCon,Other,NA,0,0,252.37103693,3,14,34.62775217,good
12300,50441,56656,DebtCon,Office,1,0,0,186.45101665,0,21,35.452607421,good
13900,NA,40881,HomeImp,Other,0,0,0,297.9070847,1,8,25.940710954,good
20900,58299,78684,DebtCon,NA,3,0,0,98.66282045,0,16,38.972003875,good
15900,38860,68912,DebtCon,ProfExe,9,0,0,250.92750292,1,16,22.175263227,good
13700,70018,89803,HomeImp,Office,24,0,0,154.75212087,1,13,39.389908828,good
10600,66590,77465,HomeImp,Other,1,1,0,110.77162319,0,6,39.735785258,good
20000,81800,106600,DebtCon,Mgr,24,NA,1,313.76666667,1,43,NA,good
11600,92613,108515,DebtCon,Other,11,0,0,206.8225881,3,16,39.111039466,good
25900,58693,86469,DebtCon,Office,1,0,1,94.12956341,0,23,32.127562739,good
11400,NA,38246,HomeImp,Other,NA,NA,0,88.886975341,0,10,37.658388771,good
5000,26037,35000,HomeImp,ProfExe,12,0,0,182.63333333,0,13,NA,good
25200,55823,90658,DebtCon,Office,0,0,0,85.314143075,0,22,35.571294933,good
30100,138322,186139,DebtCon,ProfExe,2,0,0,215.75086797,2,19,39.189141603,good
33600,233630,284049,DebtCon,ProfExe,4,0,0,218.99369621,0,30,14.072353758,good
28900,225000,285000,DebtCon,ProfExe,15,0,1,258.73333333,2,26,NA,good
30000,20000,38000,DebtCon,Other,0.9,0,0,59.833333333,0,7,NA,good
25200,63258,100392,DebtCon,ProfExe,0,0,0,194.70131583,0,25,35.274460982,good
16300,67524,85577,DebtCon,Other,8,0,0,75.434327987,3,11,31.761828777,good
6400,17491,63614,HomeImp,Office,23,0,0,325.29930871,0,12,40.244404369,good
10800,61791,78361,DebtCon,Office,5,0,0,94.518067782,2,15,28.088524645,good
9000,79259,84322,HomeImp,Other,22,0,0,359.33227239,1,47,29.671390341,good
15800,51281,144202,DebtCon,Other,1,0,0,285.9978979,4,43,41.538051097,good
12000,36346,54000,DebtCon,Other,NA,0,0,114.66666667,2,19,NA,good
15100,NA,57940,DebtCon,Office,0,0,0,86.894929919,1,8,38.850348541,good
17800,83080,108348,HomeImp,ProfExe,1,0,0,132.6098608,0,25,36.459087678,good
12200,90154,110479,DebtCon,ProfExe,9,0,0,196.92640591,2,37,43.189031502,good
27000,60631,86091,DebtCon,Other,24,0,2,200.14145359,1,20,26.248756632,good
18900,103130,120119,DebtCon,Other,7,0,0,292.7517427,1,19,30.681688914,good
22900,28217,52804,DebtCon,Other,14,0,0,109.36568457,1,25,30.587728164,good
12100,55147,72553,DebtCon,Other,0,0,0,229.40617542,0,10,35.867729634,good
27400,195497,246354,DebtCon,Other,8,0,0,89.264427411,1,25,39.664822994,good
24200,242111,266670,HomeImp,Self,6,1,0,243.00312872,3,51,36.575387744,good
28600,39009,75893,DebtCon,Mgr,12,1,0,85.625519988,6,15,33.975814412,good
5000,70470,77908,DebtCon,NA,5,NA,NA,NA,NA,NA,NA,good
32600,17918,40000,DebtCon,Mgr,7,0,0,45.666666667,0,7,NA,good
14700,35164,68061,DebtCon,ProfExe,5,0,0,245.67057762,1,16,23.112289816,good
8200,39175,55848,HomeImp,Office,10,NA,NA,161.66158225,NA,18,24.200111438,good
10000,57068,72000,NA,Other,12,0,0,257.7,0,27,NA,good
18900,NA,49442,DebtCon,Office,2,0,0,76.571848001,1,9,38.8759867,good
12600,85335,97094,DebtCon,Other,2,0,0,116.08660902,1,32,40.845246192,good
14400,64500,83000,DebtCon,Other,10,0,0,83.2,3,11,NA,good
12300,NA,50530,HomeImp,Mgr,5,NA,NA,163.54095996,NA,9,20.02628441,good
32700,39796,77819,DebtCon,Other,NA,NA,NA,294.43069578,0,15,40.237072957,good
16900,68940,88264,DebtCon,Office,0,0,0,166.10628148,0,25,24.955311418,good
10000,NA,49266,NA,NA,NA,NA,NA,NA,NA,NA,15.597290225,good
27200,101680,134864,DebtCon,Office,10,0,1,150.59619803,0,29,40.880494666,good
21800,133812,166893,DebtCon,ProfExe,6,0,0,169.76714449,0,37,20.059527176,good
16000,71861,95315,HomeImp,ProfExe,24,0,0,241.41251498,1,23,35.474773102,good
22200,9709,33926,DebtCon,Other,0,0,0,28.523782719,1,3,29.599780197,good
7400,75311,89905,DebtCon,ProfExe,0,NA,NA,NA,NA,NA,27.201999612,good
17600,39057,50933,DebtCon,ProfExe,6,0,0,239.20163009,1,35,39.301070716,good
6800,56155,57912,HomeImp,Office,21,0,0,206.30632134,0,20,21.798513082,good
7600,49926,58588,DebtCon,NA,5,NA,1,64.660106948,NA,16,35.051896774,good
10600,47701,66500,DebtCon,Other,10,0,0,103.01428965,0,23,37.310006097,good
30000,15214,38094,DebtCon,Other,26,0,0,199.46979091,0,15,39.549873804,good
15800,20665,43790,DebtCon,Mgr,8,0,0,108.41393655,0,11,22.826892443,good
16000,32918,52482,DebtCon,ProfExe,3,0,0,259.57102068,0,34,40.347343998,good
19800,69174,95154,HomeImp,ProfExe,6,0,0,59.459256192,0,16,31.254821634,good
24000,137000,204963,HomeImp,ProfExe,5,0,0,189.7,1,28,NA,good
19200,96401,115545,DebtCon,ProfExe,7,0,0,128.71451378,1,20,22.187289994,good
6300,44226,57779,DebtCon,NA,7,NA,0,63.626413251,NA,16,33.111829109,good
24100,184697,238729,DebtCon,ProfExe,2,0,0,317.69255678,0,26,37.782036284,good
7000,46225,59000,DebtCon,Other,16,0,4,219.13333333,0,37,NA,good
32800,37231,80347,DebtCon,Other,9,NA,NA,113.93659292,NA,24,32.170019623,good
21900,NA,80239,DebtCon,Sales,5,0,0,402.08681048,0,23,21.989945778,good
20900,133213,174787,NA,Mgr,26,NA,4,332.08282636,1,27,32.346398825,good
6200,45356,82054,DebtCon,NA,2,0,0,201.33448747,4,29,29.661710162,good
9400,26700,40150,HomeImp,Other,9,0,0,80.166666667,0,4,NA,good
16200,87248,116407,DebtCon,Other,20,0,0,270.0076812,1,16,24.543268816,good
14500,67956,80318,DebtCon,Other,1,0,0,233.39727318,2,26,31.316415415,good
17500,46636,72908,DebtCon,Other,7,0,0,110.23090719,3,15,41.512292086,good
27800,114417,150849,DebtCon,Mgr,5,0,0,285.38612641,0,24,38.581923865,good
18100,27239,39723,DebtCon,Mgr,17,0,0,111.53221405,1,16,24.449452808,good
10000,64375,72418,DebtCon,ProfExe,14,0,0,207.61730644,3,31,38.867949083,good
12300,112373,136202,DebtCon,ProfExe,16,NA,1,179.8829733,0,32,30.488268105,good
32900,37265,76154,DebtCon,Other,7,NA,NA,128.73114318,NA,23,34.857977062,good
4800,67317,97191,NA,Mgr,3,0,0,137.31972481,0,23,34.275293777,good
42600,13284,64273,HomeImp,Office,NA,0,0,310.39832249,0,19,15.249613012,good
16500,97010,128101,DebtCon,Mgr,9,NA,NA,250.68186198,2,41,36.933331164,good
16600,71096,104437,HomeImp,ProfExe,9,0,0,246.95963628,1,12,37.099532605,good
21300,133942,282972,HomeImp,Mgr,3,0,0,197.14819053,0,15,30.545400667,good
11500,29281,37717,HomeImp,Mgr,15,0,0,61.915444655,0,9,30.702428546,good
25700,63054,104624,DebtCon,Other,15,0,1,132.10711721,0,29,40.205292882,good
17300,110614,137552,DebtCon,ProfExe,6,0,0,85.232500724,0,13,31.344365522,good
10800,49254,80527,HomeImp,Other,2,0,2,202.53743039,0,13,29.551583139,good
22500,87361,140632,DebtCon,ProfExe,24,0,0,146.29617189,0,25,39.876769931,good
12700,72164,104220,DebtCon,Office,10,0,0,165.4307821,0,13,37.539963363,good
9300,30204,57036,NA,Other,30,0,0,235.49281298,0,19,23.137840556,good
27300,72314,118839,DebtCon,Other,5,0,0,99.693832459,1,31,42.343420263,good
21000,81848,109860,DebtCon,Other,NA,0,0,173.78616163,1,24,40.057527407,good
23900,90244,120751,DebtCon,Self,3,0,0,194.98725245,1,26,35.406059646,good
28200,NA,117181,DebtCon,Mgr,9,0,0,170.64615367,0,26,31.601436148,good
23900,85097,100730,HomeImp,NA,9,NA,NA,NA,NA,NA,29.508517268,good
17400,113890,135146,DebtCon,NA,16,0,0,174.10145958,1,17,37.6335491,good
15300,88251,103063,HomeImp,Other,18,0,0,127.56618833,3,23,28.171777473,good
12700,149272,176467,HomeImp,Office,7,0,0,191.90446359,1,55,33.902320006,good
22100,132417,170643,DebtCon,ProfExe,4,0,0,180.03687676,0,37,21.236090456,good
12100,96439,126328,HomeImp,Mgr,3,0,3,156.31913094,0,26,39.279313253,good
32800,13781,43371,DebtCon,Other,28,0,0,203.83930475,0,14,40.657779937,good
18000,94554,119000,HomeImp,Mgr,1,0,1,308.46666667,1,20,NA,good
22400,40605,76986,DebtCon,ProfExe,9,0,0,276.27591395,0,19,39.730192796,good
11600,73079,101219,HomeImp,ProfExe,7,0,0,152.249875,0,33,34.249620743,good
16800,56979,90008,HomeImp,ProfExe,10,0,2,178.92995639,1,12,27.816420302,good
8300,35343,51986,DebtCon,Other,10,0,0,242.81896695,1,31,37.966606016,good
18800,102120,165302,NA,Other,NA,0,NA,274.11292609,NA,24,40.105029842,good
23800,NA,55669,DebtCon,Other,NA,0,1,308.42512578,0,18,37.654075235,good
51300,NA,85255,HomeImp,Self,10,0,0,166.72793489,0,22,26.572625015,good
14800,64365,85272,DebtCon,Other,0,1,0,242.55236799,2,26,29.819634389,good
6000,69876,94394.07,HomeImp,Other,0,0,1,179.56666667,0,32,NA,good
9000,50866,73064,DebtCon,Mgr,5,NA,NA,118.57000497,NA,23,40.1860615,good
9800,32550,52554,DebtCon,Other,12,0,0,229.51274114,1,32,37.923088094,good
18800,7739,65181,DebtCon,Sales,0,0,0,315.23089754,0,6,37.983557776,good
8200,51730,59025,DebtCon,Other,16,0,3,220.81329019,0,37,24.380092654,good
8200,68013,77008,DebtCon,ProfExe,8,0,0,49.146922298,1,23,40.792589704,good
12500,83276,129116,DebtCon,Office,7,0,0,138.68795496,0,22,39.589961826,good
14700,82967,114835,NA,NA,NA,NA,NA,NA,NA,NA,34.478073974,good
17400,64163,84948,HomeImp,ProfExe,12,0,2,172.71116574,0,13,27.979694402,good
11600,33379,51821,NA,Other,31,0,0,247.1205918,0,19,23.661084029,good
5400,68625,82304,DebtCon,Sales,2,0,0,136.63294416,0,30,32.05002349,good
16000,66395,85782,DebtCon,Other,1,2,1,99.519217551,1,25,33.20696963,good
23700,NA,78812,DebtCon,Sales,4,0,0,412.02054674,0,24,25.637263088,good
13000,59000,83187,HomeImp,Other,NA,0,0,292.1,0,20,NA,good
25300,139427,245988,HomeImp,ProfExe,28,0,0,366.11015141,1,18,36.27844415,good
8600,22960,80874,HomeImp,ProfExe,20,0,0,238.70268339,0,11,25.887319897,good
24900,46116,77519,DebtCon,Other,9,0,0,120.08355192,1,19,42.929509267,good
9100,78210,86558,DebtCon,Mgr,8,0,0,92.111504281,0,23,28.167074697,good
21500,141688,184241,HomeImp,Mgr,8,0,0,311.42612789,0,16,44.590155228,good
17900,62697,89848,DebtCon,Office,7,0,0,113.05889691,0,19,24.072191356,good
30000,187000,293000,DebtCon,Other,28,0,0,156.63333333,0,23,NA,good
18000,NA,53365,DebtCon,Other,NA,NA,NA,340.46080102,NA,17,30.575650029,good
23500,48286,81958,DebtCon,Mgr,6,0,0,248.86009427,2,25,32.467300894,good
19500,8861,170687,HomeImp,Mgr,23,0,0,76.788495476,2,20,31.584002863,good
8400,35240,54314,DebtCon,Office,8,0,0,210.58001479,1,22,32.571867291,good
9900,117003,219783,HomeImp,ProfExe,1,0,0,130.76638619,0,14,25.622610897,good
20700,61710,86749,DebtCon,NA,2,0,0,114.01183854,0,16,40.762148778,good
11200,93649,113833,DebtCon,Other,13,0,0,205.11724572,3,16,39.126130259,good
23500,190239,233603,DebtCon,ProfExe,3,0,0,285.33129265,0,27,39.916482966,good
15000,46867,67529,DebtCon,Other,7,0,0,133.78758095,3,48,31.486460831,good
8000,58006,94930,HomeImp,ProfExe,4,0,0,223.20298954,2,24,30.913395837,good
29000,32109,49912,DebtCon,Other,34,0,0,278.56500343,1,23,39.796560762,good
21900,147638,193065,DebtCon,ProfExe,13,NA,NA,100.77592598,1,23,29.531444395,good
25200,51789,75569,DebtCon,Other,25,NA,1,281.9286846,1,30,40.874619093,good
18700,50354,79011,DebtCon,Other,1,NA,1,290.82702957,1,10,35.139034361,good
25100,46614,69750,DebtCon,Office,17,0,0,193.25257944,1,22,33.715351649,good
15100,101378,143229,HomeImp,ProfExe,12,0,0,129.53731519,4,21,36.776212768,good
18700,65458,84639,DebtCon,Other,0,1,2,97.146544029,2,25,33.690687903,good
23800,46884,68142,DebtCon,Other,8,0,0,59.405775058,1,18,35.696636225,good
30800,21172,37333,DebtCon,Other,30,0,0,208.49869628,0,15,41.358171066,good
13300,57878,69907,DebtCon,ProfExe,1,0,0,154.48481378,2,35,41.119153488,good
6200,NA,33909,HomeImp,NA,NA,NA,NA,NA,NA,NA,34.517404516,good
22700,36253,88461,HomeImp,Other,24,0,0,255.0887578,0,7,26.867617382,good
12200,136866,162906,HomeImp,ProfExe,4,0,0,427.92359149,0,43,30.182122904,good
27100,33649,63214,NA,Office,2,0,0,113.03673652,2,6,37.837863874,good
11800,52104,61618,DebtCon,Office,0,0,0,160.74993141,0,21,37.129512042,good
22100,84114,97775,HomeImp,NA,8,NA,NA,NA,NA,NA,NA,good
37700,31687,76454,DebtCon,ProfExe,5,0,0,192.35167019,2,18,23.873408822,good
9300,81986,94513,DebtCon,Other,2,3,0,NA,0,4,31.89390379,good
6600,68733,81973,HomeImp,Other,5,0,0,96.977667199,0,14,42.211046784,good
16500,64081,100796,HomeImp,ProfExe,22,0,1,243.94168588,1,24,38.327816354,good
11400,51203,60716,DebtCon,Other,2,0,0,99.104082616,0,20,38.235312929,good
20000,59936,12737,DebtCon,Other,5,NA,NA,63.395400361,0,17,40.446579317,good
21900,63967,102113,DebtCon,Office,10,NA,0,107.44989467,2,19,36.183734398,good
11300,54984,63958,DebtCon,Mgr,4,0,0,190.92092996,1,16,28.086854837,good
18700,45365,71853,DebtCon,Other,7,0,0,98.456484436,3,15,41.388747587,good
11100,NA,NA,NA,NA,NA,NA,NA,NA,NA,NA,26.232459223,good
15300,59083,96073,DebtCon,ProfExe,8,0,0,194.00548665,0,19,20.487979653,good
10600,46589,64559,HomeImp,Other,8,0,0,85.230876487,2,33,40.451392536,good
33000,227543,289091,DebtCon,ProfExe,3,0,0,203.94158615,0,29,17.425633477,good
8400,41656,51846,HomeImp,Office,10,NA,NA,190.01750256,NA,19,25.768965033,good
25700,85417,98179,HomeImp,NA,7,NA,NA,NA,NA,NA,30.829477167,good
50100,48370,106233,HomeImp,Self,8,0,0,193.65090514,3,36,39.935343568,good
18700,68196,89641,DebtCon,Other,0,2,1,112.97604123,1,26,34.414621628,good
15700,87754,103045,HomeImp,Other,21,0,0,147.45017701,4,23,29.181742636,good
18600,NA,20700,DebtCon,ProfExe,6,0,0,104.53333333,1,19,NA,good
5500,NA,66251,HomeImp,Office,1,0,0,43.722336946,0,3,41.452043532,good
21600,108923,142716,HomeImp,ProfExe,9,0,0,162.44691401,0,23,33.41977874,good
8400,82972,121796,HomeImp,Other,7,NA,NA,NA,NA,NA,41.445623568,good
22800,52644,96376,DebtCon,Other,7,0,0,238.38014523,0,19,34.94670077,good
5000,72517,86250,DebtCon,Mgr,19,0,1,300.36666667,1,24,NA,good
8400,NA,39106,HomeImp,Other,NA,NA,1,80.075339194,0,10,35.683502202,good
14600,86199,95034,HomeImp,Office,NA,0,0,164.29505001,1,25,41.546002515,good
16000,38600,57822,DebtCon,Other,17,0,0,276.96666667,0,22,NA,good
17300,96138,124066,DebtCon,Office,1,NA,2,271.7823232,0,30,40.404506226,good
3200,74864,87266,HomeImp,ProfExe,7,0,0,250.63126922,0,12,42.909997351,good
23700,58068,97948,DebtCon,Office,1,0,0,160.05823642,1,21,34.355460775,good
21900,105787,142466,HomeImp,ProfExe,8,0,0,145.37717658,0,22,32.333899345,good
15400,34574,69751,DebtCon,ProfExe,6,0,0,254.05619611,1,16,22.721013568,good
42800,100919,158981,DebtCon,Other,14,NA,1,221.11781837,4,30,42.581615327,good
26700,23361,55483,DebtCon,Other,36,0,0,280.80760568,1,23,39.891654292,good
11100,80922,95105,DebtCon,Other,3,0,0,90.881292261,2,31,38.120810575,good
13000,NA,25552,HomeImp,NA,28,0,0,198.0728056,0,5,25.507820486,good
9600,53277,60843,DebtCon,Office,0,0,0,180.28406155,0,21,37.950787581,good
20800,56364,115760,DebtCon,ProfExe,16,0,0,261.81405582,0,19,24.797958173,good
17200,59698,89715,NA,ProfExe,9,0,0,NA,1,16,23.345623213,good
13900,65437,94518,DebtCon,ProfExe,10,0,0,182.40075506,0,19,21.296075321,good
23100,72712,185787,NA,Other,10,0,0,362.18170443,1,16,31.86715522,good
5500,NA,35402,HomeImp,NA,NA,NA,NA,NA,NA,NA,35.272073735,good
22600,NA,55376,DebtCon,Other,NA,0,1,316.09687448,0,18,38.135866892,good
13900,127259,194233,HomeImp,Office,1,0,1,341.64350174,0,16,40.107659088,good
10800,83441,92148,DebtCon,Mgr,5,0,0,119.14584404,1,26,40.978635322,good
13600,66754,80156,DebtCon,Other,5,0,0,238.62182004,3,26,31.552706969,good
9600,46683,61773,DebtCon,Office,1,0,0,171.05844903,1,20,38.005289312,good
17200,39316,66978,DebtCon,NA,4,0,0,99.985975956,1,10,26.437084055,good
6000,NA,53190,HomeImp,NA,0,0,0,NA,0,0,15.174415003,good
24000,96072,122441,HomeImp,Mgr,10,0,0,127.741782,1,24,33.608037305,good
13600,112223,144451,DebtCon,ProfExe,0,0,0,259.73311697,1,45,35.310217008,good
27500,23439,47177,DebtCon,Other,25,0,0,112.89450731,0,11,23.022894085,good
20000,61843,95595,HomeImp,Office,14,0,0,135.96666667,0,14,NA,good
11800,116742,137385,DebtCon,ProfExe,15,NA,1,170.54003506,1,33,30.785003591,good
15500,36650,62963,DebtCon,ProfExe,6,0,0,260.85678864,0,16,24.299059351,good
10700,126751,184554,DebtCon,Other,8,0,0,225.87035215,0,19,34.13705457,good
11100,31999,61406,NA,Other,31,0,0,239.05055657,0,19,20.961272939,good
23000,58696,102176,HomeImp,ProfExe,18,0,0,629.09576631,0,23,22.825607116,good
30300,137927,182588,DebtCon,ProfExe,1,1,0,248.98067202,1,18,40.361852067,good
37500,111248,159739,DebtCon,Other,NA,0,0,260.08148423,2,13,36.393348123,good
89000,54576,92937,DebtCon,Other,16,0,0,208.69206982,0,15,35.859970681,good
39800,129611,191175,DebtCon,Mgr,NA,0,0,183.7992158,0,25,35.552486358,good
27300,NA,37531,HomeImp,Other,22,0,0,82.660269477,2,14,29.609847557,good
38200,147457,210065,HomeImp,ProfExe,3,0,0,148.73318489,0,31,35.89492543,good
9000,55367,79819,DebtCon,Office,5,0,0,101.28118497,1,15,27.189212901,good
50700,NA,83365,HomeImp,Self,9,0,0,190.22925104,0,21,25.655976854,good
23000,213000,280000,HomeImp,ProfExe,7,NA,5,468.86666667,NA,56,NA,good
19400,63508,12414,DebtCon,Other,5,NA,NA,64.407604619,1,16,40.570169157,good
9300,75425,109040,DebtCon,Office,2,0,0,235.9462106,0,38,17.875259065,good
10200,46140,56206,DebtCon,NA,8,1,0,115.78062817,1,25,22.313705147,good
8600,75464,84263,HomeImp,Other,21,0,0,352.65827116,0,47,28.196714905,good
21600,45421,75632,DebtCon,Office,2,0,1,230.24223467,0,11,33.457380881,good
20100,104183,139637,HomeImp,ProfExe,10,0,0,162.00418077,1,23,34.624202813,good
8700,76510,108130,DebtCon,Office,2,0,0,252.84392821,1,37,17.414859614,good
33900,13154,62208,DebtCon,Other,1,0,0,111.98065696,1,5,37.466977302,good
18400,65519,89276,DebtCon,Other,0,1,2,123.09855199,2,26,36.354203237,good
37000,34085,70596,DebtCon,ProfExe,3,0,0,195.36338382,2,18,25.59242395,good
22200,57458,102195,HomeImp,ProfExe,18,0,0,628.15806161,1,24,20.496216103,good
23700,76196,100929,DebtCon,Other,17,0,0,180.73115396,1,13,41.526026449,good
19200,32417,97000,HomeImp,Other,6,0,0,130.86666667,0,15,NA,good
25000,89000,122000,DebtCon,ProfExe,0,1,0,193.8,3,38,NA,good
13000,38200,64764,HomeImp,ProfExe,4,0,0,211.06666667,3,18,NA,good
16400,82869,94390,DebtCon,ProfExe,8,0,2,358.05066023,NA,42,39.060627308,good
8400,57103,78079,DebtCon,Other,0,0,0,56.30976479,8,21,23.521188257,good
16800,81820,100366,DebtCon,ProfExe,6,0,1,335.3003273,NA,41,36.211626812,good
13800,21711,32357,DebtCon,Office,7,0,0,105.66623421,0,17,20.333155595,good
29500,50079,80222,DebtCon,Office,1,0,0,147.99011817,2,19,38.139021997,good
20000,59964,100000,DebtCon,Office,8,NA,1,106.83333333,2,18,NA,good
14700,47177,68456,HomeImp,ProfExe,3,0,0,193.68506884,2,18,34.542533238,good
11000,106762,123138,DebtCon,NA,2,0,0,131.01191573,0,25,32.80374334,good
15100,49533,63607,DebtCon,Other,2,0,0,180.52329284,0,14,36.377182949,good
16500,48491,112677,HomeImp,Office,2,NA,2,138.0960861,1,23,37.253333224,good
7700,51045,91068,HomeImp,Other,20,0,0,179.24093557,0,28,27.23109397,good
41200,99653,157923,DebtCon,Other,14,NA,1,213.48287428,3,30,40.908479949,good
13300,81944,108768,DebtCon,Other,5,0,0,81.10679915,1,13,33.86964175,good
20400,68928,98587,HomeImp,Office,13,0,0,153.57813544,0,13,36.176091839,good
25000,42632,71000,DebtCon,Other,24,NA,1,284.93333333,1,30,NA,good
22600,NA,55419,DebtCon,Other,NA,0,0,299.95579613,0,18,39.095195695,good
22800,64659,96063,DebtCon,Mgr,8,0,0,201.06828707,2,18,31.541822123,good
14700,76931,94245,DebtCon,Other,5,3,0,78.687519875,0,21,25.430314939,good
12700,103034,124116,DebtCon,NA,2,0,0,137.43869242,0,25,31.603100931,good
30900,190480,298239,DebtCon,Other,27,0,1,164.60487057,0,23,39.601452126,good
31700,72809,109678,HomeImp,Other,5,NA,NA,117.47392147,10,21,41.512835893,good
42200,NA,55578,DebtCon,Other,NA,6,NA,115.87818912,NA,20,28.238412307,good
14300,85631,100000,HomeImp,Other,20,0,0,144.99929699,3,23,30.130636379,good
9200,71994,95525,DebtCon,Other,16,NA,NA,126.81643919,3,16,25.621930492,good
22700,93413,134653,DebtCon,ProfExe,NA,0,0,219.57065379,1,21,27.284560734,good
24300,41323,73309,DebtCon,Other,27,0,1,298.18590413,2,32,36.155277517,good
11600,129432,198705,HomeImp,Office,0,0,0,341.04732919,0,16,39.963258508,good
26500,76599,119041,DebtCon,Other,4,0,0,97.265658469,1,31,40.12650973,good
19300,31950,53814,DebtCon,ProfExe,17,0,0,178.45963721,1,20,37.134712329,good
6200,133882,155222,HomeImp,ProfExe,9,0,0,212.53764322,0,19,20.616783656,good
22500,NA,143254,NA,NA,NA,NA,NA,NA,NA,NA,NA,good
15800,101246,142340,DebtCon,Office,2,NA,NA,109.29393259,2,16,33.770828549,good
15500,88929,115249,DebtCon,ProfExe,0,0,2,156.13091398,0,34,32.033870396,good
50400,53024,65024,DebtCon,Office,12,0,0,103.18576169,1,25,40.867869732,good
38100,33446,73289,DebtCon,ProfExe,5,0,0,180.84781496,1,18,23.820415335,good
12300,141020,157511,HomeImp,ProfExe,4,0,1,403.74892984,0,43,29.583184253,good
14800,53738,66258,DebtCon,Other,7,0,0,240.86344144,0,17,34.532496085,good
6700,49367,59609,HomeImp,Other,6,0,0,99.303700784,0,17,25.231366381,good
88900,48919,93371,DebtCon,Other,15,0,1,205.65015947,0,15,34.818261819,good
12500,157312,181050,DebtCon,ProfExe,7,NA,0,209.70673679,4,25,40.905619756,good
5000,66435,82819,HomeImp,Other,2,0,0,125.13062556,0,14,42.183538672,good
22900,191970,232998,DebtCon,ProfExe,3,0,0,301.13845241,0,27,36.788469564,good
14300,NA,41870,HomeImp,Other,0,0,0,314.4683435,0,8,27.608918922,good
22200,102345,148299,HomeImp,ProfExe,11,0,0,169.08897399,0,22,34.472879729,good
41800,5143,67205,HomeImp,Office,NA,0,0,317.92478397,0,18,14.853341066,good
6300,58052,70091,DebtCon,ProfExe,9,0,4,153.78043854,1,30,21.719595981,good
16100,45973,64430,HomeImp,Office,3,0,0,117.07375316,0,17,33.824716398,good
13100,70878,86743,DebtCon,ProfExe,10,0,0,174.88174385,0,11,39.784408257,good
13100,NA,65933,NA,NA,0,0,0,NA,0,0,3.657370718,good
11900,81849,105403,HomeImp,ProfExe,5,0,1,82.639505382,1,34,36.50598321,good
12300,92573,119325,DebtCon,ProfExe,2,1,2,157.6206429,0,33,34.775102513,good
16400,86422,116097,NA,NA,NA,NA,NA,NA,NA,NA,35.598950764,good
10600,63245,82041,DebtCon,Office,3,1,3,184.5725782,3,29,38.219034312,good
7900,78532,122952,HomeImp,Office,29,0,0,332.64504738,1,37,35.311552628,good
12900,18106,37881,DebtCon,Mgr,8,0,0,134.38410886,0,10,20.515961862,good
53700,24158,82627,HomeImp,Other,2,2,0,250.66654255,6,14,43.268375449,good
12200,61302,90873,DebtCon,Other,2,0,0,35.973541612,1,4,39.973613155,good
18400,99902,125249,DebtCon,Office,26,0,0,294.42411801,2,16,33.488547383,good
53200,182033,258678,DebtCon,ProfExe,5,0,0,227.71772921,2,32,39.931352839,good
14800,73887,109451,DebtCon,Other,6,0,0,81.314818639,2,13,33.981408348,good
4000,67533,71865,HomeImp,Mgr,10,NA,2,227.79298841,0,25,39.166328703,good
24400,61260,103842,DebtCon,ProfExe,1,0,0,179.5402847,0,26,33.590455142,good
26000,47067,63292,DebtCon,Office,17,0,0,174.62101544,2,21,33.673146444,good
11300,62168,80681,DebtCon,Sales,6,0,0,117.3762292,0,34,27.694521271,good
17000,134689,158661,DebtCon,Mgr,NA,0,0,227.39546465,0,19,36.425571756,good
27300,149950,177309,DebtCon,ProfExe,6,0,0,328.16812274,0,35,39.159553757,good
28900,75887,117989,DebtCon,Other,4,0,0,92.090542151,2,32,40.778888426,good
27400,51298,90010,DebtCon,Other,6,1,0,146.65622021,3,29,42.159936538,good
12000,97650,115931,DebtCon,ProfExe,11,0,0,199.82804201,1,17,34.387943973,good
14800,50570,69422,DebtCon,Other,3,0,0,191.17794146,0,13,36.64708052,good
9400,61185,65302,DebtCon,Other,1,0,2,117.17100444,2,18,35.611943876,good
18600,15243,172611,HomeImp,Mgr,25,0,0,73.441538538,2,21,29.095882796,good
15600,62622,106824,HomeImp,ProfExe,9,0,0,261.02141544,0,11,34.97887956,good
11500,61264,75647,DebtCon,Office,11,0,0,262.89018789,3,36,39.547882702,good
21200,70096,108632,HomeImp,Other,4,0,0,200.01491752,1,13,29.641286443,good
12900,56798,71364,DebtCon,Other,1,0,0,225.58576305,0,9,33.021284072,good
11600,28654,47042,DebtCon,Other,10,NA,0,158.0847883,7,29,38.477504842,good
8200,62603,86782,DebtCon,ProfExe,15,0,0,219.56581251,0,18,24.63662135,good
10500,74814,98132,HomeImp,ProfExe,8,0,0,164.3308981,0,34,32.375149102,good
24300,142000,175000,DebtCon,ProfExe,6,0,0,323.66666667,0,35,NA,good
18200,120966,208782,DebtCon,Other,4,0,0,202.53433338,0,17,27.436646043,good
16000,31000,54000,DebtCon,Other,16,0,0,110.6,1,18,NA,good
24300,NA,60628,DebtCon,Other,23,0,0,145.29273612,0,9,22.984818991,good
36400,204419,268745,DebtCon,ProfExe,4,0,0,267.92092198,0,31,32.747593119,good
12000,43000,64000,DebtCon,Other,1,0,0,262.96666667,0,21,NA,good
6900,50387,68443,DebtCon,Mgr,7,NA,3,105.82732904,2,10,40.717668846,good
13500,68262,93841,HomeImp,Office,26,0,0,159.61701999,1,14,40.752980373,good
39500,30972,70545,DebtCon,ProfExe,3,0,0,197.45242891,2,17,25.360557346,good
16100,41379,57862,DebtCon,Other,17,0,0,282.00628942,0,21,30.708487401,good
8000,45000,56100,HomeImp,Other,9.9,0,0,92.3,3,34,NA,good
51100,178810,252724,DebtCon,ProfExe,6,0,0,252.98507166,2,32,39.351893191,good
45200,89427,157731,DebtCon,Other,17,0,0,209.76702855,8,18,39.167062892,good
15600,58728,92443,HomeImp,ProfExe,6,0,0,128.02959933,0,13,28.484858563,good
13200,71775,80480,DebtCon,Other,0,0,0,240.64357656,3,25,29.267992416,good
22900,88244,103144,HomeImp,NA,8,NA,NA,NA,NA,NA,31.072693603,good
52200,NA,90240,HomeImp,Other,NA,0,0,341.82881167,0,7,24.016671085,good
10100,66393,85605,DebtCon,Office,6,1,1,203.69956292,3,29,37.669305127,good
13500,59941,69336,HomeImp,Other,29,1,2,182.69566963,1,24,35.51267298,good
14800,100255,116160,DebtCon,Other,10,0,0,184.77721416,0,26,34.483990385,good
25700,50800,85000,DebtCon,Other,23,1,2,184.26666667,1,20,NA,good
19100,73217,93033,DebtCon,Other,1,2,1,113.69456607,2,26,36.384163815,good
5500,72147,69918,HomeImp,Sales,4,2,0,158.5344979,0,23,43.404430238,good
6700,66587,70710,DebtCon,ProfExe,9,1,0,43.923382631,1,24,39.738576265,good
15800,51163,157644,DebtCon,ProfExe,19,0,0,239.22478943,0,28,20.747520522,good
12000,35721,52938,HomeImp,Other,23,0,1,125.928071,0,22,38.627024993,good
17000,70039,100993,HomeImp,ProfExe,7,0,0,261.91131698,1,11,36.56433032,good
21500,10193,75649,DebtCon,Office,NA,0,0,247.81397141,0,22,39.148512421,good
9000,96884,110108,DebtCon,Other,18,0,2,194.8,2,16,NA,good
9800,52973,65481,HomeImp,Other,10,0,0,101.47266767,2,33,36.878297002,good
18600,132785,155644,DebtCon,Mgr,NA,0,0,225.72750616,0,20,37.32857399,good
64900,69786,148769,HomeImp,Office,10,0,0,129.08447886,0,11,43.519942711,good
14700,77565,101320,HomeImp,ProfExe,6,0,0,120.82737185,0,26,25.27620451,good
27100,44095,77587,DebtCon,Mgr,14,1,0,92.140029015,6,15,33.535547201,good
6600,95450,112630,HomeImp,Office,23,0,0,122.81558408,0,12,36.773458722,good
15300,33113,57991,DebtCon,Other,4,0,0,122.5788363,1,16,40.569888421,good
12400,NA,65317,HomeImp,Other,NA,0,0,349.27961082,0,6,35.714418429,good
22000,NA,72304,HomeImp,Office,9,0,0,120.53201836,2,4,20.176213451,good
29000,152065,192445,HomeImp,Self,2,0,0,166.94856833,0,16,41.563839245,good
19500,88909,140092,DebtCon,Mgr,13,0,0,163.56250439,1,25,33.005016664,good
28200,58232,97555,DebtCon,Other,17,0,1,130.45076488,0,29,38.092730303,good
23900,140328,183533,HomeImp,Mgr,8,0,0,322.78811436,0,17,45.413177555,good
29700,100657,148653,DebtCon,Other,14,0,0,221.92531148,0,40,42.302907328,good
20100,36486,46883,HomeImp,Self,3,0,NA,117.78337902,NA,10,24.851456756,good
12300,81590,90050,DebtCon,Mgr,6,0,0,136.7467587,1,26,41.732675815,good
8500,79484,87893,DebtCon,Other,1,0,0,123.61880309,1,10,35.759083852,good
12600,32742,41299,DebtCon,Other,10,NA,1,170.40710644,7,29,37.802669594,good
14900,72637,103297,DebtCon,Other,4,2,0,83.466086341,0,20,22.553039619,good
9800,55539,73560,DebtCon,Office,4,0,0,85.900936244,1,14,26.331619061,good
21700,93868,147228,DebtCon,ProfExe,22,0,0,153.68459626,0,25,39.533954235,good
34400,97971,145124,DebtCon,Other,13,0,0,67.832041665,1,36,40.402705842,good
17300,90768,116052,DebtCon,Other,13,0,0,120.24142622,2,9,35.81087795,good
6900,49932,66042,HomeImp,Office,20,0,0,204.48458275,0,19,21.855494126,good
19200,153722,199812,DebtCon,ProfExe,13,NA,NA,121.94291622,0,24,29.802859083,good
12500,83924,100114,HomeImp,ProfExe,0,0,0,71.304197606,1,20,34.712768805,good
13100,44817,59544,DebtCon,Other,NA,0,0,71.461704749,0,15,41.609813237,good
8900,75441,116950,HomeImp,Office,26,0,0,322.73119571,2,37,33.788523674,good
16400,71906,86144,DebtCon,Office,2,0,0,126.17015231,1,20,23.698007625,good
6500,58689,72557,DebtCon,Other,0,0,1,94.00805286,2,18,34.898413066,good
20000,NA,64928.84,HomeImp,Office,8,0,0,122.66666667,2,5,NA,good
13400,95084,117279,HomeImp,Office,4,0,0,145.96234363,0,21,39.244669483,good
12100,12000,33938,DebtCon,Mgr,9,0,0,118.76666667,0,11,NA,good
21900,61468,87450,DebtCon,Office,5,NA,NA,166.61081662,NA,16,38.201210401,good
11500,43945,63337,DebtCon,Mgr,2,0,1,193.74248539,0,21,27.623493964,good
11000,21738,86586,HomeImp,ProfExe,20,0,0,241.06079106,0,10,25.21859995,good
26500,145393,187324,HomeImp,Self,3,0,0,194.22774484,1,16,40.854864993,good
23600,50424,70281,DebtCon,Other,24,0,0,312.73847118,4,31,35.771675924,good
29200,116202,160084,DebtCon,ProfExe,6,0,0,124.12146165,3,26,32.644529835,good
18200,53646,156048,DebtCon,ProfExe,20,0,0,232.29712557,0,27,20.856067533,good
10000,68807,76581,HomeImp,Office,14,0,0,237.6478941,0,32,42.335573512,good
9000,56226,67466,HomeImp,Other,7,0,0,126.74508707,0,16,33.987846976,good
20900,71972,101745,DebtCon,Mgr,6,0,0,67.324562017,6,23,38.513256182,good
20400,44746,63433,DebtCon,Office,5,0,0,176.32849657,2,26,36.676878306,good
28800,NA,44761,DebtCon,Other,10,0,NA,84.728267958,NA,14,22.841663187,good
39500,132485,192838,DebtCon,Mgr,NA,1,0,176.12388138,0,24,31.737478202,good
23500,132737,285749,HomeImp,Mgr,4,0,0,213.39299486,0,14,31.236113807,good
24000,16997,45000,DebtCon,Other,25,0,0,118.66666667,1,11,NA,good
12900,151991,179521,HomeImp,Office,6,0,0,186.8053299,0,55,34.19175206,good
18000,124000,195000,HomeImp,ProfExe,13,0,0,202.9,0,22,NA,good
29800,34000,71000,DebtCon,Other,10,NA,NA,115.66666667,NA,24,NA,good
16600,95860,123546,DebtCon,Office,0,NA,2,252.75748794,1,29,40.608567483,good
36000,204292,268436,DebtCon,ProfExe,3,0,0,243.29543026,0,31,30.938977447,good
10500,13694,87580,DebtCon,Other,8,0,0,258.55492784,0,14,20.260198049,good
24700,149235,178454,DebtCon,ProfExe,5,0,0,324.13778352,0,34,38.709991448,good
8500,55100,66900,DebtCon,ProfExe,15,0,0,229.26666667,4,32,NA,good
5400,53429,64505,DebtCon,NA,5,NA,0,69.542430107,NA,16,36.480236299,good
14800,NA,43475,DebtCon,Other,NA,NA,NA,339.7,NA,17,NA,good
25000,NA,35000,DebtCon,Other,10,1,NA,88.933333333,NA,14,NA,good
10700,115118,124198,DebtCon,Self,6,1,0,174.34182326,0,19,31.75799058,good
14700,65660,81937,DebtCon,Office,2,0,0,106.65751886,1,19,25.197806875,good
14000,51721,61193,DebtCon,Other,0,0,0,186.99935879,2,12,25.81001106,good
37800,111412,166682,DebtCon,Other,NA,0,0,251.9567829,3,14,34.883410942,good
18000,55169,114786,HomeImp,Office,2,NA,2,120.15410625,0,24,37.547732856,good
12800,99160,114619,HomeImp,Office,2,0,0,142.2125619,0,22,35.949877053,good
11000,131949,165096,HomeImp,ProfExe,5,0,0,440.42125368,0,42,26.904766453,good
26100,103949,208432,DebtCon,Other,23,0,0,202.59264703,0,18,23.290234477,good
12600,49986,67896,DebtCon,Mgr,3,0,0,190.1599072,1,17,29.266317175,good
20200,25956,92553,DebtCon,ProfExe,7,0,0,156.2693203,0,21,28.290439504,good
59700,39253,69299,DebtCon,Other,2,0,0,110.87622902,0,21,29.319500536,good
17900,38233,63578,DebtCon,NA,6,1,0,79.1215828,2,9,26.518830695,good
14900,60667,81293,DebtCon,NA,6,NA,NA,NA,NA,NA,27.573736504,good
6500,80739,97630,DebtCon,ProfExe,1,NA,NA,NA,NA,NA,30.531264536,good
8500,64665,72376,HomeImp,Other,4,0,0,70.934880772,3,20,40.309041225,good
46200,117227,174882,DebtCon,Self,12,0,0,195.64118682,0,5,40.621619276,good
42200,21393,68111,DebtCon,Other,19,0,0,208.52292444,0,30,39.75171656,good
18800,88828,116683,DebtCon,ProfExe,6,0,0,141.84139798,1,20,21.679278339,good
7500,40936,50900,DebtCon,NA,10,1,0,115.6,1,26,NA,good
13300,55505,76841,DebtCon,Other,0,0,0,222.91307236,0,10,32.968632674,good
12800,76783,95007,DebtCon,Mgr,6,0,0,140.97202234,2,26,42.153616933,good
23500,146371,179434,DebtCon,ProfExe,6,NA,NA,195.17814464,4,43,39.94505447,good
21400,85609,108469,DebtCon,Mgr,24,NA,1,306.18366191,0,43,39.919289908,good
25900,61064,94714,DebtCon,Office,2,0,0,98.809374842,0,23,34.565944252,good
3000,58000,71500,HomeImp,Mgr,10,NA,2,211.93333333,0,25,NA,good
21000,65205,86313,DebtCon,NA,4,0,0,99.369470346,0,15,40.143170748,good
13200,NA,69139,NA,NA,0,1,0,NA,0,1,1.5659310471,good
20800,77885,98188,DebtCon,Mgr,4,0,0,50.293547164,7,23,38.120404705,good
18500,23618,37539,NA,Office,1,0,0,199.7237771,0,15,36.982729198,good
16000,101000,130000,DebtCon,ProfExe,7.5,0,0,102.5,0,14,NA,good
34900,236340,37598,DebtCon,Mgr,2,0,1,220.60253506,4,50,41.857415928,good
5100,73882,96031,DebtCon,Other,0,0,0,125.78740011,1,10,34.446079222,good
13700,89345,105590,DebtCon,ProfExe,6,0,0,201.04240208,2,37,43.471677292,good
19400,53000,82800,DebtCon,Other,18,0,0,206.96666667,1,22,NA,good
11800,65062,78004,HomeImp,Office,12,0,0,251.14419571,0,31,43.372372819,good
17600,44571,66088,HomeImp,Office,2,0,0,126.09038158,0,17,30.871901786,good
9300,59617,67709,HomeImp,Other,4,0,1,243.8307278,1,16,35.968280746,good
18200,62141,90434,DebtCon,Office,0,0,0,69.410776649,0,22,35.357287245,good
15500,158506,179499,DebtCon,ProfExe,8,NA,0,195.6860259,4,26,40.73934639,good
15000,53000,83400,HomeImp,ProfExe,5,0,0,120.3,0,13,NA,good
17000,73644,107086,DebtCon,ProfExe,0,0,0,280.45334363,2,20,37.771957848,good
5600,69435,83489,DebtCon,ProfExe,14,0,0,200.41843402,1,17,22.841092848,good
24500,52000,84915,DebtCon,Office,0.4,0,1,93.166666667,0,23,NA,good
17200,48999,76544,DebtCon,ProfExe,5,0,0,240.52274651,3,31,32.841753914,good
19300,99714,126965,HomeImp,Mgr,0,0,1,301.75357401,1,20,43.290941693,good
18500,67290,95750,DebtCon,Other,NA,2,1,237.1,2,14,NA,good
9000,76964,90500,DebtCon,Other,3,0,0,101.4,2,32,NA,good
18400,62300,95869,DebtCon,Other,2,0,0,172.75912343,1,31,35.189447274,good
52400,27234,83482,HomeImp,Other,2,2,0,250.61402393,6,14,40.54824598,good
9400,57000,70000,DebtCon,Other,4,0,0,179.56666667,2,17,NA,good
17800,13660,173360,HomeImp,Mgr,23,0,0,78.838898801,2,21,30.062792323,good
18500,49367,71485,DebtCon,ProfExe,10,0,0,175.38704889,1,42,37.772221651,good
5700,NA,69172,HomeImp,Office,1,0,0,48.853667057,0,3,38.773685963,good
17500,100642,138550,DebtCon,Office,3,NA,NA,115.07594761,3,16,32.176380263,good
11000,83639,98081,DebtCon,Other,10,0,0,155.37122034,4,22,42.539685706,good
30200,20956,39333,DebtCon,Other,0,1,0,73.391797524,0,7,13.495367368,good
24400,NA,59888,DebtCon,Other,NA,0,0,288.2296811,0,19,38.581332837,good
11200,153103,181849,HomeImp,Office,6,0,0,186.249507,0,55,33.995565356,good
12500,57294,66615,DebtCon,Other,3,0,1,321.38758675,0,9,31.380899093,good
12400,36034,62953,DebtCon,ProfExe,9,0,0,262.07934525,0,16,21.345227351,good
15300,24025,42722,NA,Office,2,0,0,207.96214095,0,15,37.122837197,good
24500,134188,171658,DebtCon,Other,5,1,0,219.16757792,0,20,34.986140572,good
12000,63589,75959,HomeImp,Office,14,1,0,253.61692796,1,31,43.15970058,good
19600,53662,80055,DebtCon,Other,6,NA,NA,99.085542373,0,8,37.518297806,good
40600,15024,65109,HomeImp,Office,NA,0,0,313.6709263,0,19,15.629937413,good
17900,102054,143103,DebtCon,Office,5,NA,NA,125.85853903,2,16,32.847435051,good
15900,65827,97935,DebtCon,Office,1,0,0,160.41695863,4,20,32.60020273,good
88800,53307,94058,DebtCon,Other,16,0,0,218.30497768,0,15,34.24246473,good
23500,68049,93394,DebtCon,Mgr,6,0,0,191.1124423,2,18,32.13282224,good
11700,15163,74500,DebtCon,ProfExe,19,0,2,378.82581852,1,11,20.090783327,good
10300,57676,71027,DebtCon,NA,19,0,0,157.51963708,1,11,33.992366066,good
17300,57358,71617,DebtCon,Office,0,0,0,194.29333919,0,25,30.53780606,good
10800,70214,83882,DebtCon,Office,4,1,2,172.79930087,3,30,38.588823585,good
14400,79288,92391,DebtCon,ProfExe,8,0,1,341.50155908,NA,41,39.435496901,good
16800,23670,41879,DebtCon,Mgr,17,1,0,106.39856975,0,17,26.696716261,good
22500,96170,118502,HomeImp,Mgr,10,0,0,118.15195,1,24,33.200548022,good
20000,22036,51068,DebtCon,Other,25,0,2,210.71986666,0,25,29.16004451,good
26500,NA,122693,DebtCon,Mgr,9,0,0,153.94242808,0,27,32.200811209,good
28500,29338,62220,NA,Office,2,0,0,113.20592381,1,6,36.877098508,good
20200,88020,139200,DebtCon,Other,10,0,0,99.04640244,3,15,39.916957294,good
16000,69861,87086,DebtCon,Other,7,0,0,205.32804581,2,18,43.436334345,good
18500,67686,95949,HomeImp,ProfExe,9,0,0,78.949070691,0,16,31.808242985,good
15000,72000,95000,DebtCon,Other,0,0,0,147.1,1,18,NA,good
8700,54768,87268,HomeImp,Other,18,0,0,187.58057031,0,28,26.367134137,good
14000,37019,57125,DebtCon,Other,NA,0,0,69.823553128,0,15,41.637058771,good
17700,85150,113104,DebtCon,ProfExe,11,0,0,148.0652591,2,19,38.962872064,good
22700,155284,197634,DebtCon,ProfExe,15,NA,NA,103.7859943,0,24,29.540322043,good
16900,88143,115365,DebtCon,Other,19,0,0,282.06851776,0,16,24.962851371,good
39600,134552,193455,DebtCon,Mgr,NA,0,0,185.19383656,0,25,33.217961697,good
25900,145700,211151,HomeImp,ProfExe,6,0,0,182.17137213,1,27,38.48048457,good
17100,NA,96036,DebtCon,Office,27,0,0,327.00179108,0,15,12.498669801,good
22400,18371,38311,DebtCon,Other,1,0,0,37.235000479,2,3,29.476003401,good
15200,43961,62171,DebtCon,Other,NA,0,0,124.80684586,1,18,39.580054341,good
14500,59465,78444,DebtCon,NA,7,NA,NA,NA,NA,NA,24.539945806,good
35000,239058,40848,DebtCon,Mgr,4,0,1,212.01540583,3,49,40.131815447,good
19500,100446,121516,HomeImp,Mgr,0,0,0,306.11110407,1,20,43.021823381,good
8300,57503,72704,DebtCon,NA,18,0,0,156.59370755,0,11,33.337118756,good
12100,28193,34705,DebtCon,Other,0,NA,NA,NA,NA,NA,37.618026904,good
22600,72522,91587,DebtCon,Other,2,0,0,99.000467962,2,30,35.262113587,good
7800,42802,52422,HomeImp,Office,8,NA,NA,193.0814529,NA,18,26.495879292,good
8200,NA,33540,HomeImp,Office,21,0,0,178.68792754,0,15,36.601698856,good
28900,91683,127833,DebtCon,ProfExe,0,1,0,187.24240278,3,37,33.168756851,good
36500,141200,195729,DebtCon,ProfExe,23,0,0,182.72889478,0,22,37.405509575,good
2500,71408,78600,HomeImp,ProfExe,8,0,0,255.73333333,0,12,NA,good
12700,58293,82594,DebtCon,Office,13,0,0,105.05041496,0,23,36.700445544,good
9300,58051,65334,DebtCon,Mgr,6,NA,NA,113.2818573,NA,23,41.860039809,good
25600,76383,103544,DebtCon,Mgr,0,NA,NA,222.24219828,5,24,42.93996933,good
27600,60039,86166,DebtCon,Office,0,0,0,100.94932169,0,23,33.820934036,good
9400,81596,116738,HomeImp,Office,28,0,0,338.62903535,1,38,34.169513676,good
15700,80200,88545,DebtCon,Mgr,21,0,0,242.60038784,10,24,36.297033121,good
17100,22162,128989,DebtCon,Other,11,0,0,367.9970935,0,9,40.640916113,good
25800,112388,180313,DebtCon,Sales,16,0,0,295.54600578,0,31,33.241096011,good
8600,172418,251426,DebtCon,Sales,NA,0,0,120.57263313,0,22,40.925910594,good
21200,44097,64703,DebtCon,Office,12,0,2,123.89394862,1,21,40.139231794,good
23200,131804,171144,DebtCon,ProfExe,6,0,0,197.76872804,0,37,19.778851787,good
6500,33639,37345,HomeImp,ProfExe,11,0,0,191.0756559,0,13,24.227319339,good
9200,69657,89082,DebtCon,NA,3,0,0,217.32115468,0,16,28.749890366,good
10200,57142,72664,DebtCon,NA,19,0,0,158.18580391,1,12,32.49748842,good
19300,50554,76140,DebtCon,Mgr,9,2,0,78.276625282,3,27,36.026904369,good
52000,31305,83147,HomeImp,Other,3,1,0,268.38580771,7,14,42.402933466,good
30000,74975,118886,DebtCon,Mgr,12,0,0,85.045754904,0,34,26.349131932,good
14600,6871,52457,DebtCon,ProfExe,4,0,0,317.24400167,0,16,17.617908723,good
12900,90646,100744,HomeImp,Other,19,0,0,141.20846058,3,23,31.526379711,good
26200,149599,181869,DebtCon,Other,1,0,0,204.02898979,0,35,39.800879561,good
15200,NA,67103,NA,NA,1,0,0,NA,0,0,3.6889584957,good
30800,54981,82038,DebtCon,Office,2,0,0,165.07784739,2,19,41.239256279,good
17400,45861,61256,DebtCon,Other,7,0,0,132.01922665,3,48,30.186567466,good
20500,76620,185666,NA,Other,8,0,0,360.64005406,1,16,33.754318614,good
6100,NA,46830,HomeImp,NA,0,0,1,NA,0,0,13.306013076,good
12400,16375,36672,DebtCon,Mgr,8,0,0,120.67492799,0,11,24.089437148,good
5200,91250,110000,HomeImp,Office,24,0,0,123.76666667,1,12,NA,good
20000,NA,128042,HomeImp,Other,0,0,0,314.53333333,3,21,NA,good
26900,215692,286555,HomeImp,ProfExe,8,NA,5,468.1781224,NA,55,30.55300542,good
16900,17988,137328,DebtCon,Other,9,0,0,360.14696016,0,10,41.902054192,good
10200,61179,69591,DebtCon,NA,18,0,0,148.70447764,1,11,34.472204606,good
8400,82597,83858,HomeImp,Other,25,0,0,350.56813617,1,47,28.91075714,good
23700,46910,75136,DebtCon,Other,10,0,0,119.23120438,1,19,43.829588004,good
15200,69320,89644,DebtCon,Other,11,0,0,91.743482377,2,11,31.114929746,good
25200,22773,72541,DebtCon,Other,NA,1,2,92.583557,1,26,30.420914823,good
20900,60553,91364,DebtCon,Office,1,0,0,75.563803334,0,22,37.411200653,good
21200,109747,174666,DebtCon,Office,7,0,0,211.8072267,3,24,40.39483989,good
8200,171456,246758,DebtCon,Sales,NA,0,0,138.15481817,0,21,40.337860758,good
10600,37742,64334,DebtCon,Mgr,NA,NA,NA,NA,NA,NA,37.541257884,good
16900,78455,121450,NA,NA,NA,NA,NA,NA,NA,NA,33.742374549,good
25500,113204,184561,DebtCon,Sales,17,1,0,308.95819842,1,31,34.357866,good
44500,NA,50696,DebtCon,Other,NA,5,NA,128.65639343,NA,20,28.187139993,good
15800,71820,89739,DebtCon,Other,0,1,1,122.95558706,1,25,33.519070443,good
9700,53527,58605,DebtCon,Office,4,0,0,75.584542581,3,12,36.709538909,good
29700,46268,79463,DebtCon,Office,0,0,0,161.27602904,3,19,40.261962227,good
29200,50105,83815,DebtCon,Other,21,0,0,188.20102865,0,26,35.595750669,good
27700,54541,78832,DebtCon,Office,0,0,0,186.02084261,2,19,39.614334977,good
14400,63671,70982,DebtCon,ProfExe,0,0,0,169.34664702,1,34,42.791632518,good
28800,204455,245685,HomeImp,Other,8,0,0,123.39674713,1,42,42.345471385,good
5200,19000,26000,DebtCon,Other,0,1,0,17.2,10,7,NA,good
27700,141930,182516,DebtCon,ProfExe,0,0,0,235.63057648,2,19,41.958813501,good
12500,26286,36002,DebtCon,Other,2,NA,NA,NA,NA,NA,38.438681858,good
13700,70763,78449,DebtCon,Office,12,0,0,271.65672425,5,36,40.561983645,good
21600,105654,155460,DebtCon,Mgr,16,0,0,193.04880318,0,25,33.600608463,good
10500,57372,67960,DebtCon,ProfExe,1.5,0,0,158.26666667,2,35,NA,good
26500,84769,127773,DebtCon,Other,2,0,0,190.86047721,2,25,42.031639133,good
9400,53244,62245,DebtCon,Other,23,0,0,276.78774402,3,28,37.821851509,good
8200,48515,59240,DebtCon,Other,17,0,4,214.14450966,0,36,27.459144234,good
17900,56273,111507,HomeImp,Office,1,NA,2,123.02256355,1,23,39.491487113,good
53500,179116,257688,DebtCon,ProfExe,5,0,0,232.59595212,1,33,39.789899148,good
4300,71206,78698,DebtCon,Sales,3,0,0,129.93286902,0,31,34.181376516,good
11000,74596,98000,HomeImp,ProfExe,6,0,0,108.53333333,1,27,NA,good
21300,67282,86861,DebtCon,Office,4,NA,NA,173.79250726,NA,15,37.364528826,good
27800,19600,50594,DebtCon,Other,24,0,0,137.23404427,1,10,24.522374645,good
5100,NA,28291,DebtCon,Other,2,0,0,277.94456081,1,14,23.644691283,good
39700,146341,208296,HomeImp,ProfExe,5,0,0,139.4367339,0,31,35.459160501,good
8400,80490,93028,DebtCon,ProfExe,0,NA,NA,NA,NA,NA,29.473761481,good
11500,NA,64037,HomeImp,Other,NA,0,0,354.17458076,0,7,34.355739238,good
25600,76102,119391,DebtCon,Other,5,0,0,87.625382168,1,32,40.929954323,good
15800,9407,60165,DebtCon,Sales,1,0,0,310.65842115,0,5,40.051306199,good
34800,138680,190729,DebtCon,ProfExe,21,0,0,198.12333421,0,21,35.577239252,good
8000,78720,86800,DebtCon,Other,0.1,4,0,NA,0,4,NA,good
21100,61427,83722,DebtCon,Other,19,0,0,220.55353362,0,21,32.72762776,good
11300,129489,195105,HomeImp,Office,0,0,1,356.31348584,0,16,41.634017956,good
23300,103162,135013,DebtCon,Mgr,9,1,0,188.93983988,5,18,40.670817077,good
18200,57980,79265,DebtCon,Other,16,0,0,194.05429283,0,20,37.725760606,good
10000,31000,58240,DebtCon,Mgr,NA,NA,NA,NA,NA,NA,NA,good
15000,5627,64962,DebtCon,Sales,0,0,0,341.50208471,0,6,39.996710402,good
23300,89847,136259,DebtCon,ProfExe,NA,0,0,210.01611964,0,21,29.779942255999998,good
22900,18059,57109,DebtCon,Other,26,0,1,213.03628478,0,24,25.547010323,good
12100,18728,34443,DebtCon,Mgr,9,0,0,117.64828293,0,10,21.589836378,good
16000,85228,91519,HomeImp,Office,NA,0,0,162.77120092,0,26,43.583882525,good
20000,28440,91704,DebtCon,ProfExe,10,0,0,143.63743879,0,20,30.206893343,good
17500,90221,113564,DebtCon,Other,19,0,0,265.18462525,1,17,27.029438967,good
11300,16115,69113,DebtCon,ProfExe,22,0,2,403.51499966,0,12,22.168244524,good
15200,64028,95482,DebtCon,Office,2,0,0,174.16439552,0,24,24.861603531,good
10400,63626,79477,NA,Other,12,0,0,260.79726222,0,27,27.942866028,good
12800,42801,51123,HomeImp,Other,23,0,1,127.83966204,0,22,39.389594605,good
24800,144410,211936,HomeImp,ProfExe,3,0,0,195.07035954,1,28,38.926156879,good
5700,49514,58249,HomeImp,Office,21,0,0,212.53911509,0,21,21.258026878,good
24300,236390,262210,HomeImp,Self,6,0,0,243.07790007,2,50,36.906664969,good
11800,118053,125325,DebtCon,Self,5,0,0,181.17206513,0,18,33.200397325,good
6800,139578,154602,HomeImp,ProfExe,12,0,0,201.96083432,0,18,22.325828788,good
9300,54088,66961,DebtCon,Other,22,0,0,278.1604735,3,28,40.82354171,good
36400,118040,164592,DebtCon,Other,NA,0,0,250.00328319,2,13,34.322285071,good
87500,55938,86794,DebtCon,Other,15,0,0,223.88104,0,16,36.753652674,good
7000,29000,49000,DebtCon,Other,11,0,0,234.4,1,32,NA,good
10400,57816,82047,HomeImp,Other,3,0,1,176.65689456,0,12,30.674205288,good
8200,NA,38648,HomeImp,Other,NA,NA,NA,302.53018223,NA,10,30.445375631,good
13000,96172,112123,DebtCon,ProfExe,14,0,0,181.89180444,1,18,36.225571567,good
19800,51454,68073,HomeImp,Office,1,0,0,130.97479082,0,17,32.304944123,good
14100,49927,67761,DebtCon,Mgr,26,0,0,276.54991315,1,16,36.599391114,good
13300,44952,56394,DebtCon,Other,NA,0,0,74.435993325,0,14,41.060320697,good
6900,70717,87466,HomeImp,Other,2,0,0,112.58906066,0,15,41.428089899,good
41700,59889,109250,DebtCon,Mgr,16,0,0,187.13281076,0,22,36.968814443,good
21300,107012,159949,DebtCon,Mgr,15,0,0,166.08298277,0,26,33.355382668,good
22800,76733,105624,DebtCon,Mgr,1,NA,NA,225.32750789,5,23,40.691953683,good
9400,57105,67061,HomeImp,Other,6,0,0,129.50848379,0,34,35.734592764,good
30100,228006,285921,DebtCon,ProfExe,15,0,0,250.53988412,2,25,27.813291406,good
13000,53951,70095,HomeImp,Other,28,0,3,212.38692445,1,24,36.72874424,good
14200,83231,99400,HomeImp,ProfExe,6,0,0,130.16751478,1,26,27.172964706,good
10500,64331,65040,HomeImp,Other,4,0,0,66.541057817,1,20,42.332124341,good
23400,72262,94646,DebtCon,Other,2,0,0,105.99926564,1,29,31.8406351,good
7000,78284,98214,HomeImp,Other,0,0,1,171.83838617,0,31,36.247963031,good
31300,188655,298090,DebtCon,Other,28,0,0,153.0868546,0,22,40.296770712,good
15000,89165,106392,DebtCon,Sales,12,NA,2,166.08501799,0,17,35.033102504,good
10700,50210,64838,HomeImp,Other,9,0,0,95.039168276,2,34,40.396233444,good
21300,145324,179995,DebtCon,ProfExe,5,NA,NA,199.47673517,5,42,39.839640135,good
17500,153839,194027,DebtCon,Other,7,0,0,NA,1,15,29.113651196,good
19600,64000,90000,DebtCon,Mgr,9,0,0,195.8,2,19,NA,good
68700,197356,291242,DebtCon,Self,10,0,0,217.80164742,2,24,29.423058044,good
42500,104027,158425,DebtCon,Other,14,NA,0,224.60137563,3,31,42.68375126,good
21200,103264,148968,HomeImp,ProfExe,8,0,0,161.85911856,1,22,34.548541271,good
30500,138082,181157,DebtCon,ProfExe,2,1,0,219.24730717,1,19,40.874698522,good
39100,68135,108723,DebtCon,Mgr,15,0,1,193.6861891,0,22,38.578992713,good
12400,132894,198168,HomeImp,Office,0,0,1,355.1639113,0,16,40.540295366,good
27700,63962,101676,DebtCon,Other,15,0,1,138.5694126,0,30,37.384588482,good
9700,63488,74374,DebtCon,Office,5,0,0,106.58945227,2,15,26.896012771,good
8200,120837,176244,DebtCon,Other,8,0,0,196.72416054,0,20,34.745743152,good
23900,55284,92305,DebtCon,Other,7,0,0,241.08364933,1,19,37.479757124,good
16800,67049,89729,HomeImp,Other,NA,0,0,286.37512856,0,20,28.739128016,good
9000,50513,61190,DebtCon,Other,5,0,0,75.388551244,1,11,30.498005118,good
8800,135899,202788,DebtCon,ProfExe,1,0,0,53.767621524,1,23,35.932025066,good
8200,79751,125413,HomeImp,Other,7,NA,NA,NA,NA,NA,41.985557292,good
9700,8852,60599,HomeImp,Other,7,2,1,359.1044913,1,21,16.87198276,good
11400,52068,80643,HomeImp,Other,2,0,2,199.08772113,0,13,29.462134076,good
11700,42151,58947,HomeImp,Other,22,0,0,122.03036183,0,23,40.083144531,good
82200,16097,111287,HomeImp,NA,26,0,0,142.1199793,0,14,31.743472096,good
10200,54900,79000,DebtCon,Office,14,0,0,113.63333333,0,24,NA,good
18000,161413,196860,DebtCon,Other,7,0,0,NA,2,16,30.778166837,good
17300,91132,110440,DebtCon,ProfExe,10,0,0,147.55332445,2,19,36.427218736,good
24500,123319,159934,DebtCon,Mgr,2,0,0,300.62518954,0,25,37.786175201,good
20200,125647,166423,DebtCon,Office,1,NA,0,395.14876133,NA,51,36.132509986,good
26900,47882,78854,DebtCon,Other,11,0,0,132.34739209,0,19,41.130706684,good
16100,49244,65523,HomeImp,Office,2,0,0,110.21989337,0,17,31.001523706,good
16900,53252,89720,DebtCon,Office,29,0,0,204.58793388,0,22,33.016153118,good
27500,131269,211014,DebtCon,ProfExe,10,0,0,234.35128879,2,26,18.735147443,good
24300,55579,98320,DebtCon,ProfExe,1,0,0,187.02181081,0,26,33.473373585,good
17400,25844,83229,HomeImp,Other,NA,0,0,247.76164585,0,50,43.701331235,good
18300,68096,99051,DebtCon,Mgr,1,0,0,85.843161697,0,17,27.633516483,good
25200,69510,90781,DebtCon,ProfExe,6,0,1,143.83135388,4,25,35.326912601,good
12900,59191,72716,DebtCon,Other,2,0,0,175.17044098,1,17,35.558171284,good
15700,74587,93180,DebtCon,Mgr,19,0,0,263.15916331,10,24,35.404414526,good
24000,111488,163796,DebtCon,Mgr,15,0,0,185.80205049,0,25,32.22967397,good
20300,21281,90551,DebtCon,Other,22,0,0,219.08822376,2,41,37.15549756,good
11100,82849,113913,HomeImp,ProfExe,10,0,1,167.36102992,0,27,35.763333479,good
10700,48322,64383,DebtCon,Other,0,1,0,185.25673471,2,12,28.030801551,good
10100,87942,106000,DebtCon,Other,13,0,0,219.38527843,2,16,40.75164798,good
16400,47428,76483,DebtCon,ProfExe,4,0,0,232.31554471,3,31,33.106835776,good
37900,150044,202894,HomeImp,ProfExe,5,0,0,156.03392791,0,30,36.311407672,good
13200,70069,88303,DebtCon,Other,3,0,0,240.8560165,2,25,29.06412827,good
31700,55247,103246,DebtCon,Office,3,0,0,177.27692791,1,25,35.302774108,good
26600,78491,121598,DebtCon,Other,4,1,0,84.583010054,1,33,41.342343086,good
12100,46152,72773,DebtCon,Other,0,0,0,270.48998006,0,20,29.495115994,good
22900,65017,88066,DebtCon,Other,3,0,0,93.552927533,1,29,32.011079376,good
12800,91040,114331,DebtCon,Other,12,0,0,175.87735007,0,26,34.747185039,good
9800,55330,78154,HomeImp,Mgr,2,0,1,122.70553687,0,23,28.896101856,good
13600,87294,115183,HomeImp,ProfExe,11,0,2,185.33850577,0,28,35.549808739,good
15400,50402,65561,DebtCon,Mgr,25,0,0,282.62290524,0,16,38.097902468,good
14200,60570,74648,DebtCon,ProfExe,2,0,0,137.84110526,2,35,40.289761298,good
17100,59123,94247,DebtCon,Office,0,0,0,70.016360231,0,22,37.195085532,good
7700,14776,32287,NA,NA,NA,NA,NA,NA,NA,NA,34.880462318,good
43200,367917,466755,HomeImp,ProfExe,3,0,0,312.30633923,4,15,42.62357404,good
25100,23269,75668,DebtCon,Other,NA,2,1,73.317884984,2,25,28.165930143,good
12200,82904,125057,DebtCon,Office,8,0,0,131.6590526,1,21,37.273139992,good
24900,134427,169444,DebtCon,Other,7,1,0,202.44732613,0,19,35.349211904,good
26400,73679,98614,DebtCon,Office,10,0,0,151.62870365,0,20,38.159622791,good
47500,95847,152789,DebtCon,Other,16,0,0,230.06727728,8,18,38.959252878,good
5500,52897,65054,HomeImp,Office,20,0,0,189.29531847,0,19,20.654128896,good
8300,47000,78320,HomeImp,Other,18,0,0,195.83333333,1,17,NA,good
25300,60084,88898,DebtCon,Other,7,0,0,227.08692441,0,19,36.444430994,good
10100,32608,47377,HomeImp,Other,9,0,0,67.38706567,0,3,35.690193036,good
6800,136951,160306,HomeImp,ProfExe,11,0,0,219.7356734,1,18,20.885093499,good
28200,118728,160486,DebtCon,ProfExe,7,0,0,112.52081792,2,26,34.537342291,good
28400,112996,175817,DebtCon,Sales,17,0,0,303.28205506,1,31,36.289002598,good
13300,79512,92224,DebtCon,Other,9,0,0,159.20708757,4,22,38.94860467,good
20800,150507,126763,NA,ProfExe,4,0,0,102.42238785,2,33,31.990310996,good
21000,63405,86804,DebtCon,Office,5,NA,NA,156.87275074,NA,15,37.433784588,good
9800,80267,209931,HomeImp,Self,14,0,0,0.5071145295,NA,8,19.969628699,good
9800,79767,93525,DebtCon,Other,0,4,0,NA,0,4,31.290118994,good
25000,72077,104294,DebtCon,Mgr,1,NA,NA,232.05112346,4,24,40.645479766,good
12000,72786,84595,DebtCon,Office,4,2,2,198.76932508,3,30,38.090209026,good
15700,NA,54557,DebtCon,Office,2,0,0,93.044539516,2,8,41.25598551,good
22100,57018,80673,DebtCon,Other,12,0,0,108.74925607,1,10,7.3901430597,good
70800,192044,292380,DebtCon,Self,10,0,0,221.60848575,2,25,30.37854757,good
28000,58002,86427,DebtCon,Other,9,0,1,129.57535197,2,29,39.362693216,good
15300,81500,102000,HomeImp,ProfExe,3.5,0,0,123.76666667,1,25,NA,good
16200,43794,69458,HomeImp,Office,2,0,0,140.50291634,0,18,31.109528667,good
65200,63338,148871,HomeImp,Office,11,0,0,124.24307678,0,12,41.444010777,good
5500,43486,81600,DebtCon,NA,4,0,0,216.13333333,4,30,NA,good
8000,69341,86900,DebtCon,Office,15,0,1,89.266666667,0,9,NA,good
8700,77377,97070,DebtCon,Mgr,3,0,0,68.854877174,2,24,38.217725784,good
18800,91731,125902,DebtCon,Office,24,0,0,276.7274249,2,16,32.294304005,good
25600,241570,264772,HomeImp,Self,4,1,0,260.74198887,2,50,37.379974648,good
23500,133197,168990,DebtCon,Other,8,1,0,214.28459938,0,19,36.642629039,good
15900,48563,64679,DebtCon,ProfExe,4,0,0,156.10138093,2,12,27.808547086,good
14400,78777,103344,HomeImp,ProfExe,5,0,0,104.40459654,1,27,24.35085757,good
13500,44586,73764,DebtCon,Other,2,0,0,263.93117074,0,21,29.96620202,good
14700,49264,68591,DebtCon,Other,9,0,0,237.83915914,0,18,31.25670012,good
17500,23288,94904,DebtCon,ProfExe,8,0,0,145.12073677,0,20,29.675382217,good
10400,66044,83531,HomeImp,Office,12,0,0,241.51415322,0,31,45.569842652,good
15600,76724,96942,DebtCon,Other,0,1,0,157.41095093,1,18,34.23989502,good
16500,NA,88454,DebtCon,Office,30,0,0,320.42145028,0,16,14.097940896,good
5000,80153,97275,DebtCon,Other,1,0,0,120.67506316,2,10,37.512708409,good
22000,36738,100040,HomeImp,Other,6,0,0,138.94245756,0,14,30.78315421,good
15000,44623,72225,DebtCon,Other,1,0,0,268.4203579,0,21,28.13158042,good
20100,70491,100797,DebtCon,Other,NA,2,0,247.03727185,2,14,40.272149382,good
12100,50973,74183,DebtCon,Mgr,6,NA,NA,122.69182705,NA,24,41.128085307,good
15000,48882,156000,DebtCon,ProfExe,20,0,0,239.5,0,28,NA,good
8200,NA,49331,HomeImp,Other,9,0,0,305.88808215,2,12,33.718613864,good
16900,31143,75125,HomeImp,Other,NA,1,0,237.17904542,0,49,42.132280565,good
40900,64674,111877,DebtCon,Mgr,15,0,0,201.73637289,0,21,40.456009873,good
14800,60573,93187,DebtCon,Other,0,0,0,30.009474259,2,3,39.080207117,good
15000,42720,70000,DebtCon,Other,1,NA,2,289,1,10,NA,good
27500,97679,149877,DebtCon,Mgr,23,0,0,193.0056328,0,12,39.415166848,good
16200,68873,101797,HomeImp,ProfExe,23,0,0,220.96515227,0,23,36.259337335,good
4400,NA,60250,NA,NA,NA,NA,NA,NA,NA,NA,NA,good
26800,124199,166404,DebtCon,Mgr,1,0,0,243.94209954,2,23,34.509656884,good
24600,221331,289991,HomeImp,ProfExe,5,NA,4,474.0270741,NA,55,31.463384548,good
14400,45138,52029,DebtCon,Other,NA,0,0,94.38539454,0,15,40.136054213,good
25000,NA,113000,DebtCon,Mgr,9,1,0,168.4,0,27,NA,good
25900,108319,135884,DebtCon,Mgr,8,1,0,188.37580185,5,18,40.504855047,good
7000,56636,76353,HomeImp,Other,15,0,0,229.3,1,36,NA,good
17300,35070,63862,DebtCon,Other,16,0,0,125.13156939,1,17,37.936519649,good
21900,91767,141897,DebtCon,ProfExe,NA,0,0,207.65328952,0,21,28.216739433,good
17100,91502,113251,DebtCon,Other,18,0,0,289.95440059,0,16,24.458320606,good
14800,86861,93341,HomeImp,Office,NA,0,0,162.02394644,0,26,42.897162114,good
42100,17852,65877,DebtCon,Other,18,0,0,201.43027015,1,30,43.195193566,good
43200,15635,60925,DebtCon,Other,19,0,0,212.11528008,0,30,40.460675816,good
16500,NA,42894,HomeImp,Other,1,0,0,331.42686954,0,8,26.895804457,good
25900,56784,91401,DebtCon,Office,2,0,1,90.16369704,0,23,34.098931734,good
4200,50216,58541,HomeImp,Office,19,0,0,209.87130224,0,19,20.20803267,good
26300,189302,249773,DebtCon,Other,7,0,0,106.60930741,1,26,42.769386705,good
7800,38506,50309,DebtCon,Other,11,0,0,231.0011955,0,32,35.906115846,good
9600,NA,68324,HomeImp,Other,NA,0,0,356.45017827,0,6,36.554268317,good
12900,88304,122178,DebtCon,Office,10,0,0,223.45485481,0,12,41.429958874,good
28300,105000,147000,DebtCon,ProfExe,11,0,0,162.36666667,1,17,NA,good
78700,22762,102997,HomeImp,NA,25,0,0,146.63284161,0,13,34.300201816,good
6200,45564,61956,HomeImp,Other,2,0,NA,101.16706032,NA,13,38.675140153,good
15900,49516,105352,HomeImp,Other,0,0,2,54.437325617,0,9,40.270607618,good
8400,53841,64284,DebtCon,Other,15,0,3,206.35456436,0,36,26.054853712,good
21100,55863,81406,DebtCon,Mgr,10,1,0,74.576426981,2,27,36.760275709,good
12100,50150,65565,DebtCon,Other,4,0,0,166.23170863000001,0,13,26.644324791,good
20200,51449,69060,DebtCon,Office,2,0,0,216.21808098,0,12,33.333582017,good
15400,110900,126400,DebtCon,NA,16,0,0,179.56666667,1,18,NA,good
38900,31836,54976,DebtCon,Other,NA,0,0,NA,6,0,33.459245644,good
31400,16209,62450,DebtCon,Other,1,0,0,108.38765771,1,6,38.121275069,good
16100,76644,103192,DebtCon,Other,5,2,0,76.077935453,0,20,24.187933859,good
13400,88810,102409,HomeImp,Other,19,0,0,145.75659669,4,24,31.336418262,good
25900,59575,85837,DebtCon,Other,22,0,1,189.75535052,0,19,24.874615108,good
40700,11541,64714,HomeImp,Office,NA,1,0,298.64853168,0,19,16.5302805,good
19900,96435,130019,DebtCon,Office,27,0,0,274.2825562,3,16,32.469202654,good
17600,NA,96188,NA,Other,NA,0,0,181.29504647,0,9,30.879317294,good
8100,48781,50434,HomeImp,Other,5,0,0,75.635047684,0,18,24.545192137,good
23300,65310,89959,DebtCon,Other,2,0,0,89.794149202,1,30,33.986098814,good
15500,71412,93723,DebtCon,Mgr,19,0,0,238.50131586,11,24,35.965898215,good
8100,NA,56386,HomeImp,Other,11,1,0,294.60276683,2,12,32.385956174,good
17400,102228,115898,DebtCon,ProfExe,0,0,0,144.19816755,0,30,35.114150348,good
18700,136790,178135,DebtCon,Mgr,12,0,0,246.95441969,0,21,30.11861356,good
6800,71666,99913,HomeImp,Other,0,0,1,196.46499893,0,31,35.761604731,good
21100,16110,54436,DebtCon,Other,24,0,2,207.20795161,1,25,28.093375587,good
38100,67559,113024,DebtCon,Mgr,16,0,0,190.67667138,0,22,40.239609635,good
41400,362578,471827,HomeImp,ProfExe,1,0,0,292.13598502,4,15,40.772058491,good
21700,56822,78399,DebtCon,Mgr,10,1,0,70.691072722,3,28,36.610540064,good
21600,105759,139002,DebtCon,Office,11,0,2,213.03452176,0,24,40.903058402,good
15500,46125,63276,DebtCon,Mgr,27,0,0,298.47641102,0,16,39.30720132,good
21500,90321,103778,DebtCon,ProfExe,2,0,0,128.64278574,0,20,34.282675916,good
21900,NA,57036,DebtCon,Other,NA,0,0,308.60344479,0,18,39.2346081,good
17000,98451,138012,DebtCon,Office,3,NA,NA,120.23893457,2,15,33.953593917,good
23000,91732,140728,DebtCon,ProfExe,NA,0,0,203.90667763,0,21,27.692237423,good
18900,100416,161147,DebtCon,Mgr,1,0,0,216.09704957,1,18,38.460499883,good
21400,90912,121714,DebtCon,Self,3,0,0,221.51542597,2,26,34.885541428,good
8800,101717,122299,HomeImp,Other,11,NA,NA,402.74048173,1,49,38.421427581,good
14300,52608,76936,DebtCon,Other,0,0,0,217.27719188,0,9,34.095384038,good
4000,66000,79050,HomeImp,Other,1.8,2,0,279,1,6,NA,good
21700,8606,75530,DebtCon,Office,NA,0,0,257.12072182000003,0,21,38.739218905,good
11900,71000,87000,DebtCon,Mgr,20,0,0,238.46666667,11,24,NA,good
12000,73000,94900,DebtCon,ProfExe,9,3,0,189.7,1,30,NA,good
4000,67625,80698,HomeImp,Mgr,11,NA,1,212.34930388,0,25,39.128717628,good
9300,21979,39880,DebtCon,Other,3,NA,NA,NA,NA,NA,38.844089335,good
23500,94109,97194,DebtCon,ProfExe,1,1,0,116.81864817,0,20,35.866116431,good
15500,96426,122322,DebtCon,Office,12,0,0,226.28452431,0,12,40.86810919,good
22500,127709,167975,DebtCon,Office,1,NA,0,367.18951506,NA,51,37.888049808,good
3600,83700,111800,HomeImp,ProfExe,6,0,0,192.73333333,1,28,NA,good
17400,44479,78121,DebtCon,Mgr,1,0,0,117.3235888,0,9,27.133989435,good
11300,61810,79817,DebtCon,Office,6,0,0,98.224144195,1,14,25.52507894,good
48200,93127,159179,DebtCon,Other,16,0,0,216.00862038,8,19,38.128228035,good
18400,16756,66340,DebtCon,Office,NA,0,0,239.84485263,0,21,38.662629402,good
15900,102564,120724,DebtCon,ProfExe,0,0,0,125.83407016,0,30,37.993775785,good
10300,54925,84078,HomeImp,Other,2,0,1,189.69527288,0,13,29.133697408,good
12200,70722,81760,DebtCon,Other,0,0,0,219.78527278,3,26,30.277005376,good
53300,NA,84871,HomeImp,Self,8,0,0,169.34372393,1,21,24.031239503,good
26400,43781,66030,DebtCon,Office,17,0,0,184.3849541,2,21,31.489905776,good
24400,95843,123377,DebtCon,Self,2,0,0,201.97675616,1,26,32.903468132,good
20400,81823,114832,DebtCon,Mgr,18,0,0,234.39204154,4,31,35.205818844,good
18100,27186,77694,HomeImp,Other,NA,0,0,249.4133616,0,50,43.727930478,good
25100,41314,71357,DebtCon,Office,19,0,0,183.6314283,1,22,33.665534117,good
6400,76577,83200,DebtCon,NA,5,NA,NA,NA,NA,NA,22.055034214,good
16400,71264,94726,DebtCon,Other,1,0,0,177.2573424,1,31,35.034481355,good
12100,68941,75029,HomeImp,Office,14,0,0,254.18965549,0,31,43.89784955,good
6000,NA,43300,HomeImp,Other,NA,NA,NA,100.93333333,NA,9,NA,good
5800,75000,90543,DebtCon,Mgr,18,0,0,300.4872058,1,23,38.940575356,good
14400,78965,90729,DebtCon,Mgr,4,0,0,132.6602719,2,26,39.686959105,good
9200,46707,60000,DebtCon,Mgr,4,0,0,192.8,2,17,NA,good
9700,77394,86917,DebtCon,Office,16,0,1,81.461400461,0,9,27.705856544,good
12200,110088,137794,DebtCon,ProfExe,3,0,0,251.15189185,1,46,33.517117222,good
15800,61073,90897,DebtCon,ProfExe,8,0,0,208.50075586,0,20,23.035745844,good
26500,NA,63918,DebtCon,Other,25,0,0,135.44094715,0,8,20.161387851,good
17200,89507,121047,DebtCon,Other,14,0,0,118.86613395,1,9,34.602827396,good
23000,71902,101750,HomeImp,Other,5,0,0,214.38925238,0,13,29.045964061,good
25100,65633,100776,DebtCon,Other,15,0,1,141.93813032,0,29,40.62020969,good
11700,78789,91342,DebtCon,Mgr,5,0,0,128.36067425,2,27,41.952681795,good
8500,41210,45175,DebtCon,Office,9,0,0,209.49409472,1,22,29.96408198,good
22200,98624,140938,DebtCon,ProfExe,NA,0,0,207.28893316,0,20,29.218895419,good
16500,163000,193000,DebtCon,ProfExe,10,0,0,262.73333333,1,38,NA,good
8900,63342,78275,DebtCon,NA,19,0,0,162.19648426,1,11,32.612662762,good
4000,62000,78000,HomeImp,Other,4,0,0,109.56666667,0,15,NA,good
17600,56090,103992,HomeImp,Other,1,0,2,46.875135751,1,10,39.081826438,good
15300,84989,98781,HomeImp,Office,NA,0,0,184.54574572,0,25,43.016977602,good
6500,55000,88300,HomeImp,Office,29,0,0,234.4,1,17,NA,good
42600,114000,174000,DebtCon,Self,12,0,0,183.43333333,0,5,NA,good
22300,34326,103199,HomeImp,Other,6,0,0,141.67702987,0,14,30.471798518,good
28200,44363,72966,DebtCon,Mgr,16,1,0,82.270594585,6,16,34.980525368,good
38100,204071,270794,DebtCon,ProfExe,3,0,0,230.39857646,0,32,31.369739388,good
13700,96597,120380,DebtCon,ProfExe,13,0,0,181.40485044,1,17,34.315437212,good
7800,109000,123500,DebtCon,Self,6,0,1,174.46666667,0,19,NA,good
8500,73752,87931,DebtCon,Mgr,21,1,1,291.62037844,0,24,39.003140628,good
26100,80176,113247,DebtCon,Mgr,9,0,1,294.75203341,1,29,33.19212531,good
13000,88614,116994,HomeImp,ProfExe,13,0,2,188.8241991,0,28,32.619501636,good
21200,55203,90639,DebtCon,Other,17,0,0,196.93374862,1,21,32.913874116,good
12300,114035,137208,DebtCon,ProfExe,15,NA,1,173.71432273,0,33,32.056072286,good
9700,84933,122520,DebtCon,Office,10,0,0,141.43307599,1,23,36.795013963,good
23900,21549,49842,DebtCon,Other,25,0,0,300.29631253,NA,12,30.203989283,good
12500,101047,118913,HomeImp,Office,2,0,0,156.60549165,1,22,35.899287842,good
12800,48437,65311,DebtCon,Other,0,1,0,260.55523624,0,21,29.516289851,good
11700,101520,110617,DebtCon,Other,18,0,2,198.54334807,1,16,38.721259448,good
13000,78766,106450,HomeImp,ProfExe,6,0,0,107.95131167,0,26,24.870993882,good
14700,NA,NA,NA,NA,NA,NA,NA,NA,NA,NA,24.595377852,good
28900,29515,49525,DebtCon,Other,36,0,0,288.65624667,0,24,39.60580772,good
26500,29751,57501,NA,Office,1,0,0,114.35918901,2,7,37.075471865,good
47900,95377,157273,DebtCon,Other,16,0,0,236.30265954,8,18,39.103045244,good
21200,63093,101789,HomeImp,ProfExe,18,0,0,623.45620883,1,24,19.414587953,good
20200,41479,70102,DebtCon,Office,5,0,0,172.91171488,2,26,33.834671174,good
18000,62216,85503,DebtCon,Other,3,0,0,307.25070127,2,15,41.439390666,good
6300,NA,39050,HomeImp,Other,NA,NA,NA,294.47804756,NA,12,31.447750409,good
18100,73356,86885,DebtCon,Other,10,0,0,73.746710533,3,12,31.571018889,good
25200,73168,93608,DebtCon,Office,9,0,0,151.12147952,0,21,35.590326769,good
10300,74624,96697,DebtCon,Office,7,0,0,217.23532123,3,28,41.511300788,good
17900,63559,81536,HomeImp,ProfExe,13,0,3,176.87076849,0,13,26.189767088,good
25600,78441,128814,DebtCon,Office,2,0,0,310.50009981,1,24,38.738649619,good
9200,55643,75267,HomeImp,Other,2,0,1,224.88223202,2,15,35.629354389,good
13600,13202,50848,DebtCon,ProfExe,3,0,0,302.20191511,0,16,16.778576691,good
21500,153783,191069,DebtCon,ProfExe,10,NA,NA,105.35993104,0,23,31.792387827,good
24200,104005,158224,DebtCon,Mgr,14,0,0,175.62208285,0,25,33.992424446,good
16700,43794,61446,DebtCon,NA,6,0,0,96.454705906,1,9,28.452980859,good
30300,54352,79302,DebtCon,Office,0,0,0,152.20277687,3,19,41.62936282,good
28800,134144,185910,DebtCon,Mgr,2,NA,NA,122.5038922,NA,39,30.338219429,good
65200,71151,143960,HomeImp,Office,10,0,0,128.78051428,0,12,43.191163412,good
12800,100241,113073,DebtCon,Other,17,0,1,197.27367923,1,15,39.467588446,good
26500,23742,77878,DebtCon,Other,NA,2,1,99.37716841,2,26,28.876723751,good
19500,98718,122659,HomeImp,Mgr,0,0,1,324.25708383,0,20,42.546020912,good
14500,41911,54985,DebtCon,ProfExe,4,0,0,254.66452576,0,35,38.724679607,good
15900,46731,71521,DebtCon,ProfExe,18,0,0,192.14423547,0,22,40.361769906,good
26000,119553,158687,DebtCon,Mgr,5,0,0,290.75850449,0,24,36.977518905,good
45000,NA,76673,HomeImp,Office,11,0,0,297.3,0,13,NA,good
12900,64245,83823,DebtCon,Office,13,0,0,246.8377195,3,36,40.560130328,good
10000,88777.5,112014,DebtCon,ProfExe,13,0,0,182.63333333,2,18,NA,good
20800,107379,147014,HomeImp,ProfExe,10,0,0,161.53748239,1,22,31.925329416,good
17800,39686,67246,DebtCon,NA,5,0,0,114.18355498,1,10,27.575809699,good
53700,25813,78955,HomeImp,Other,3,2,0,243.51485546,7,14,42.998456034,good
11700,NA,69125,NA,NA,NA,NA,NA,NA,NA,NA,23.766832127,good
5600,15275,47954,HomeImp,Self,NA,0,0,204.33524504,0,12,42.397769638,good
12000,88210,114224,DebtCon,ProfExe,8,0,0,203.46897898,1,36,41.572971522,good
8100,43553,88242,DebtCon,NA,2,0,0,207.94046872,4,30,31.329651718,good
11000,89275,108653,DebtCon,Other,15,0,0,206.90348089,2,15,37.743047077,good
33700,73877,124834,DebtCon,Mgr,10,0,0,68.482694591,0,34,25.960455093,good
20000,105422,146613,HomeImp,NA,NA,NA,NA,NA,NA,NA,38.039855031,good
11100,43167,60209,DebtCon,Other,3,0,1,80.368196976,0,20,37.490798825,good
7500,NA,26850,HomeImp,Office,20,0,0,185.63333333,1,16,NA,good
29900,230499,294326,DebtCon,ProfExe,15,0,1,250.49100715,2,26,27.920661771,good
17600,71366,87862,DebtCon,Office,5,0,0,116.79668509,0,20,23.400137117,good
6400,65215,74332,HomeImp,Mgr,9,NA,1,213.8321032,0,24,40.64461955,good
40000,134029,191990,DebtCon,Mgr,NA,1,0,178.7809596,0,24,34.521450249,good
15200,137128,184660,DebtCon,Mgr,11,0,0,254.35602009,0,21,28.815035637,good
8400,62989,76718,HomeImp,Mgr,3,0,2,131.47138261,0,22,29.200400339,good
17300,65077,91991,DebtCon,Other,0,2,3,114.02344238,2,26,35.90776048,good
33500,73761,117729,DebtCon,Mgr,11,0,0,62.120909614,0,35,25.461614071,good
18600,47199,70134,DebtCon,Other,8,0,0,86.558860141,3,15,43.507938545,good
51800,174945,251643,DebtCon,ProfExe,5,0,0,257.80792887,1,33,40.174064762,good
20000,49034,98250,DebtCon,Office,2,0,4,167.36666667,0,47,NA,good
34000,232312,286305,DebtCon,ProfExe,4,0,0,219.65893193,0,29,15.735934888,good
6000,129731,154113,HomeImp,ProfExe,12,0,0,213.53333333,0,19,NA,good
21900,53598,74780,DebtCon,ProfExe,10,0,1,191.55190932,1,42,40.49010197,good
15200,71233,84439,DebtCon,Other,1,0,0,242.98332141,2,26,32.210050357,good
6600,74376,84855,DebtCon,NA,3,NA,NA,NA,NA,NA,20.028353505,good
12200,45095,64736,DebtCon,Other,9,0,0,249.67377106,0,18,31.635302623,good
25000,65000,99000,DebtCon,ProfExe,12,0,0,283.06666667,1,33,NA,good
20400,60393,98247,DebtCon,Office,3,0,0,149.57119967,0,22,34.342249385,good
19900,25589,90051,DebtCon,ProfExe,8,0,0,138.99051437,0,20,30.271092445,good
20900,63038,86870,DebtCon,NA,3,0,0,113.69883344,0,16,38.732521813,good
19600,49984,84519,DebtCon,Other,12,0,0,92.811333225,0,10,7.6140654223,good
16800,115870,130809,DebtCon,NA,15,0,0,177.63228248,0,17,39.567208162,good
26200,75096,120859,DebtCon,Other,4,0,0,107.17711768,2,31,38.552978748,good
50100,NA,85756,HomeImp,Other,NA,0,0,348.78600991,0,6,23.219806012,good
12400,NA,69350,NA,NA,0,0,0,NA,0,0,2.3651954133,good
43200,120310,178938,DebtCon,Self,10,0,0,196.28157917,0,5,40.165488129,good
18900,34583,59247,DebtCon,Other,15,0,0,89.340627109,0,17,39.990188361,good
8300,NA,41438,HomeImp,Other,NA,NA,NA,302.85663286,NA,12,30.104071436,good
27600,131887,174323,DebtCon,Mgr,0,0,0,243.05371295,2,24,35.271867032,good
15900,38514,50309,DebtCon,Other,6,1,0,101.82614234,1,16,38.877808385,good
15800,74575,95815,DebtCon,Other,7,2,0,69.581348102,0,21,24.108726876,good
23200,112948,159050,DebtCon,Mgr,16,0,0,189.83900867,0,25,33.49396616,good
15200,53433,114245,HomeImp,Office,2,NA,3,155.36748659,1,24,36.954615162,good
11700,74783,86227,DebtCon,Mgr,7,0,0,116.75680052,0,23,28.019227084,good
9100,59430,76897,HomeImp,Other,5,0,1,246.09510911,1,16,37.470923376,good
22500,57762,95790,DebtCon,Office,3,0,0,151.71506582,1,21,34.863596079,good
26700,40785,75601,DebtCon,Mgr,14,1,0,98.240520895,5,15,34.154228193,good
20800,NA,130472,HomeImp,Other,1,0,0,308.41035403,3,21,29.665452406,good
16900,66812,90973,HomeImp,Office,9,NA,NA,108.00552587,0,10,37.469017947,good
28000,49764,74526,DebtCon,Other,24,NA,1,294.59478302,1,30,37.611309376,good
7600,77518,83727,DebtCon,NA,4,NA,NA,NA,NA,NA,22.655140286,good
11800,65012,91614,HomeImp,Office,26,0,0,171.88954687,2,13,42.488517052,good
32000,42478,85942,DebtCon,Other,NA,NA,NA,278.36388352,0,16,40.257221713,good
33800,15648,43726,DebtCon,Other,29,0,0,198.45117369,0,14,42.511975049,good
30500,77246,121758,DebtCon,Mgr,10,0,0,79.21417248,0,34,26.521740538,good
20400,NA,94446,HomeImp,Other,6,0,0,184.82428996,1,16,40.775864346,good
16900,67111,96985,HomeImp,ProfExe,21,0,0,233.78439855,1,23,37.324711324,good
22000,142072,181484,DebtCon,ProfExe,6,NA,NA,162.53864032,5,42,41.270820127,good
23100,83458,107589,DebtCon,Mgr,24,NA,0,314.06637396,1,43,38.043726208,good
26900,NA,35397,DebtCon,Other,7,0,NA,85.250840722,NA,13,20.837255468,good
9900,82697,100689,DebtCon,ProfExe,3,0,0,133.36579062,0,26,33.591716314,good
48800,47476,105332,HomeImp,Self,9,0,0,194.13891853,3,36,40.653434674,good
22000,71664,98015,DebtCon,Mgr,9,0,0,191.31360881,1,19,34.921021057,good
10300,57902,74355,HomeImp,Other,4,0,0,243.6309162,1,16,36.574441888,good
21000,67657,100606,HomeImp,Other,5,0,0,225.28527037,1,12,31.04430422,good
22400,71051,102374,HomeImp,Office,14,0,0,137.1896556,0,14,36.122068493,good
17500,103562,130613,DebtCon,Other,1,0,0,288.00847827,0,47,39.358357532,good
20000,NA,130063,HomeImp,Other,2,0,0,323.90195474,2,21,32.314419378,good
21600,94477,135936,DebtCon,ProfExe,NA,0,0,205.01683542,0,20,26.800946168,good
5400,86922,119846,HomeImp,ProfExe,5,0,0,185.07634726,1,28,26.354889295,good
27800,181405,229116,DebtCon,ProfExe,0,0,0,297.99814427,0,32,43.520428182,good
21800,48162,70361,DebtCon,Office,2,0,0,227.98627911,0,12,36.061816398,good
7900,44690,45841,DebtCon,Office,10,0,0,185.62159231,0,22,32.285724089,good
14900,56506,81390,HomeImp,ProfExe,12,0,2,170.76666667,0,14,NA,good
27700,73148,101462,DebtCon,ProfExe,10,0,0,264.60538941,0,33,40.475793354,good
28200,44321,63050,DebtCon,Office,19,0,0,182.24730572000001,2,22,32.477167031,good
16500,126872,167611,DebtCon,Office,5,0,0,136.12243475,1,21,26.404528407,good
16800,76852,90429,DebtCon,Other,6,0,0,183.84300457,3,18,42.297091696,good
32600,233216,38583,DebtCon,Mgr,4,0,1,226.14698877,2,49,40.222182864,good
13900,41641,53200,DebtCon,Other,NA,0,0,83.062468192,0,15,42.403634209,good
9800,49287,69831,DebtCon,Mgr,2,0,0,182.99480622,2,16,29.713466905,good
6900,NA,36191,HomeImp,Other,NA,NA,NA,311.86989931,NA,12,30.790620774,good
20900,NA,73849,HomeImp,Office,7,0,0,124.95599784,1,5,18.481293525,good
17700,72911,97317,DebtCon,Mgr,1,0,0,82.39838379,0,17,25.329250867,good
7300,49064,64225,DebtCon,Mgr,6,NA,4,106.37599933,1,10,40.051915231,good
21500,67377,86502,DebtCon,Office,5,NA,NA,158.64070667,NA,15,37.754842589,good
25500,32458,52329,DebtCon,Other,15,0,0,105.7836806,2,24,29.866278228,good
20800,51562,99997,DebtCon,Office,1,0,4,168.31457712,0,47,35.231392707,good
22900,64350,93126,DebtCon,Office,6,NA,NA,181.82604634,NA,16,39.391352107,good
9000,NA,63684,HomeImp,Other,NA,0,0,358.06666667,0,7,NA,good
2000,64536,87400,NA,Mgr,2.5,0,0,147.13333333,0,24,NA,good
26900,54071,85557,DebtCon,Office,0,0,2,91.209976228,0,22,34.597191903,good
14400,80123,102223,DebtCon,ProfExe,9,2,0,176.418283,0,30,27.644954624,good
10100,NA,69451,NA,NA,NA,NA,NA,NA,NA,NA,22.519685436,good
36300,22431,42834,DebtCon,Mgr,6,0,0,50.419594354,0,6,33.416148272,good
13600,81620,101933,DebtCon,Other,1,0,0,148.06729076,0,22,41.612898979,good
68100,193298,288525,DebtCon,Self,10,0,0,228.28729515,2,25,30.395869434,good
13000,72931,96803,DebtCon,Other,6,0,0,208.67289177,2,18,41.052235012,good
18400,83548,111626,DebtCon,ProfExe,9,0,0,163.85439342,3,17,37.078117787,good
26200,72648,123582,DebtCon,Office,0,1,0,331.35288565,0,23,37.545837379,good
23200,96345,135081,DebtCon,ProfExe,NA,0,0,217.48054226,0,20,26.799930011,good
27500,150666,192346,HomeImp,Self,3,0,0,177.87147325,0,17,39.978650331,good
9100,43249,52946,HomeImp,Mgr,20,1,1,228.39633986,1,18,35.181840743,good
27500,NA,40807,DebtCon,Other,8,1,NA,95.533519165,NA,13,20.39892362,good
14100,36309,53321,HomeImp,Other,8,0,0,110.20635054,1,10,19.187914011,good
10600,27666,56218,HomeImp,Other,3,0,0,249.85118993,0,10,39.528326336,good
13000,27787,44901,DebtCon,Other,8,NA,1,166.7262772,7,28,38.35512561,good
21300,98507,125539,HomeImp,Mgr,0,0,1,311.32570371,0,19,42.227214966,good
27600,121592,153432,DebtCon,Mgr,2,0,0,297.0016085,0,24,40.015316476,good
17400,25859,43684,DebtCon,Mgr,16,1,0,95.363068679,1,17,27.107619574,good
23100,133867,174105,NA,Mgr,26,NA,3,332.40983989,0,28,30.768637688,good
12800,67867,78660,DebtCon,Other,3,NA,NA,159.80149338,NA,34,30.010909605,good
21400,75563,96159,DebtCon,Other,NA,1,0,248.64649535,2,13,42.176585064,good
26700,129559,170042,DebtCon,Mgr,1,0,0,232.64617336,1,24,34.117532893,good
5000,78565,98500,DebtCon,ProfExe,24,0,0,51.766666667,3,14,NA,good
16700,31135,60478,DebtCon,Other,14,0,0,105.13327106,0,18,39.122996804,good
69000,197587,295551,DebtCon,Self,10,0,0,211.77639117,3,24,30.356856518,good
26000,20119,54563,DebtCon,Other,24,0,0,126.98795944,0,11,25.623638507,good
17600,48487,65665,DebtCon,Other,6,0,0,100.17400375,2,15,43.769684913,good
13800,57481,89421,DebtCon,ProfExe,9,0,0,183.10936064,0,19,22.643395545,good
22400,127967,167764,DebtCon,Office,1,NA,0,377.86498468,NA,52,36.438724078,good
44100,NA,51165,DebtCon,Other,NA,5,NA,130.4969829,NA,19,27.10511582,good
18000,68000,98898,DebtCon,Office,10,0,0,206.96666667,2,13,NA,good
8700,56904,64122,DebtCon,Mgr,5,NA,4,119.55547341,2,11,38.695614603,good
6700,134616,155034,HomeImp,ProfExe,13,1,0,215.42240638,0,19,19.493871984,good
15000,73335,99400,DebtCon,ProfExe,0.5,0,0,273.93333333,2,21,NA,good
17000,86341,133564,DebtCon,ProfExe,15,0,0,307.67385711,0,18,28.368210586,good
13300,86360,116111,HomeImp,Mgr,8,0,0,232.29213861,0,24,32.012701356,good
25000,127491,178453,DebtCon,Mgr,1,NA,NA,120.4,NA,39,NA,good
10100,81263,98536,DebtCon,Mgr,1,0,0,73.160447708,1,23,38.331255722,good
18400,41730,59750,DebtCon,NA,6,1,0,109.96140649,1,10,27.911845443,good
25000,22800,49523,DebtCon,Other,36,0,0,281.06666667,1,24,NA,good
23000,62893,90989,DebtCon,Office,4,NA,NA,179.84686269,NA,16,38.630946734,good
21600,43449,68744,DebtCon,Office,11,0,1,121.95099104,1,22,40.916477381,good
36100,94801,146627,DebtCon,Other,11,0,0,64.378792887,1,36,40.234871193,good
10100,126358,180305,DebtCon,Other,8,0,0,199.35052965,1,20,32.033628789,good
26400,153853,188760,HomeImp,Self,2,0,0,172.57083327,0,17,43.35819405,good
6700,NA,30544,DebtCon,Other,2,0,0,283.89723134,0,14,24.120451557,good
11400,75705,90727,DebtCon,Mgr,5,0,0,143.10103259,2,27,42.169926729,good
22400,74553,102373,DebtCon,Other,18,0,0,206.58139512,1,12,40.848022817,good
7800,48200,59000,DebtCon,Other,23,0,0,274.96666667,3,29,NA,good
24000,239568,266430,HomeImp,Self,7,0,0,243.73241747,3,50,35.871958946,good
17600,29201,41396,DebtCon,Mgr,19,0,0,89.20252735,1,16,23.93494584,good
31800,195134,299299,DebtCon,Other,29,0,0,161.88512635,0,22,38.637023919,good
28900,89945,124453,DebtCon,Other,2,0,0,194.91024949,2,25,42.719774573,good
25200,26255,50963,DebtCon,Other,24,0,0,302.43122405,NA,12,31.258328648,good
13400,9698,65524,HomeImp,Other,9,1,0,345.54310649,1,21,15.761919171,good
7900,NA,67081,HomeImp,Office,1,0,0,59.081541425,0,4,41.077878217,good
7900,42400,53000,DebtCon,Other,2,0,1,95.366666667,0,20,NA,good
16600,71564,84627,DebtCon,Office,5,0,0,114.64013288,1,20,22.323142605,good
12600,62493,77141,NA,Other,13,0,0,266.33310144,0,26,27.007872196,good
12100,90917,102400,DebtCon,Sales,11,NA,2,159.87451797,0,17,33.453728495,good
24800,43287,72898,DebtCon,Other,8,0,0,87.01103562,1,18,34.0310957,good
11000,108095,137000,DebtCon,ProfExe,3,0,0,277,1,46,NA,good
23700,18825,55549,DebtCon,Other,26,0,1,203.8609299,0,25,26.629077387,good
20100,38614,56295,HomeImp,Self,3,1,NA,132.61652146,NA,11,25.792653495,good
10300,45275,62724,HomeImp,Other,11,0,1,109.32463871,3,34,37.291824994,good
64200,64888,145725,HomeImp,Office,10,0,1,136.94781122,0,11,40.531823103,good
22700,NA,132297,HomeImp,Other,1,0,0,309.44594908,3,20,29.371002276,good
8700,76008,95976,DebtCon,ProfExe,0,NA,NA,NA,NA,NA,30.022245155,good
27600,73846,100216,DebtCon,ProfExe,12,0,0,282.37066144,1,33,38.191251339,good
16800,46312,67166,HomeImp,Other,27,0,0,241.50838389,0,14,26.220717432,good
12300,52622,64407,DebtCon,Other,0,0,0,191.0774254,1,13,26.203067291,good
22900,41130,81069,DebtCon,ProfExe,8,0,0,276.08761885,0,19,38.501406575,good
16500,44330,72618,DebtCon,Other,6,0,0,101.49536566,2,15,41.457025199,good
27800,142356,177328,DebtCon,ProfExe,6,0,0,315.17556745,0,35,38.595990922,good
20400,86559,123114,DebtCon,Other,9,0,0,280.79322574,2,16,34.439171107,good
34000,121625,169369,DebtCon,ProfExe,15,0,0,112.31499706,0,17,28.994312374,good
7600,NA,40341,HomeImp,Other,3,0,0,265.02047536,1,25,43.300105312,good
12700,NA,41396,HomeImp,Other,0,0,0,302.87005049,1,8,27.989466591,good
36600,32590,58157,DebtCon,Other,NA,0,0,NA,6,0,33.016931024,good
12000,41182,59947,HomeImp,Other,23,0,0,118.17993915,0,22,37.131064161,good
25500,79689,117577,DebtCon,ProfExe,9,0,0,114.96849873,0,19,26.484886371,good
22300,21571,42590,DebtCon,Other,25,0,0,297.67446271,NA,13,33.117017357,good
15100,140193,176342,DebtCon,Mgr,11,0,0,248.18841905,0,20,30.080158196,good
10400,62442,73197,DebtCon,ProfExe,8,0,0,47.610677633,1,24,38.88482776,good
28700,107281,155874,DebtCon,ProfExe,10,0,0,173.83583579,0,17,32.740368493,good
14400,45516,63924,DebtCon,Other,NA,0,0,109.33079808,1,19,40.871987202,good
16500,51758,138693,DebtCon,Other,2,0,0,283.06984094,5,43,39.716770715,good
21100,63955,95621,HomeImp,ProfExe,19,0,0,626.29709367,0,24,20.01032357,good
7600,80900,99525,DebtCon,ProfExe,2,0,0,135.64019635,0,26,34.777089425,good
18400,68655,94322,HomeImp,ProfExe,8,0,0,76.794701258,0,15,32.74121014,good
21900,70152,188365,NA,Other,9,0,0,367.54149045,0,17,32.692515336,good
8300,59761,75081,DebtCon,NA,17,0,0,147.94164245,1,11,31.959227235,good
12000,NA,67446,HomeImp,Other,NA,0,0,356.93333041,0,7,37.934443412,good
20100,59726,79982,DebtCon,Mgr,8,1,0,74.210758656,2,28,36.846921785,good
8000,84730,123455,HomeImp,Other,9,NA,NA,NA,NA,NA,40.032649334,good
13700,74015,113766,DebtCon,Other,7,0,0,75.892415281,2,14,36.395366326,good
11800,44944,57132,DebtCon,Other,NA,0,0,74.156045076,0,14,42.81224294,good
13100,59608,72561,HomeImp,Other,30,1,2,195.53871125,1,24,36.611072985,good
28500,49461,83352,DebtCon,Other,21,0,0,210.02505835,0,26,37.301764099,good
20000,79741,117600,DebtCon,Other,10,0,0,291.16666667,2,17,NA,good
23200,62811,99320,DebtCon,Office,3,0,0,166.86109892,1,21,36.071271567,good
15700,35873,52800,HomeImp,Other,10,0,0,128.23591372,0,10,20.950252082,good
21900,10421,24808,DebtCon,Other,NA,0,0,61.286698451,2,19,40.016621624,good
22300,65022,104766,DebtCon,Office,8,NA,0,117.16181532,2,18,38.348663005,good
27700,35132,71456,DebtCon,Mgr,13,0,0,84.874967196,5,16,35.650730315,good
20000,32000,56373,DebtCon,Other,1,0,0,113.56666667,1,17,NA,good
19900,90966,154351,HomeImp,ProfExe,4,0,0,103.97544215,0,17,35.405919939,good
11600,64510,71105,DebtCon,ProfExe,5,0,0,150.26333198,1,34,43.239187116,good
6600,40926,50486,HomeImp,Office,10,NA,NA,179.80086812,NA,19,27.532376107,good
14200,102512,128657,HomeImp,ProfExe,8,0,0,178.33902633,3,32,27.541140882,good
40900,14719,69488,HomeImp,Office,NA,0,0,318.05545926,0,18,15.078011146,good
36200,36661,53622,DebtCon,Other,NA,0,0,NA,6,0,32.014691655,good
19600,55169,86203,DebtCon,Other,18,0,0,223.60332921,1,22,33.755272795,good
31500,224572,282839,DebtCon,ProfExe,7,0,1,212.75533106,0,29,16.626488981,good
5500,70481,82446,HomeImp,Other,8,0,1,116.59197688,0,24,37.612682724,good
16800,62557,95747,DebtCon,Other,0,0,0,188.18900504,1,31,35.285844744,good
18000,72152,102671,HomeImp,ProfExe,7,0,0,84.639348205,0,16,32.886875225,good
13900,48110,63601,DebtCon,ProfExe,5,0,0,153.73539865,1,12,29.964687389,good
10200,79257,105912,HomeImp,ProfExe,3,0,0,95.35537249,0,33,39.391365195,good
9300,NA,55350,HomeImp,Other,9,0,0,308.34033176,2,13,33.635525403,good
28500,NA,41763,DebtCon,Other,12,1,NA,92.866988596,NA,13,21.901855997,good
10400,45710,55299,DebtCon,Office,0,0,0,166.37415023,0,20,34.536411741,good
31800,226152,283022,DebtCon,ProfExe,4,0,1,209.29737626,0,29,15.734143681,good
19000,165988,217000,DebtCon,Office,13,0,0,214.03333333,1,32,NA,good
19500,52080,89913,DebtCon,Other,12,0,0,110.76030661,0,9,4.337283357,good
10500,41467,58329,DebtCon,Mgr,2,0,0,187.71348615,0,22,27.86112392,good
28900,102108,147463,DebtCon,Mgr,19,0,0,205.8658949,0,13,41.654211317,good
15200,47200,74510,DebtCon,ProfExe,17,0,0,174.5215618,0,23,41.863376119,good
21900,51861,68951,DebtCon,ProfExe,10,0,0,188.97861712,0,42,38.999754155,good
21900,91327,139106,DebtCon,ProfExe,NA,0,0,201.68554815,0,21,30.019555132,good
27000,77910,117590,DebtCon,Other,4,0,0,91.874211097,2,31,38.497154977,good
14900,97646,139884,HomeImp,ProfExe,13,0,0,119.08311639,5,22,36.360597073,good
22000,71858,99000,DebtCon,Other,18,0,0,201.86666667,1,13,NA,good
19100,48730,115967,DebtCon,ProfExe,15,0,0,264.91508429,0,19,25.40820478,good
20800,NA,74486,DebtCon,Sales,6,0,0,407.58562369,0,24,22.16287266,good
18100,62783,86066,DebtCon,Other,0,0,0,293.35858684,2,15,43.617714297,good
6000,53500,64790,DebtCon,Other,0.1,0,2,105.4,3,18,NA,good
20800,46434,68490,DebtCon,Office,6,0,0,171.28347285,2,26,35.999296466,good
23700,104752,143913,HomeImp,NA,NA,NA,NA,NA,NA,NA,36.761014189,good
18900,52640,113391,DebtCon,ProfExe,16,0,0,257.52379662,0,19,27.792323705,good
6800,75964,88754,DebtCon,Mgr,19,0,1,298.70048215,0,23,39.107501643,good
13800,94843,125541,HomeImp,Mgr,2,0,2,159.25249684,0,26,42.305239736,good
32100,127901,176592,DebtCon,Mgr,12,0,0,186.6022388,2,27,40.959377082,good
17900,110332,130756,DebtCon,Other,2,0,1,288.65558416,1,47,41.946375198,good
21600,106308,147378,HomeImp,NA,NA,NA,NA,NA,NA,NA,39.137644634,good
16800,50050,140222,DebtCon,Other,4,0,0,272.49983533,5,43,40.033378243,good
8600,41126,55500,DebtCon,Other,6,0,0,73.033333333,1,11,NA,good
15500,98646,115669,DebtCon,Other,13,0,0,177.54896592,0,26,33.350529004,good
6700,48430,64358,HomeImp,Other,0,1,NA,108.35174747,NA,13,38.894194746,good
6900,53776,51952,HomeImp,Other,5,0,0,87.900118337,0,17,22.286997477,good
24900,139241,171296,DebtCon,Other,6,1,0,220.68715833,0,19,35.591655668,good
25900,152071,185893,HomeImp,Self,0,0,0,185.54351198,0,16,40.642278896,good
27500,145774,206788,HomeImp,ProfExe,4,0,0,191.94101884,0,27,38.001192233,good
26300,78851,109090,DebtCon,Office,8,0,0,405.43042921,0,44,42.341626392,good
58000,39436,75446,DebtCon,Other,2,0,0,102.20935816,0,20,30.164553563,good
9600,NA,56900,NA,NA,NA,NA,NA,NA,NA,NA,14.435238785,good
26000,100548,207647,DebtCon,Other,22,0,0,218.59599134,0,18,26.55949496,good
21800,41582,71574,DebtCon,Other,25,0,0,308.73705314,2,32,34.369367561,good
26700,81968,114647,DebtCon,ProfExe,10,0,1,126.70731968,0,19,27.056726972,good
12000,69796,93757,DebtCon,Office,16,0,1,91.432675908,0,8,24.459383678,good
22400,80226,111307,DebtCon,Other,NA,0,0,186.6311118,1,24,38.936175687,good
15400,73793,86176,DebtCon,Other,2,1,0,229.36937607,3,26,30.958519988,good
10600,46972,80147,HomeImp,Office,12,3,0,244.23353012,2,29,32.656531297,good
18500,10934,66367,DebtCon,Sales,1,0,0,326.56732823,0,5,38.151671011,good
13600,18232,75898,DebtCon,ProfExe,19,0,2,399.35570145,0,12,21.260894854,good
18800,96272,163250,DebtCon,Mgr,2,0,0,204.49258593,1,19,37.868355391,good
4900,67794,84630,HomeImp,Other,4,0,0,112.57341888,0,15,41.673996362,good
30800,195221,293118,DebtCon,Other,29,0,0,151.95741818,0,22,38.181027322,good
18000,23000,46000,DebtCon,Other,0.2,NA,NA,312.53333333,NA,25,NA,good
12200,67474,88473,DebtCon,Other,2,0,0,234.77599668,3,26,29.097298793,good
13200,69195,79252,DebtCon,Office,13,0,0,248.78813035,3,37,41.905604624,good
17700,NA,55796,DebtCon,Office,1,0,0,85.183412567,2,8,40.20948611,good
8700,58060,65605,DebtCon,Other,23,0,0,259.6838134,3,29,39.829999465,good
25000,99348,200000,DebtCon,Other,23,0,0,199.83333333,0,19,NA,good
21200,85092,139345,DebtCon,Other,9,0,1,87.64505947,3,14,42.13884767,good
13200,81654,114333,DebtCon,Other,5,0,0,97.962961658,1,13,33.743367654,good
12300,69499,104045,DebtCon,Other,8,0,0,219.09048911,0,20,18.58475695,good
7500,49100,85650,HomeImp,Other,18,0,0,178.33466667,0,29,NA,good
27600,64818,91915,DebtCon,Other,16,0,0,99.604607809,0,17,32.461144333,good
28800,151328,194243,HomeImp,Self,2,0,0,174.97705282,0,17,42.112540128,good
25200,74038,114722,DebtCon,Mgr,9,0,1,304.00415592,1,28,31.360727251,good
9500,35019,52710,DebtCon,Other,12,0,0,241.58177936,0,31,38.208667839,good
15500,46846,70082,DebtCon,ProfExe,7,0,0,152.16806013,2,12,30.131497225,good
20600,NA,28635,DebtCon,ProfExe,5,0,0,102.98686317,0,18,19.447185151,good
32500,232057,286938,DebtCon,ProfExe,15,0,1,249.95493327,2,26,25.254771745,good
18400,61049,96397,DebtCon,Office,2,0,0,80.155757172,0,23,35.425579192,good
17600,64857,82449,DebtCon,Other,1,0,0,312.88247401,3,15,43.478862555,good
38300,93255,144457,DebtCon,Other,10,0,0,73.656853928,1,36,41.939496061,good
5300,60826,80826,HomeImp,Mgr,10,NA,1,212.89174607,0,25,38.591494028,good
14600,16535,46993,HomeImp,Office,24,0,0,260.89153319,0,20,28.1898371,good
15400,104451,119195,DebtCon,Office,5,0,0,264.76165219,0,34,29.963272776,good
50100,35910,64042,DebtCon,Office,4,0,NA,187.39358015,1,16,30.429246645,good
20600,16779,56481,DebtCon,Other,24,0,1,228.05700238,0,24,27.176647716,good
18300,55584,95236,NA,ProfExe,10,0,0,NA,1,15,24.590633188,good
20800,NA,26732,DebtCon,ProfExe,6,0,0,103.03112953,1,19,21.304272086,good
20500,86236,138729,DebtCon,Other,11,0,0,97.862172571,3,14,38.699441104,good
31800,37100,74796,DebtCon,Other,10,NA,NA,109.77658256,NA,23,33.688866161,good
34800,115191,165667,DebtCon,Other,NA,0,0,244.09766996,4,14,36.131175776,good
14700,33150,46053,HomeImp,Other,8,0,0,76.914717556,2,11,30.69643481,good
49200,40694,69777,DebtCon,Office,3,1,NA,205.10488241,0,16,30.214904343,good
3800,51180,63459,HomeImp,Office,20,0,0,203.75153358,0,20,20.067042051,good
27900,69589,115061,DebtCon,Other,5,0,0,97.8638453,1,32,41.473971731,good
9500,115186,131800,DebtCon,Self,7,0,0,177.05003605,0,19,33.43055804,good
27300,66878,93656,DebtCon,Office,11,0,0,153.79590463,0,20,39.085006344,good
16300,84480,101243,DebtCon,Office,30,NA,0,337.34230408,2,49,35.412870351,good
16600,102543,119493,DebtCon,Office,3,0,0,276.69318517,0,33,29.284071859,good
6500,70300,107500,DebtCon,Office,1,0,0,242.46666667,1,38,NA,good
15400,32131,47338,HomeImp,Other,9,0,0,93.373142196,1,11,31.409186356,good
10800,NA,49495,HomeImp,Mgr,5,NA,NA,141.16529822,NA,8,21.079998939,good
11500,70409,89099,DebtCon,ProfExe,9,0,0,169.40165199,0,11,40.174430056,good
19300,73668,89061,DebtCon,Other,0,2,1,113.45356121,2,25,33.498815377,good
11900,26601,52544,HomeImp,Other,0,0,0,240.6943608,0,11,40.775677146,good
21900,61838,92091,DebtCon,Office,5,NA,NA,171.57670006,NA,16,37.800400889,good
28200,109184,207035,DebtCon,Other,23,0,0,179.93775089,0,18,23.662456689,good
25300,46780,62536,DebtCon,Office,18,0,0,189.13668831,0,22,30.746724366,good
8200,101230,120087,HomeImp,Other,9,NA,NA,419.27296549,1,49,40.558271494,good
15600,NA,66837,NA,NA,9,0,0,94.69068521,0,15,26.322569547,good
18700,37883,64763,HomeImp,Other,25,0,0,236.99683653,0,13,23.621203075,good
14900,97930,113886,DebtCon,Office,3,0,0,267.8272583,0,33,28.420293345,good
9300,73252,100537,DebtCon,ProfExe,2,0,0,99.774527119,0,26,34.514635071,good
4900,170986,245300,DebtCon,Sales,NA,0,0,131.93333333,0,22,NA,good
50900,42541,68483,DebtCon,Office,5,1,NA,181.3903357,1,15,30.909712904,good
43300,18824,63487,DebtCon,Other,22,0,0,212.25488936,0,30,41.246735956,good
6100,79636,87276,HomeImp,Other,20,0,0,350.43613755,0,47,28.848276581,good
9600,77359,101365,HomeImp,Other,1,0,0,182.80351445,0,31,33.481910133,good
12100,74594,90555,DebtCon,Mgr,4,0,0,123.77662458,2,27,41.634847306,good
16500,52030,158296,DebtCon,ProfExe,20,0,0,218.53926573,0,27,22.484791751,good
22400,130184,164189,DebtCon,ProfExe,6,0,0,173.64133881,0,39,19.640667266,good
8700,30716,84778,HomeImp,ProfExe,19,0,0,219.08523561,0,10,23.808894154,good
19600,128876,162994,DebtCon,Office,2,NA,1,382.31221703,NA,52,36.06796344,good
31600,11478,66275,DebtCon,Other,1,0,0,97.198633924,1,5,35.945205753,good
8600,45960,57473,DebtCon,Mgr,4,0,0,189.76806013,0,22,26.754411554,good
23600,30758,57280,DebtCon,Other,13,0,0,104.39569049,2,24,31.120398625,good
31000,37507,71612,DebtCon,Other,10,NA,NA,112.8714443,NA,24,31.784456165,good
14600,63475,89430,HomeImp,Other,NA,0,0,286.30181489,0,19,28.638062771,good
16000,90900,152300,HomeImp,ProfExe,5,0,0,102.5,0,17,NA,good
31900,104092,143832,DebtCon,Other,15,0,0,235.20181946,1,40,43.691524423,good
27900,55859,92179,DebtCon,Office,0,0,1,94.932544383,0,23,33.09789894,good
19000,42488,65636,DebtCon,Other,7,0,0,90.676444354,3,14,42.226716481,good
23000,NA,49906,DebtCon,Other,NA,NA,NA,96.756969054,NA,13,27.441242408,good
21200,91759,95165,DebtCon,ProfExe,2,0,0,106.8357327,0,19,34.216689169,good
15000,18000,163580,HomeImp,Self,7,0,0,304.36666667,0,27,NA,good
35200,239987,43028,DebtCon,Mgr,2,0,1,210.18900524,3,49,41.336626731,good
5000,73126,87500,DebtCon,Other,1,0,0,125.96666667,2,10,NA,good
15500,97596,119326,DebtCon,Office,0,NA,3,254.70773261,1,30,40.987300926,good
10700,67523,85560,DebtCon,Sales,5,0,0,126.84293494,0,35,26.001665333,good
23000,72681,105405,DebtCon,Mgr,0,NA,NA,230.07506449,4,23,43.519093321,good
19300,98769,121140,HomeImp,Mgr,0,0,1,313.92451539,0,20,43.085543048,good
26200,100931,132627,DebtCon,Office,11,0,1,169.03209387,0,28,41.089569186,good
13700,90714,120292,DebtCon,Office,11,0,0,215.61201633,0,13,40.304301343,good
8300,178745,251935,DebtCon,Sales,NA,0,0,130.7309108,0,22,42.358059882,good
22700,93542,99198,HomeImp,NA,6,NA,NA,NA,NA,NA,30.080343444,good
23100,95352,115077,DebtCon,Other,24,0,0,253.32937133,0,26,39.816800565,good
16000,NA,46140,DebtCon,Other,NA,NA,NA,344.58012601,NA,16,31.640812778,good
25700,43881,69954,DebtCon,Other,10,0,0,126.47306563,0,20,40.769061823,good
13400,98701,129679,HomeImp,ProfExe,10,0,0,179.127926,2,32,29.549283511,good
15000,59000,86420,DebtCon,Office,1.5,0,0,160.3,0,25,NA,good
24200,49798,67458,DebtCon,Other,6,0,0,68.931110225,2,18,36.46436586,good
17000,27088,166437,HomeImp,Self,7,0,0,306.67417105,0,27,26.156717881,good
15300,NA,53184,DebtCon,Office,1,0,0,81.62597086,1,9,39.007822759,good
34600,143542,195327,DebtCon,ProfExe,23,0,0,174.63534866,1,22,37.447384006,good
23000,76213,184360,NA,Other,12,0,0,379.34995485,0,16,32.040366079,good
15400,103934,113696,DebtCon,Office,4,0,0,265.5863519,1,34,26.750403963,good
28500,97262,131830,DebtCon,Office,10,0,0,168.8035325,0,29,42.324924696,good
42800,6929,67573,HomeImp,Office,NA,0,0,299.38089192,0,19,14.04201152,good
12000,63019,74204,DebtCon,Office,6,0,0,98.591738332,2,14,24.490438355,good
11700,47072,85090,HomeImp,Other,18,0,0,192.25318228,0,16,35.064864675,good
29200,139299,180818,DebtCon,ProfExe,1,0,0,226.86114488,1,19,40.817309246,good
23600,36438,80176,DebtCon,ProfExe,10,0,0,289.70153888,0,19,39.929954554,good
18000,90275,135792,DebtCon,Mgr,13,0,0,178.66176401,1,26,33.336960792,good
7600,133475,203936,DebtCon,ProfExe,1,0,0,87.452870081,2,23,37.005967843,good
21200,113648,145650,DebtCon,Office,11,0,1,231.01924428,0,24,41.559303671,good
52200,NA,81115,HomeImp,Self,10,0,0,173.21428423,1,21,24.981882821,good
16300,96431,161284,NA,Other,NA,0,NA,256.3719323,NA,23,39.07781351,good
22300,133995,281186,HomeImp,Mgr,2,0,0,181.15398818,0,15,28.899299611,good
21600,NA,54212,DebtCon,Other,NA,0,1,303.43333333,0,19,NA,good
11300,74783,100909,HomeImp,ProfExe,5,0,0,85.664833722,0,34,35.947854706,good
17800,61494,85864,DebtCon,Other,2,0,0,303.83765082,3,15,40.246312084,good
28100,100420,207737,DebtCon,Other,22,0,0,197.19812185,0,19,26.372548724,good
11400,64934,74875,DebtCon,Other,3,0,0,192.31448267,2,16,34.343755724,good
6300,26655,29792,DebtCon,Other,1,1,0,12.759267447,10,6,28.36185178,good
23400,125750,165732,DebtCon,ProfExe,6,0,0,195.08453906,0,38,20.733031637,good
40400,145423,203712,HomeImp,ProfExe,5,0,0,150.80439683,0,31,37.308013074,good
6300,99469,116260,HomeImp,Office,23,0,0,124.74559549,1,12,35.642270107,good
26100,NA,35271,DebtCon,Other,9,0,NA,96.528316157,NA,14,23.318650008,good
18800,70102,99841,HomeImp,ProfExe,10,0,0,68.168572872,0,16,32.853794362,good
15000,95300,135700,DebtCon,Office,3,NA,NA,115.66666667,3,16,NA,good
13000,110097,210595,HomeImp,ProfExe,3,0,0,122.63869991,0,15,29.327513673,good
14600,59658,80384,DebtCon,NA,8,NA,NA,NA,NA,NA,25.192869401,good
27600,129311,188143,DebtCon,Mgr,1,NA,NA,122.51688476,NA,39,30.474173738,good
25100,85337,104607,HomeImp,NA,6,NA,NA,NA,NA,NA,27.950475129,good
25900,118965,154728,DebtCon,ProfExe,8,0,0,101.19760679,3,26,32.598401872,good
8800,74562,89695,HomeImp,Other,24,0,0,338.77674581,1,47,28.439716511,good
23600,126254,169638,DebtCon,ProfExe,6,0,0,176.74916309,0,38,17.620920214,good
17200,94937,133859,DebtCon,Mgr,6,NA,NA,248.15887558,2,42,36.790875327,good
12100,48149,74539,DebtCon,ProfExe,17,0,0,200.03256163,0,15,23.130971888,good
31000,13542,58827,DebtCon,Other,0,0,0,92.1329084,0,6,36.256968747,good
17200,48427,66082,DebtCon,Mgr,29,0,0,283.84875911,1,16,38.393634669,good
19800,56745,83146,DebtCon,Other,11,0,0,85.253619221,0,10,7.8621936317,good
10200,59907,71580,DebtCon,ProfExe,14,0,0,237.94813719,2,32,36.400946661,good
25000,65700,93400,DebtCon,Office,10,0,0,149.16666667,0,21,NA,good
33700,28956,45640,DebtCon,Other,0,0,0,59.042703682,0,6,16.495080637,good
28200,61038,87534,DebtCon,Other,8,0,0,137.48781925,3,30,39.360018601,good
8400,102894,117799,HomeImp,Other,9,NA,NA,420.09816444,1,49,39.633190088,good
20900,51960,105524,DebtCon,Office,2,0,3,179.92563497,0,47,37.179602413,good
49300,40724,102546,HomeImp,Self,6,0,0,211.44931383,1,36,39.037679093,good
7900,NA,71519,HomeImp,Office,0,0,0,55.873860215,0,4,38.375091295,good
25300,122933,157009,DebtCon,Mgr,3,0,0,280.57384454,0,24,38.740801417,good
21100,91479,127110,DebtCon,Office,25,0,0,279.46823675,3,16,33.078522222,good
9300,39307,51680,DebtCon,Office,8,0,0,196.0146349,0,23,30.731571704,good
11600,82326,94599,DebtCon,Other,0,4,0,NA,0,3,29.893621477,good
23600,96452,125277,HomeImp,Mgr,11,0,0,127.35992199,1,23,30.985538961,good
31800,125864,175163,DebtCon,Mgr,12,0,0,174.20934404,2,28,40.584811501,good
26000,58794,91413,DebtCon,Other,5,0,0,230.68023074,0,19,37.996923331,good
20300,13838,30813,DebtCon,Other,0,0,0,39.645887291,1,3,29.98518301,good
27000,13718,35684,DebtCon,Other,16,2,0,122.29444677,1,18,24.355759583,good
10600,61513,73143,DebtCon,ProfExe,2,0,0,164.56765548,2,34,43.204953133,good
21400,53071,104997,DebtCon,Office,1,0,4,173.57510466,0,47,37.823173086,good
27000,45880,82425,DebtCon,Other,21,0,0,212.64422077,0,27,36.997793604,good
5400,NA,75254,NA,NA,NA,NA,NA,NA,NA,NA,23.163742947,good
18600,49385,70220,DebtCon,ProfExe,6,0,0,229.474919,2,32,30.731396529,good
10300,75483,99345,DebtCon,ProfExe,3,0,0,133.79051006,0,25,34.887236085,good
11800,38825,51984,DebtCon,Other,NA,0,0,82.527794351,0,14,40.88273326,good
10900,51990,76918,HomeImp,Other,0,0,1,180.81810233,0,12,29.555406533,good
5800,NA,34704,HomeImp,NA,NA,NA,NA,NA,NA,NA,34.174055545,good
8600,78579,93697,DebtCon,Other,0,0,0,115.19332144,1,10,33.837202699,good
21500,107799,160526,DebtCon,Mgr,16,0,0,195.48568002,0,25,32.378768136,good
8300,51783,57839,DebtCon,Other,3,0,0,96.176673144,0,20,36.210351332,good
15200,90108,118941,HomeImp,Mgr,2,0,2,170.93894263,0,25,41.157501063,good
21400,92241,133791,DebtCon,Other,11,0,0,81.446380314,3,15,41.395461831,good
15900,19639,171350,HomeImp,Self,8,0,0,311.31036041,0,26,26.876729861,good
25600,NA,147598,NA,NA,NA,NA,NA,NA,NA,NA,14.461987334,good
16400,73466,89453,DebtCon,Other,4,0,0,198.82742376,3,19,41.523497409,good
16400,21857,51994,HomeImp,ProfExe,7,0,0,201.93333333,0,14,NA,good
15200,NA,100320,NA,Other,NA,0,0,190.25647598,0,9,33.799992283,good
22100,NA,65192,HomeImp,Office,9,0,0,128.1567931,1,4,18.882955601,good
20700,41000,65000,DebtCon,Other,26,0,0,305.26666667,3,32,NA,good
25000,145000,185000,HomeImp,Self,2,0,0,176.5,1,17,NA,good
24600,NA,146804,NA,NA,NA,NA,NA,NA,NA,NA,17.263534849,good
22300,93305,143672,DebtCon,ProfExe,21,0,0,176.4166175,0,25,40.471092138,good
8300,14601,66143,HomeImp,Office,24,0,0,320.23488221,1,12,40.015070568,good
20000,132436,180000,DebtCon,ProfExe,22,0,0,221.16666667,1,24,NA,good
15000,42657,65000,DebtCon,ProfExe,18,0,0,181.6,0,23,NA,good
18900,68315,98175,HomeImp,Mgr,14,0,0,161.33333333,0,28,NA,good
20300,37388,55703,DebtCon,Other,NA,0,0,222.733567,0,12,39.814736842,good
10500,88829,114962,DebtCon,Other,13,0,0,206.21222804,3,15,37.864946214,good
11300,40752,53683,HomeImp,Other,22,0,1,129.75806208,0,23,38.425881111,good
10300,65876,80064,DebtCon,NA,3,0,0,220.82597888,0,15,30.633131002,good
9800,49298,73426,HomeImp,Office,9,3,1,242.38901624,1,29,34.690361253,good
8500,61607,81126,HomeImp,Other,16,0,0,222.21119026,1,35,34.729698093,good
34500,109000,159500,DebtCon,Other,NA,0,0,250.63333333,3,14,NA,good
10800,75378,86060,DebtCon,Mgr,6,0,0,102.66507078,0,23,30.09500969,good
11800,21813,30436,DebtCon,Office,5,0,1,104.01163591,0,16,19.408461231,good
21700,187311,230513,DebtCon,ProfExe,2,0,0,270.47903997,0,27,38.999232038,good
13500,59352,87767,HomeImp,Other,NA,0,0,300.57942292,0,19,28.118296895,good
21000,90267,134000,HomeImp,ProfExe,7,0,0,160.9,0,32,NA,good
7000,58843,75300,HomeImp,Other,1.5,0,0,103.66666667,0,7,NA,good
18000,7051,66200,DebtCon,Office,NA,0,0,250.56666667,0,22,NA,good
25400,61771,105880,DebtCon,Other,17,0,1,130.15042286,0,29,37.195249012,good
17500,99853,163401,DebtCon,Mgr,0,0,0,208.46227619,1,18,37.82861717,good
9400,56675,66976,HomeImp,Other,6,0,0,128.07164796,0,33,35.033371132,good
18500,42683,68000,DebtCon,Office,3,0,0,229.3,0,12,NA,good
47100,48062,107824,HomeImp,Self,9,0,0,203.68669838,2,35,41.526317397,good
53700,NA,84205,HomeImp,Other,NA,0,0,339.66561472,0,7,22.639940355,good
4000,NA,45760,HomeImp,NA,0,0,0,NA,0,0,NA,good
18600,23792,79716,HomeImp,Other,NA,0,0,238.78983667,0,50,42.127124258,good
8700,77930,80164,HomeImp,Other,20,0,0,350.52840986,1,47,29.6623601,good
16600,45877,68563,HomeImp,Office,2,1,0,119.50076473,0,18,33.073048345,good
38200,92227,143087,DebtCon,Other,13,0,0,61.178335051,1,36,40.329542416,good
17400,49765,66782,DebtCon,Mgr,27,0,0,272.59048247,1,16,39.383064504,good
25800,140785,208421,HomeImp,ProfExe,3,0,0,176.27148929,0,28,39.745002842,good
23500,62441,97293,DebtCon,Office,1,0,0,152.83275416,0,21,34.531259989,good
16400,100014,122281,DebtCon,ProfExe,0,0,0,123.13398762,0,30,34.936673908,good
10900,17282,70783,DebtCon,ProfExe,19,0,1,404.9043933,0,11,23.610124369,good
13300,80059,121790,NA,NA,NA,NA,NA,NA,NA,NA,34.561831401,good
59800,42069,72082,DebtCon,Other,4,0,0,78.404073089,0,21,29.01621726,good
18000,52301,79959,DebtCon,Other,1,NA,1,290.2806482,0,9,37.16369797,good
26800,149729,183027,DebtCon,ProfExe,7,0,0,331.25655711,0,34,37.000883221,good
21000,106011,173778,DebtCon,Office,7,0,0,223.76961057,3,24,40.564750356,good
21600,30022,51337,DebtCon,Other,0,NA,NA,312.19978392,NA,25,35.379681226,good
18100,95322,119643,HomeImp,Mgr,2,0,0,313.60338664,1,20,42.119285302,good
28000,140770,209726,HomeImp,ProfExe,5,0,0,190.32952199,0,27,38.886605965,good
5300,50934,62957,HomeImp,Office,21,0,0,197.24195728,0,20,19.350505633,good
18900,83474,104133,HomeImp,ProfExe,4,0,0,109.9887849,1,24,38.864019539,good
22800,49361,81914,DebtCon,Mgr,4,0,0,264.93706618,2,25,32.010244608,good
26400,240907,260638,HomeImp,Self,7,1,0,255.41551402,3,51,37.652919106,good
18000,65836,100292,HomeImp,ProfExe,22,0,0,237.10163194,0,24,36.33819671,good
14400,34291,68444,DebtCon,ProfExe,6,0,0,262.07916362,1,15,21.981066452,good
12700,159661,183244,DebtCon,ProfExe,7,NA,1,210.11522091,4,26,43.768191776,good
15800,NA,96579,DebtCon,Office,28,0,0,328.21049264,0,15,12.1535212,good
19000,172108,195892,DebtCon,ProfExe,10,0,0,276.76334062,0,38,24.475689897,good
16600,69644,100411,DebtCon,Office,0,0,0,149.09522704,4,19,29.725746822,good
17700,60260,90196,HomeImp,ProfExe,11,0,1,177.85484553,0,14,29.60717111,good
23800,44372,67279,DebtCon,Other,6,0,0,75.813971337,2,19,36.529569478,good
9900,73804,97413,DebtCon,ProfExe,5,0,0,107.33302454,0,25,33.524879599,good
13000,77355,114400,NA,NA,NA,NA,NA,NA,NA,NA,NA,good
5500,78059,78179,DebtCon,NA,5,NA,NA,NA,NA,NA,20.679313582,good
24400,110177,145000,DebtCon,Office,5,NA,NA,293.23652482,2,36,NA,good
17600,79122,96116,DebtCon,Other,1,0,0,152.44371441,1,18,35.589662601,good
33700,132617,172152,DebtCon,Mgr,15,0,0,178.41118328,1,28,42.457644852,good
8000,57361,71167,HomeImp,Mgr,2,0,1,130.76703495,0,22,29.381985445,good
13300,38232,59482,DebtCon,Mgr,NA,NA,NA,NA,NA,NA,36.027104172,good
25000,94000,125000,DebtCon,Office,11,0,1,151.13333333,0,29,NA,good
26200,141109,245422,HomeImp,ProfExe,28,0,0,343.78712232,1,18,38.113555937,good
43300,119351,179347,DebtCon,Self,13,0,0,178.95153943,0,4,37.980464023,good
12300,35651,59795,HomeImp,Other,22,0,0,118.65306415,0,23,40.662981652,good
11800,53596,69786,DebtCon,Mgr,5,NA,NA,126.78778068,NA,24,41.047754879,good
8500,73208,88588,DebtCon,Mgr,10,0,0,114.55258227,0,23,30.082488981,good
17400,97072,155146,DebtCon,Mgr,0,0,0,204.16561629,0,19,40.507964774,good
12000,36072,62960,DebtCon,ProfExe,8,0,0,288.5298732,0,16,22.423002459,good
7700,32243,36369,HomeImp,ProfExe,12,0,0,180.41578673,0,13,21.72081838,good
9800,47126,57365,DebtCon,Other,0,0,1,91.141218712,0,19,38.657640295,good
51500,NA,90003,HomeImp,Other,NA,0,0,347.80251427,0,7,25.324001925,good
48400,33300,60000,DebtCon,Office,5,1,NA,193.36666667,1,16,NA,good
17200,62840,92946,HomeImp,ProfExe,5,0,0,133.15948077,0,11,27.503540171,good
8000,82547,105361,DebtCon,ProfExe,24,0,0,52.59326412,2,13,32.160922592,good
25000,69300,111800,DebtCon,Other,5,0,0,95.366666667,2,32,NA,good
6500,81145,117530,HomeImp,Office,29,0,0,327.20063852,1,38,34.345837692,good
16000,96000,160050,NA,Other,NA,1,NA,260.76666667,NA,24,NA,good
10300,NA,50548,HomeImp,Mgr,5,NA,NA,165.55319924,NA,9,23.886330813,good
16400,57139,164133,DebtCon,ProfExe,21,0,0,238.4610031,0,27,22.206846015,good
18600,14167,71194,DebtCon,Office,NA,0,0,264.01712414,0,21,40.246901138,good
8500,NA,27873,HomeImp,Office,21,0,0,190.06187015,0,15,38.375406098,good
5300,44993,50673,HomeImp,Office,7,NA,NA,184.74276716,NA,18,27.906122726,good
6000,51000,86125,HomeImp,ProfExe,6,0,0,222.16666667,2,24,NA,good
24500,62490,97467,DebtCon,Other,14,0,0,96.972678724,1,17,34.975655027,good
11600,22635,33353,DebtCon,Office,6,0,0,85.57207035,0,16,19.223872665,good
3600,52337,63989,HomeImp,Office,20,0,0,204.27249884,0,20,20.470915508,good
25000,188545,241279,DebtCon,Other,9,0,0,102.5,2,26,NA,good
27100,20479,46735,DebtCon,Other,24,0,0,103.81628973,0,10,24.258677221,good
4500,45500,50000,HomeImp,Other,6,0,0,86.166666667,0,18,NA,good
18600,96476,119780,DebtCon,Office,0,NA,2,264.15312468,0,29,40.805743364,good
21700,62506,96588,HomeImp,ProfExe,18,0,1,615.13337324,0,24,21.972675195,good
12400,49264,57923,DebtCon,Other,0,0,0,182.00104146,2,13,27.00877688,good
30500,113822,148478,DebtCon,ProfExe,10,0,0,165.78827835,0,16,31.163207005,good
6200,75121,96462,DebtCon,ProfExe,0,NA,NA,NA,NA,NA,27.167655962,good
22300,69002,105292,DebtCon,Office,8,NA,0,96.342139921,2,17,35.755106732,good
16800,58193,82942,DebtCon,Other,1,0,0,320.06300966,3,16,42.845962863,good
8400,84666,123613,HomeImp,Other,8,NA,NA,NA,NA,NA,39.658320047,good
78400,13900,102910,HomeImp,NA,27,0,1,138,0,14,NA,good
27000,NA,38441,DebtCon,Other,8,1,NA,85.179503348,NA,14,23.691176013,good
19900,4641,23636,DebtCon,Other,NA,0,0,63.535254747,1,19,40.442378233,good
20700,107766,146937,DebtCon,Office,12,0,2,223.13789747,0,24,42.547274756,good
11100,82329,100139,HomeImp,ProfExe,5,0,0,108.53256364,0,26,26.099258701,good
22300,24622,51631,DebtCon,Other,28,0,0,316.69747461,NA,12,30.676434449,good
16100,99844,114647,DebtCon,Other,11,0,0,169.983556,0,27,33.523278536,good
20600,67086,108006,DebtCon,Office,6,NA,1,116.32865754,2,18,36.966325226,good
20600,69949,101807,HomeImp,Other,3,0,0,218.39093903,0,13,30.271239302,good
50400,40140,103789,HomeImp,Self,9,0,0,208.76657482,3,35,40.015262668,good
11500,59781,69864,DebtCon,Other,4,0,1,312.54739604,0,9,31.181801354,good
24800,98139,121696,DebtCon,Self,3,0,0,208.52326694,1,27,32.64426513,good
27100,24494,77479,DebtCon,Other,NA,1,1,101.3129167,1,26,31.124553856,good
16400,62786,79154,DebtCon,NA,7,NA,NA,NA,NA,NA,24.838940068,good
24100,80005,102098,DebtCon,Other,18,1,0,196.25310409,1,12,39.758932499,good
26600,148986,175750,DebtCon,Other,1,0,0,197.39171326,0,35,40.514989578,good
11300,57377,75038,DebtCon,Office,4,0,0,91.219961165,1,15,25.140279716,good
9800,54861,71138,HomeImp,Other,4,0,0,258.33461797,2,16,36.035712866,good
17700,71399,96588,HomeImp,ProfExe,7,0,0,83.59853183,0,16,33.626585668,good
27700,NA,42515,DebtCon,Other,11,1,NA,95.043074141,NA,13,20.209037687,good
14400,32683,48467,HomeImp,Other,11,0,0,114.41203294,0,10,21.46972396,good
13300,61414,72101,NA,Other,12,0,0,260.07164984999997,0,27,27.286882027,good
13700,84996,112522,HomeImp,ProfExe,9,0,1,171.95341056,0,28,32.843504905,good
16900,102108,117650,DebtCon,Other,9,0,0,279.11258466,1,19,29.645177293,good
17200,11950,170000,HomeImp,Mgr,22,0,0,77.283384968,1,20,28.82169866,good
12500,71582,93400,DebtCon,Other,6,3,0,74.066666667,1,21,NA,good
9400,85448,94101,DebtCon,Other,2,0,0,104.11336317,2,32,39.54184797,good
11000,46093,60563,DebtCon,Mgr,4,0,0,190.48216428,1,21,29.578148133,good
13500,71698,93536,DebtCon,Other,6,0,0,202.46588178,2,19,42.814734648,good
46100,NA,86132,HomeImp,Office,10,0,0,301.92568796,0,13,33.914738063,good
14000,32000,48500,DebtCon,ProfExe,4,0,0,255.66666667,1,35,NA,good
18000,84824,115146,DebtCon,Other,21,0,0,293.98043579,0,16,27.097523474,good
28300,145931,239990,HomeImp,ProfExe,27,0,0,357.23095382,0,19,38.268469992,good
6200,70793,71552,HomeImp,Sales,3,2,0,162.94515692,0,23,40.315396587,good
17500,61524,87188,HomeImp,ProfExe,3,0,0,115.80866085,1,13,25.401570002,good
26500,134952,165451,DebtCon,Other,8,1,0,225.32367218,1,19,35.734856373,good
14400,NA,69712,NA,NA,0,0,0,NA,0,0,2.553521964,good
33700,83471,133221,DebtCon,Mgr,29,0,0,334.58120661,0,19,39.095566258,good
13300,50039,63784,DebtCon,Other,3,0,0,176.84619551,0,13,27.865588733,good
14800,48910,70039,DebtCon,Other,8,0,1,94.971595989,3,48,30.920501687,good
19800,47488,77916,NA,NA,NA,NA,NA,NA,NA,NA,37.308246697,good
14300,19111,49794,HomeImp,Office,23,0,0,262.30674029,0,19,30.933678393,good
20200,61303,97780,HomeImp,ProfExe,17,0,1,632.1031857,1,24,20.737039009,good
12000,87000,113850,DebtCon,Office,11,0,0,216.13333333,0,12,NA,good
30000,48000,97000,DebtCon,Office,3,0,0,173.5,2,25,NA,good
15400,59518,91172,DebtCon,Office,2,0,0,159.00351063,0,25,24.990490702,good
6500,63144,76754,HomeImp,Mgr,2,0,2,129.0777116,0,23,29.055433128,good
40500,145127,205613,HomeImp,ProfExe,5,0,0,143.1288344,0,30,35.337545404,good
16200,53600,73500,DebtCon,Other,5,NA,NA,104.73333333,1,8,NA,good
9100,47756,84022,HomeImp,Other,18,0,0,206.79736096,1,17,32.391146387,good
5700,76948,85753,HomeImp,Other,7,0,0,128.47645151,0,25,37.85968784,good
27000,144901,178093,DebtCon,ProfExe,7,0,0,331.1139721,0,34,40.566551898,good
20800,155315,192038,DebtCon,ProfExe,11,NA,NA,114.48219764,0,23,29.891571941,good
79200,22940,110114,HomeImp,NA,28,0,1,144.61612625,0,13,32.366511586,good
30000,79044,118685,DebtCon,Mgr,12,0,0,92.118875541,1,34,27.224985258,good
9800,78022,103466,DebtCon,Mgr,1,0,0,83.835338491,2,24,37.434615355,good
50000,NA,82200,HomeImp,Other,NA,0,0,342.86666667,0,7,NA,good
26500,47820,76159,DebtCon,Other,24,NA,0,282.44500782,0,30,41.288882375,good
17800,8642,88369,HomeImp,Other,13,0,0,265.02210303,0,22,26.480792368,good
44400,100564,154708,DebtCon,Other,14,NA,0,253.91411096,3,30,43.902152357,good
19300,33970,102792,HomeImp,Other,6,0,0,145.02024526,0,14,31.874217469,good
10500,30922,57682,NA,Other,30,0,0,241.46041263,0,19,23.237035018,good
25400,44800,78000,DebtCon,Other,21,0,0,211.03333333,1,27,NA,good
15000,84832,107207,HomeImp,Other,19,0,0,124.45053234,4,23,28.558183481,good
5300,NA,49396,HomeImp,NA,0,0,0,NA,0,0,12.043670576,good
23500,62742,111921,DebtCon,ProfExe,15,0,3,282.97601589,0,36,27.148205463,good
17300,40280,66319,DebtCon,NA,4,0,0,101.32557693,2,9,27.975935447,good
31100,73386,108864,HomeImp,Other,5,NA,NA,119.53951836,10,21,42.826600831,good
10000,64320,102375,DebtCon,Office,10,0,0,148.16666667,1,13,NA,good
14400,61121,88844,HomeImp,Other,NA,0,0,295.79211095,0,20,30.303766952,good
9900,31244,44138,HomeImp,Mgr,14,0,0,60.634469798,1,9,31.688134282,good
9400,109991,125146,DebtCon,Self,7,0,1,171.67981114,0,18,34.813468594,good
9500,28750,42408,HomeImp,Office,0,0,0,115.5749709,1,30,39.050394794,good
8700,60237,69891,DebtCon,Other,3,0,0,321.2748292,0,9,32.280313622,good
80600,16337,109370,HomeImp,NA,28,0,0,137.43999135,0,14,34.202005032,good
6400,28041,33438,DebtCon,Other,1,1,0,10.42564285,10,6,29.753700283,good
9100,48797,67761,DebtCon,Mgr,7,NA,3,116.97915477,3,11,37.79737881,good
16000,88093,106943,DebtCon,ProfExe,7,0,0,207.20285047,1,36,42.573079502,good
28200,148772,186023,HomeImp,Self,3,0,0,203.57585973,1,17,43.304658069,good
50600,178073,255435,DebtCon,ProfExe,5,0,0,238.17705457,1,33,37.501489447,good
19800,65021,95188,DebtCon,Mgr,1,0,0,73.081337497,0,16,27.442542523,good
23700,57553,101656,HomeImp,ProfExe,19,0,0,648.32849259,0,23,22.84647896,good
20400,52109,100316,DebtCon,Office,0,0,4,166.93819992,0,46,35.526227509,good
5400,65814,85848,HomeImp,Other,4,0,0,122.9402886,0,15,44.092325682,good
11100,NA,50262,HomeImp,Mgr,5,NA,NA,175.75688747,NA,8,22.956863758,good
16600,77380,123638,NA,NA,NA,NA,NA,NA,NA,NA,34.118615358,good
16400,NA,51454,DebtCon,Other,NA,NA,NA,338.11080678,NA,17,33.491836085,good
18100,89454,119019,DebtCon,Other,13,0,0,127.24619628,1,8,37.525272691,good
11200,NA,48150,HomeImp,Mgr,3,NA,NA,165.76801721,NA,9,22.302234366,good
12800,11986,48309,HomeImp,Office,23,0,0,265.2270609,0,20,28.493861936,good
16500,47636,59586,DebtCon,Other,16,0,0,284.06554203,0,21,29.969006333,good
8400,43900,55000,DebtCon,Office,1,0,0,169.43333333,1,21,NA,good
23800,101536,147601,HomeImp,ProfExe,10,0,0,161.25574183,1,23,32.719421241,good
7000,120000,175450,DebtCon,Other,8,0,0,219.16666667,1,20,NA,good
11900,NA,39433,HomeImp,Other,NA,NA,1,81.394829612,0,9,35.503664257,good
23000,32946,52054,HomeImp,Self,6,0,NA,123.06721674,NA,10,24.02181712,good
4500,71082,79247,HomeImp,Other,4,0,0,118.76041007,0,14,41.421110521,good
13000,61865,72045,DebtCon,ProfExe,0,0,0,172.69668464,2,34,42.565582285,good
13300,66174,79957,DebtCon,Other,2,NA,NA,175.96269497,NA,34,31.563441222,good
17600,62996,86817,HomeImp,ProfExe,12,0,1,152.78264779,0,14,29.203654576,good
18700,66197,83151,HomeImp,ProfExe,12,0,2,157.94598178,0,14,29.349485795,good
9000,29000,51740,NA,Other,31,0,0,243.2,0,19,NA,good
13100,82411,103833,HomeImp,Other,21,0,0,135.86303837,4,24,29.21582663,good
20000,170706,224233,DebtCon,Office,11,0,0,207.03468454,0,32,41.102489224,good
17100,48471,71546,DebtCon,ProfExe,5,0,1,254.0957007,3,32,29.818743539,good
18900,101289,127485,HomeImp,Mgr,0,0,0,319.25081590999997,0,19,42.723232206,good
24900,89530,146815,DebtCon,ProfExe,19,1,0,164.77031037,1,25,39.345858588,good
50000,174900,250000,DebtCon,ProfExe,5.5,0,0,235.43333333,2,33,NA,good
18000,23252,50750,DebtCon,ProfExe,16,0,0,180.6,1,20,NA,good
20300,71387,107363,HomeImp,Other,4,0,0,219.87473017,0,13,29.567221404,good
18200,4447,21510,DebtCon,Other,NA,0,0,67,2,19,NA,good
13600,39997,56571,DebtCon,Other,6,0,0,111.00781887,2,15,38.773136983,good
15000,94705,114400,DebtCon,Other,9,0,0,300.26666667,2,19,NA,good
20700,100778,142271,HomeImp,NA,NA,NA,NA,NA,NA,NA,39.983095928,good
27800,127770,169440,DebtCon,Mgr,2,0,0,235.72854702,1,24,34.844155434,good
10100,49683,55728,DebtCon,Other,0,0,0,91.095794879,0,20,37.133107539,good
12800,79151,110583,DebtCon,Other,4,0,0,79.371384496,1,13,33.586691632,good
23200,144542,176611,DebtCon,ProfExe,5,NA,NA,179.239077,5,42,40.823160429,good
15000,65584,92582,DebtCon,Other,10,0,0,82.948973217,2,10,34.317240799,good
17000,45671,64516,HomeImp,Other,27,0,0,246.17972137,0,13,25.701205603,good
9700,21883,67432,HomeImp,Office,24,0,0,308.99557574,1,12,41.414280651,good
15900,94078,118359,DebtCon,Other,13,0,0,125.55199939,1,8,37.78182264,good
40300,33299,73380,DebtCon,ProfExe,4,0,0,184.53758909,1,18,24.374481112,good
14300,67018,81805,DebtCon,Other,1,0,0,253.59245092,3,25,30.686218746,good
22900,50876,74270,DebtCon,Other,5,0,0,72.004509982,1,19,34.957029896,good
9300,21138,30700,DebtCon,Other,3,NA,NA,NA,NA,NA,NA,good
7700,56622,70136,DebtCon,Mgr,7,NA,4,120.7645092,1,11,38.132345766,good
10000,78000,97400,HomeImp,ProfExe,1,0,0,72.033333333,1,20,NA,good
20500,39147,58049,DebtCon,Other,NA,0,0,202.90305427,0,12,38.646018727,good
17400,56111,114521,HomeImp,Office,2,NA,2,154.85552388,1,24,38.695083557,good
17000,60483,85015,HomeImp,ProfExe,4,0,0,116.52526509,0,12,27.29874318,good
17000,51018,108148,HomeImp,Office,0,NA,2,114.9462923,0,23,40.241259872,good
30400,45747,78829,DebtCon,Office,0,0,0,174.36374815,3,18,41.256794683,good
12100,61868,66874,HomeImp,Other,30,0,3,170.43863924,0,23,37.915020999,good
23300,61496,102823,HomeImp,ProfExe,18,0,0,649.74710438,1,24,20.872560266,good
18200,61554,94510,DebtCon,Office,2,0,0,161.35269333,0,24,23.896554711,good
29300,228059,291314,DebtCon,ProfExe,16,0,1,259.67720211,2,26,28.173645541,good
17400,55575,78661,DebtCon,Other,17,1,0,198.98960053,1,20,38.991431366,good
12500,81865,101048,DebtCon,Other,1,0,0,147.40222744,0,23,38.855162721,good
9400,61213,70800,HomeImp,Other,5,0,0,75.862659733,3,20,39.403812388,good
20100,84965,110676,DebtCon,Mgr,18,0,0,244.02972997,5,30,38.627830219,good
34300,118911,168901,DebtCon,ProfExe,16,0,0,134.73402354,0,17,28.817515455,good
26100,113266,182082,DebtCon,Sales,18,0,0,304.85246909,1,31,33.193949357,good
11900,83877,208924,HomeImp,Self,15,0,0,12.752046941,NA,7,18.249721916,good
22500,73567,88157,DebtCon,Other,2,0,0,111.4005357,1,30,33.519228144,good
6900,49000,68280,DebtCon,Other,1,0,0,61.9,8,22,NA,good
17200,35116,60489,DebtCon,Other,17,0,0,106.48623703,1,18,38.806240708,good
5200,67000,77000,HomeImp,Other,9,0,1,119.7,0,25,NA,good
12000,44000,59500,DebtCon,Other,3.7,0,0,172.5,0,14,NA,good
20100,62661,87329,DebtCon,Other,18,0,0,198.34134329,0,22,32.83817817,good
6800,45150,57150,DebtCon,Office,4,0,1,94.333333333,3,12,NA,good
6200,75657,84368,DebtCon,Sales,4,0,0,122.24494502,0,30,32.552543335,good
21700,79240,96784,DebtCon,Mgr,5,0,0,64.508423594,6,24,38.078963128,good
20800,NA,78483,DebtCon,Sales,2,0,0,412.01487305,0,23,21.945849051,good
41600,365528,469694,HomeImp,ProfExe,3,0,0,304.98288407,3,15,43.363624328,good
12300,152274,177940,HomeImp,Office,4,0,0,196.87675772,0,56,33.722769149,good
29800,225481,290762,DebtCon,ProfExe,13,0,1,239.32163058,1,26,24.77798542,good
17300,99064,156306,HomeImp,ProfExe,4,0,0,90.449522446,0,16,35.750060441,good
15300,101311,113253,DebtCon,Other,0,0,0,140.07577118,1,21,40.667462294,good
13000,61612,99132,HomeImp,ProfExe,8,0,0,262.73333333,1,12,NA,good
12200,91000,114053,DebtCon,Other,11,0,0,173.5,0,27,NA,good
16400,74904,92308,DebtCon,Other,6,0,0,202.49044482,3,19,42.420345308,good
17100,56791,94396,DebtCon,ProfExe,7,0,0,110.29408781,1,21,36.107340903,good
23400,64332,95770,HomeImp,Office,13,0,0,128.23922251,0,13,35.157645613,good
16000,84505,108652,DebtCon,Office,30,NA,1,332.38573601,2,48,33.74218195,good
10500,26000,39000,DebtCon,Other,9,NA,1,152.23333333,7,29,NA,good
27700,149169,183234,DebtCon,ProfExe,8,0,0,314.78583915,0,35,37.636682724,good
14400,100487,118911,DebtCon,Other,11,0,0,179.34102702,0,27,35.852863711,good
28600,136546,185507,DebtCon,ProfExe,0,0,0,212.31409848,3,19,40.516801315,good
26400,79163,123792,DebtCon,Office,0,0,0,310.61455492,0,24,38.109978597,good
26800,35485,74949,DebtCon,Mgr,14,0,0,84.766624812,5,15,36.191458547,good
11300,46120,52911,HomeImp,Mgr,19,0,0,229.44157776,1,17,36.334814357,good
12900,89510,102628,HomeImp,Other,20,0,0,117.85717268,3,24,28.537354092,good
19500,58474,89240,DebtCon,Office,6,NA,NA,172.87214555,NA,15,38.823782794,good
31200,22907,46357,DebtCon,Other,0,0,0,62.416296878,0,6,15.028037471,good
11200,17411,86102,DebtCon,Other,10,0,0,267.97010945,0,13,22.089199918,good
14600,51613,77912,DebtCon,Office,0,0,0,182.88257536,0,25,32.224452406,good
23800,45279,68939,DebtCon,Other,6,0,0,77.228821947,1,19,35.5214873,good
6100,47604,54966,HomeImp,Other,5,0,0,70.69532973,0,18,24.76674453,good
26900,74982,126972,DebtCon,Office,0,0,0,315.81891124,0,23,38.325989849,good
26500,63345,100332,DebtCon,Other,16,0,0,139.51054588,0,30,38.427444569,good
11700,56990,83334,HomeImp,Other,4,0,2,177.43269886,0,13,30.998694504,good
24300,21660,48475,DebtCon,Other,26,0,0,102.78283553,0,10,23.247958281,good
28300,130028,178918,DebtCon,Mgr,2,NA,NA,113.94263886,NA,39,33.440161627,good
12900,69770,87000,DebtCon,Other,6,0,0,201.93333333,3,19,NA,good
15900,112973,129878,DebtCon,NA,17,0,0,179.13400863,0,17,39.192025867,good
21700,91637,126105,HomeImp,Mgr,10,0,0,131.87535395,1,23,30.961292024,good
10100,73174,91101,DebtCon,Office,14,0,0,77.117090664,0,8,25.042596687,good
12700,29471,48362,HomeImp,Other,9,0,0,79.902871414,0,4,36.020607901,good
12500,37562,57081,HomeImp,Other,22,0,1,129.48684395,0,23,39.083002442,good
11900,44142,54299,HomeImp,Other,22,0,0,123.47114722,0,22,37.154902302000004,good
15900,88000,109500,DebtCon,ProfExe,7,0,0,138,2,21,NA,good
15500,74761,92729,DebtCon,ProfExe,9,0,1,339.08926344,NA,42,37.47461725,good
11100,50350,58837,DebtCon,Other,6,0,0,80.843216818,0,10,28.793166271,good
7700,70451,81862,DebtCon,Sales,3,0,0,141.26867109,0,31,31.68194302,good
10600,39061,50225,DebtCon,Other,15,0,0,77.114285108,0,12,32.587465652,good
14900,44588,72331,DebtCon,ProfExe,6,0,0,156.33174453,2,11,28.164440536,good
22900,90702,115355,DebtCon,Mgr,24,NA,0,308.85054,1,42,38.793334326,good
7400,NA,44651,HomeImp,Other,2,0,0,271.91816905,0,25,42.930043097,good
14200,NA,31671,DebtCon,Other,13,NA,NA,82.99126514,2,8,33.215104024,good
13000,80277,106799,DebtCon,Other,3,0,0,67.111665924,2,14,37.297772993,good
8100,53863,74705,DebtCon,Other,0,0,0,66.294570391,8,21,26.046469422,good
13400,66737,71117,DebtCon,ProfExe,0,0,0,163.13185891,2,34,40.943866269,good
13400,53699,68084,DebtCon,Other,3,0,0,169.85244928,0,14,25.10971349,good
22600,239115,264462,HomeImp,Self,5,0,0,244.17973039,2,50,36.700870555,good
15500,52051,88200,DebtCon,Office,30,0,0,211.06666667,0,22,NA,good
23600,141000,175000,DebtCon,Other,2,0,0,192.76666667,0,35,NA,good
15100,72645,106343,DebtCon,Other,5,0,0,80.772149906,2,13,34.475596781,good
9900,26427,87134,HomeImp,ProfExe,20,0,0,244.36524652,0,11,25.003965494,good
27800,64804,97553,DebtCon,Other,15,1,0,105.09866375,1,17,32.177861062,good
23200,96043,140090,DebtCon,ProfExe,21,0,0,162.64043049,0,24,39.205100427,good
16800,73280,103067,DebtCon,Other,1,0,0,140.36213401,0,17,34.002295373,good
13700,38981,67536,DebtCon,Mgr,NA,NA,NA,NA,NA,NA,35.188159859,good
7400,88288,119677,HomeImp,ProfExe,5,0,0,194.37214004,1,27,26.646083641,good
16600,NA,56631,DebtCon,Office,2,0,0,98.760223233,1,8,39.799527401,good
13900,68876,90813,HomeImp,Other,NA,0,0,284.49690358,0,19,31.164149986,good
31900,34498,82962,DebtCon,Other,NA,NA,NA,285.2974893,0,16,41.155241247,good
8300,61213,65798,HomeImp,Other,6,0,0,86.296515758,2,20,41.426872232,good
11100,47689,52910,HomeImp,Mgr,21,1,1,224.48075013,1,18,34.947076581,good
7100,58639,72412,DebtCon,ProfExe,14,0,0,120.03346455,0,20,43.678746661,good
14100,54081,68577,DebtCon,Other,8,0,0,237.68227828,0,17,33.089017513,good
23500,75708,102198,DebtCon,Mgr,2,NA,NA,231.43431589,5,23,42.179786422,good
18700,59929,89526,DebtCon,Office,0,0,0,64.454725278,0,22,35.087348647,good
14900,45797,71942,DebtCon,Other,11,0,0,233.67873071,0,17,33.550265214,good
20500,169689,198931,DebtCon,ProfExe,9,0,0,258.62004189,1,37,26.366126268,good
16400,85601,100078,HomeImp,Office,NA,0,0,176.69874119,1,25,43.027470528,good
24200,22763,47622,DebtCon,Other,23,0,0,126.92269121,1,10,23.040944709,good
12400,34055,40739,DebtCon,Other,9,NA,0,147.01282696,6,29,39.930947359,good
34800,139519,195663,DebtCon,ProfExe,22,0,0,182.66477215,0,22,36.955917364,good
16000,63005,90908,HomeImp,Other,NA,0,0,295.11525035,0,20,29.014876509,good
11400,50166,61395,DebtCon,Other,1,0,0,188.88668235,1,12,26.950451284,good
37500,127000,190900,DebtCon,Mgr,NA,1,0,181.63333333,0,25,NA,good
11000,50178,64427,DebtCon,Other,5,0,0,67.636289053,1,11,28.689928357,good
10700,56197,79272,HomeImp,Other,18,0,0,218.98166217,1,16,34.015359605,good
24000,17575,50375,DebtCon,Other,23,0,0,135.76405083,0,11,22.981005101,good
9900,55342,72357,DebtCon,Mgr,7,NA,3,111.99885488,1,11,39.870340357,good
7500,84479,104571,DebtCon,ProfExe,23,0,0,47.832851338,3,14,33.075010372,good
7800,44000,57500,DebtCon,Other,11,0,0,95.366666667,0,23,NA,good
13300,64002,88174,DebtCon,Other,3,NA,NA,157.91698973,NA,34,29.79823118,good
18200,61690,89963,HomeImp,ProfExe,15,0,2,157.40967898,0,14,27.946675965,good
14600,54040,66442,DebtCon,Other,6,0,0,237.59925433,0,18,34.883435314,good
25700,103598,144594,DebtCon,Mgr,19,0,0,217.94482804,0,13,41.135649383,good
21100,48624,83448,NA,NA,NA,NA,NA,NA,NA,NA,39.671408305,good
32300,133193,174905,DebtCon,Mgr,13,0,0,177.0516476,1,28,39.475689602,good
5500,87765,101053,DebtCon,ProfExe,22,0,0,55.558049044,2,13,31.375542416,good
8600,76703,100862,HomeImp,Other,0,0,1,174.55712019,0,31,34.386230664,good
33200,195971,298682,DebtCon,Other,29,0,0,138.5666478,0,22,39.887562317,good
16800,57329,83695,DebtCon,Other,3,0,0,294.99970155,2,16,40.625052691,good
22800,74979,109716,DebtCon,Mgr,9,0,1,289.82236965,1,28,31.479906883,good
12000,42482,67800,DebtCon,ProfExe,19,0,0,199.9,0,16,NA,good
12700,60122,93741,DebtCon,Other,0,0,0,38.334923849,1,3,42.109347732,good
16000,98338,115759,DebtCon,Other,8,0,0,296.07626178,1,19,30.062735712,good
25700,26059,51800,DebtCon,Other,24,0,0,118.03113124,0,10,23.085478541,good
33000,54821,104724,DebtCon,Office,1,0,0,164.30091872,1,24,34.391907469,good
7100,NA,40185,HomeImp,Other,3,0,0,272.9226847,1,25,41.916899529,good
25400,69035,108365,DebtCon,ProfExe,13,0,0,281.22191088,1,33,39.543341495,good
20000,55746,105230,DebtCon,ProfExe,16,0,3,282.06666667,1,36,NA,good
16700,62933,91790,DebtCon,Other,2,0,0,185.37246242,0,31,35.25727149,good
22700,77356,106233,HomeImp,Mgr,14,0,0,161.64634096,0,27,35.420928075,good
8700,93759,119459,HomeImp,Office,24,0,0,138.09123004,1,12,38.729710894,good
21700,45640,67023,DebtCon,Other,25,0,0,293.76207666,1,32,34.285372575,good
17300,32736,49100,DebtCon,ProfExe,4,0,0,262.94843765,0,34,38.563080996,good
24500,82756,122917,DebtCon,ProfExe,11,0,1,108.65014117,0,18,26.127436677,good
10200,82630,99250,DebtCon,Other,1,0,0,107.52855981,1,32,40.280974865,good
19100,51994,66467,DebtCon,Other,7,0,0,100.18188768,3,15,41.155082612,good
28900,134509,211558,DebtCon,ProfExe,10,0,0,247.84445257,2,27,20.610706647,good
16700,11059,92706,HomeImp,Other,13,0,1,262.61033998,0,23,29.884757742,good
3000,104570,121729,HomeImp,Office,2,0,0,85.884371895,0,14,32.059783267,good
15700,79346,93472,DebtCon,Mgr,19,0,0,244.47605696,11,23,33.196412457,good
16700,5106,93277,HomeImp,Other,14,0,0,269.96268873,0,23,29.875928067,good
10200,86400,113698,HomeImp,ProfExe,11,0,1,181.54292704,0,27,35.031650879,good
10100,58446,71145,HomeImp,Other,4,0,1,244.62436764,1,15,38.117306388,good
17700,47064,71698,DebtCon,ProfExe,3,0,0,244.51806442,3,32,30.403203826,good
19000,145800,190300,DebtCon,ProfExe,13,NA,NA,109.66666667,1,24,NA,good
13800,NA,44459,HomeImp,Mgr,4,NA,NA,169.00541019,NA,9,21.532897095,good
9800,81199,206201,HomeImp,Self,12,0,0,2.8207855775,NA,7,21.28386768,good
18300,26982,59552,DebtCon,ProfExe,15,0,0,183.61441489,1,19,36.299617975,good
23700,144373,180927,DebtCon,ProfExe,5,NA,NA,175.81537537,5,43,40.315790028,good
10800,59469,69834,DebtCon,Other,3,0,0,308.75917568,0,9,34.095785093,good
26400,220432,283978,HomeImp,ProfExe,6,NA,5,480.35601368,NA,56,33.714239099,good
25900,201877,239546,HomeImp,Other,6,0,0,134.85324273,0,42,40.398114335,good
9800,74962,108730,HomeImp,ProfExe,4,0,1,76.392416053,1,33,37.32134756,good
7100,120176,180104,DebtCon,Other,8,0,0,221.60732419,0,18,32.674358967,good
18900,91784,117626,DebtCon,Other,21,0,0,280.1234728,0,16,25.67302186,good
15100,96763,114896,HomeImp,Office,2,0,0,144.52964999,0,21,36.371704029,good
9300,NA,44108,HomeImp,Other,NA,NA,NA,290.81807399,NA,12,29.743599964,good
9900,54961,70609,DebtCon,Mgr,6,NA,4,105.9346916,2,11,40.70254787,good
13700,53094,79069,HomeImp,Other,2,0,2,155.81528651,0,13,29.556366385,good
5000,12457,53448,HomeImp,Self,NA,0,0,207.14348133,0,12,44.107951691,good
79900,18363,109675,HomeImp,NA,27,0,1,132.76672403,0,13,31.642335073,good
17600,106381,134476,DebtCon,Other,0,0,0,294.07325413,0,47,38.581658717,good
50900,NA,85196,HomeImp,Other,NA,0,0,351.45087807,0,6,21.595479997,good
17100,NA,60781,NA,NA,8,0,0,101.01406133,0,14,27.719938143,good
28900,77916,130728,DebtCon,Office,2,0,0,290.77260805,1,23,39.095476448,good
22900,107241,138883,DebtCon,Mgr,9,1,0,201.7857441,5,18,41.140752079,good
6400,53476,70157,DebtCon,ProfExe,7,0,3,164.31540986,1,30,21.137981572,good
81400,22344,108280,HomeImp,NA,25,0,0,148.11499352,0,14,34.285741432,good
18200,50250,72000,DebtCon,Mgr,10,2,0,75.066666667,3,28,NA,good
27300,127260,212953,DebtCon,ProfExe,9,0,0,244.1654213,3,26,21.241194773,good
17000,152900,191146,DebtCon,Other,7.5,0,0,NA,2,16,NA,good
13800,NA,44092,HomeImp,Mgr,5,NA,NA,173.87586768,NA,10,20.682377402,good
6300,78724,80355,HomeImp,Other,24,0,0,335.07414261,1,46,31.177261304,good
14800,88898,107208,DebtCon,Office,30,NA,0,329.76021459,1,50,36.745013007,good
27700,76055,126560,DebtCon,Office,0,0,0,310.6263344,1,23,38.983558116,good
20100,74013,106578,HomeImp,Mgr,13,1,0,164.44581132,0,27,33.916244151,good
17800,13839,171378,HomeImp,Mgr,23,0,0,86.702624803,2,21,31.359609533,good
20000,27782,58313,DebtCon,ProfExe,16,0,0,185.17063715,1,20,38.68480699,good
10000,133879,157446,HomeImp,ProfExe,6,0,1,421.36287218,1,42,30.606998702,good
8400,77144,91532,DebtCon,Mgr,19,0,1,311.75718243,1,24,40.912736994,good
33600,79877,118554,DebtCon,Mgr,9,0,0,78.327767713,1,35,25.012020369,good
19000,167104,200184,DebtCon,ProfExe,9,0,0,256.64834362,0,38,23.668678492,good
22400,69774,107601,DebtCon,Mgr,2,NA,NA,248.39323688,5,23,40.962995121,good
8300,45842,50006,DebtCon,Other,16,0,0,90.653070126,0,12,31.360821946,good
9500,41541,57280,DebtCon,Other,6,0,0,69.229369351,1,10,29.160127076,good
28800,30357,56776,DebtCon,Other,35,0,0,294.42002143,0,22,37.537461252,good
11000,52602,61496,DebtCon,Other,13,0,0,107.34006616,0,22,37.699108592,good
10800,67740,108135,DebtCon,Office,11,0,0,163.27383179,1,12,38.383498378,good
17600,39063,54561,DebtCon,Other,17,0,0,107.94381754,1,17,38.919210327,good
18500,14517,95150,HomeImp,Other,11,0,0,272.03410245,0,22,27.478583037,good
44900,95410,157649,DebtCon,Other,16,NA,1,216.10104618,4,31,40.483515251,good
41400,NA,46000,DebtCon,Other,NA,6,NA,112.79603175,NA,20,NA,good
13000,NA,25425,DebtCon,Other,13,NA,NA,90.933333333,2,9,NA,good
38000,97759,139899,DebtCon,Other,11,0,0,62.858669659,1,36,41.788492175,good
19200,54483,81690,DebtCon,Other,16,0,0,198.70251643,0,21,37.749426528,good
10000,41949,51684,DebtCon,Other,15,0,0,84.123450947,0,12,31.267318776,good
27400,46575,85263,DebtCon,Office,1,0,0,155.64704116,2,19,39.489317202,good
15400,NA,55421,DebtCon,Office,2,0,0,81.278511267,2,9,38.723895033,good
18700,110292,132953,DebtCon,ProfExe,7,0,0,105.4248876,0,14,30.552752321,good
12000,150000,175065,DebtCon,ProfExe,7,NA,1,206.66666667,4,26,NA,good
16800,94851,119053,DebtCon,Office,2,0,1,270.9986111,1,34,27.009239289,good
9900,74009,108371,DebtCon,Office,1,0,0,246.09476485,0,36,17.257117147,good
4900,58688,63348,DebtCon,ProfExe,9,0,3,179.16257471,2,31,22.544392837,good
5300,47449,63895,HomeImp,Office,19,0,0,208.16271401,0,20,19.762113701,good
26500,NA,61089,DebtCon,Other,27,0,0,144.19203429,0,9,22.813867857,good
23500,90246,119320,DebtCon,Other,22,0,0,239.25964489,1,26,41.336696482,good
10900,59029,76120,DebtCon,Other,2,0,0,231.73414438,0,10,36.025683828,good
18400,48970,69559,DebtCon,ProfExe,20,0,0,178.01583301,0,23,39.707988067,good
23600,NA,68208,DebtCon,Other,26,0,0,119.58590128,0,8,20.818255542,good
14000,43173,65985,HomeImp,ProfExe,5,0,0,215.98589471,3,18,37.148691731,good
21300,99613,147991,HomeImp,NA,NA,NA,NA,NA,NA,NA,38.497560593,good
22700,91303,98362,HomeImp,NA,7,NA,NA,NA,NA,NA,30.681015154,good
15600,105959,121747,DebtCon,Other,0,0,0,120.53313143,2,21,39.294812813,good
66400,69588,143926,HomeImp,Office,12,0,0,118.25448658,0,11,39.975347097,good
17100,49951,111291,HomeImp,Office,1,NA,2,151.10459247,1,23,39.487198141,good
10000,114643,130127,DebtCon,Self,5,0,1,160.6678931,0,19,33.920044393,good
20800,56597,79582,DebtCon,Mgr,9,1,0,67.691938554,3,27,36.06123372,good
38900,198749,270751,DebtCon,ProfExe,4,0,0,245.89544438,0,32,29.622368686,good
10600,48018,68963,DebtCon,Mgr,2,0,0,186.7575926,1,16,30.655744344,good
22600,NA,45744,DebtCon,Other,NA,NA,NA,84.231761118,NA,12,28.453876923,good
14800,63508,87310,DebtCon,Other,2,0,0,127.16522994,3,10,38.953722682,good
16100,76981,106014,DebtCon,ProfExe,0,0,0,269.34262868,1,21,39.799112283,good
8700,46489,63573,DebtCon,Mgr,4,0,0,196.24907,1,21,28.787922854,good
17200,52011,65800,DebtCon,Other,7,0,1,120.32397922,2,48,30.556511873,good
11400,NA,44849,HomeImp,Mgr,6,NA,NA,163.27459468,NA,9,23.481116639,good
21200,84117,118884,DebtCon,Other,9,0,0,302.20690049,2,16,36.190524264,good
10100,57881,69554,HomeImp,Other,29,0,3,189.92452243,1,24,34.61045543,good
9800,63891,72980,DebtCon,ProfExe,7,0,0,32.41493353,2,24,39.37186986,good
22600,34226,85424,DebtCon,ProfExe,9,0,0,277.8486564,0,18,38.005683199,good
12700,59440,88690,DebtCon,Other,0,0,0,129.15261505,3,11,37.838273531,good
18700,39821,60672,HomeImp,Other,26,0,0,243.86876302,0,14,23.35928056,good
50400,53992,63772,DebtCon,Office,12,0,1,98.822396477,2,25,40.425704342,good
20500,93761,94895,DebtCon,ProfExe,1,1,0,118.27605096,0,20,33.70161545,good
12700,48139,64842,DebtCon,Other,0,1,0,192.47915219,2,13,26.54684008,good
16600,28694,44165,DebtCon,ProfExe,20,0,1,206.71765119,2,16,30.63902291,good
26300,58369,88124,DebtCon,Other,7,0,0,234.22154725,1,20,37.158294824,good
10600,64546,84576,DebtCon,Other,0,NA,NA,173.62528427,NA,35,28.971803768,good
5800,46595,58191,HomeImp,Other,5,0,0,80.131746414,0,17,24.140153667,good
13700,95065,123858,DebtCon,Other,9,0,0,176.95253246,0,27,34.596837528,good
17000,12613,85000,DebtCon,Other,21,0,0,226.36666667,3,41,NA,good
69600,198702,293252,DebtCon,Self,10,0,0,208.29900684,2,24,27.761644137,good
12800,85251,114023,DebtCon,ProfExe,1,1,2,143.68279591,0,33,31.913272413,good
26100,20566,50534,DebtCon,Other,24,0,0,140.5532102,1,10,24.098266761,good
8100,84822,123854,HomeImp,Office,31,0,0,340.7444307,2,38,36.205114552,good
12400,31303,57444,NA,Other,29,0,0,246.71682738,0,18,20.205907521,good
15200,102925,114520,HomeImp,Office,3,0,0,137.38937273,0,22,36.44647661,good
32200,16232,60238,DebtCon,Other,0,0,0,116.72974546,1,5,37.999081526,good
22800,NA,147730,NA,NA,NA,NA,NA,NA,NA,NA,16.179249586,good
19200,65206,13933,DebtCon,Other,7,NA,NA,57.59183135,0,16,42.50243535,good
10500,27180,86978,HomeImp,ProfExe,22,0,0,230.72115441,0,10,25.753010226,good
30800,125787,175196,DebtCon,Mgr,13,0,0,157.8776807,2,29,41.350974526,good
21700,58363,78411,DebtCon,NA,5,0,0,104.17477035,0,16,38.188435476,good
37700,37200,51389,DebtCon,Other,NA,0,0,NA,6,0,32.774331021,good
9400,52598,74747,DebtCon,Mgr,6,NA,NA,129.34382449,NA,24,42.265466118,good
17900,46342,68029,DebtCon,Mgr,26,1,0,279.00708055,1,17,36.07297543,good
21200,48273,71102,DebtCon,Other,7,0,0,73.303097452,2,19,34.659259929,good
9900,60488,75507,HomeImp,Other,3,0,0,239.43363997,1,17,38.473075274,good
31900,23517,47805,DebtCon,Other,0,0,0,78.813600281,0,7,16.727748096,good
11800,NA,65769,HomeImp,Other,NA,0,0,357.33268218,0,7,34.327276537,good
20800,97360,123854,HomeImp,Mgr,0,0,0,310.23181959,1,20,43.217416959,good
11600,36357,56514,NA,Other,31,0,0,237.81896639000001,0,19,20.181582401,good
8000,45557,56235,DebtCon,NA,7,NA,1,84.691134882,NA,16,36.503160752,good
31400,12617,36082,DebtCon,Other,30,0,0,205.4598874,0,15,41.979000667,good
5400,48152,55760,DebtCon,NA,6,NA,0,78.452125766,NA,16,35.763637997,good
15900,52012,105877,HomeImp,Other,0,0,2,50.53156169,1,10,40.392256543,good
7200,36264,48240,DebtCon,Other,15,0,0,82.166666667,0,12,NA,good
22700,75354,106186,DebtCon,Other,NA,0,0,175.33937624,1,24,38.256593617,good
25000,57459,96000,DebtCon,Other,16,0,1,133.76666667,0,30,NA,good
88900,57264,90185,DebtCon,Other,16,0,0,221.80871754,0,16,36.112346519,good
12400,26768,52411,HomeImp,Other,0,0,0,253.31804334,0,11,38.821021323,good
17800,51689,115660,DebtCon,ProfExe,16,0,0,270.04499102,0,19,27.467001805,good
26700,146193,185200,DebtCon,ProfExe,11,0,0,156.2294564,0,36,39.210272093,good
33700,26395,48905,DebtCon,Mgr,6,0,0,48.710053215,0,7,36.42433271,good
17800,58942,91483,HomeImp,ProfExe,5,0,0,123.73667435,0,13,28.155959991,good
18300,109192,139384,DebtCon,ProfExe,6,0,0,122.86557582,0,14,29.397593104,good
16400,63574,88586,HomeImp,Other,NA,0,0,298.14655172,0,20,29.153372016,good
12600,80612,93802,DebtCon,Mgr,5,0,0,141.61314558,2,26,40.74903888,good
9900,28432,36605,HomeImp,Office,0,0,0,111.53162529,1,29,37.588195648,good
4200,67700,77000,DebtCon,Sales,4,0,0,128.83333333,0,31,NA,good
17500,102858,138977,DebtCon,Office,2,NA,NA,100.28121919,2,15,31.669319454,good
18000,56000,78000,DebtCon,NA,4,0,0,108.53333333,0,16,NA,good
9400,81546,119128,HomeImp,Office,30,0,0,328.17812369,2,38,34.150319383,good
24400,147073,182069,DebtCon,Other,2,0,0,173.71494662,0,35,37.81236793,good
15000,73187,111623,DebtCon,Other,4,0,0,98.139893685,2,14,36.237233671,good
14000,46541,64338,DebtCon,Other,0,0,0,204.40944332,1,12,28.364798507,good
31200,15557,62847,DebtCon,Other,0,0,0,99.560441868,1,6,37.394118746,good
20400,83188,113181,DebtCon,Mgr,25,NA,0,321.56093961,1,42,37.69667921,good
14000,63451,105702,HomeImp,ProfExe,8,0,0,257.22632505,1,12,33.903063818,good
16000,20648,167020,HomeImp,Self,5,0,0,315.46656561,0,26,25.912976009,good
26400,134642,182719,DebtCon,Mgr,0,NA,NA,122.45686327,NA,39,32.698800459,good
22700,128020,164199,DebtCon,ProfExe,7,0,0,175.88480789,0,37,21.232357898,good
11500,64371,73636,DebtCon,ProfExe,2,0,0,162.11625392,1,35,39.791198955,good
18100,71814,89941,DebtCon,Other,10,0,0,83.167810785,3,11,32.285405494,good
19300,84425,119351,DebtCon,Mgr,15,0,0,238.66869708,4,31,38.298278157,good
21900,66859,104878,DebtCon,Office,7,NA,1,116.5339256,1,18,38.884826945,good
10200,55539,65357,DebtCon,Mgr,5,0,0,190.94593081,1,17,28.640823727,good
21500,47451,78645,NA,NA,NA,NA,NA,NA,NA,NA,38.46833167,good
47600,39364,108232,HomeImp,Self,9,0,0,199.33328593,2,35,40.189421966,good
13400,60174,81944,DebtCon,Other,1,0,0,125.38544605,3,9,36.229863857,good
25400,62906,96327,DebtCon,Other,17,0,0,110.62012706,1,16,33.760748359,good
15700,122646,204282,DebtCon,Other,2,0,0,201.92370782,0,17,26.31831366,good
8000,80817,89515,DebtCon,Other,0,3,0,NA,0,4,29.638901419,good
16500,44110,65748,DebtCon,Other,7,0,0,99.193552575,3,14,41.415631251,good
12200,61929,83102,HomeImp,Office,14,0,0,238.52492741,1,32,44.449670971,good
3100,NA,70400,NA,NA,NA,NA,NA,NA,NA,NA,NA,good
16900,61847,91671,DebtCon,ProfExe,9,0,0,202.05343558,0,20,21.348254512,good
12900,50636,57838,DebtCon,Other,0,1,0,187.82532332,1,13,28.813470941,good
15700,111367,127421,DebtCon,NA,16,0,0,184.23480732,1,18,41.03530607,good
22800,39166,84407,DebtCon,ProfExe,11,0,0,276.12197299,0,19,38.968366525,good
15100,53549,99812,DebtCon,ProfExe,4,0,0,127.12214723,2,21,37.957103675,good
13500,116123,145597,DebtCon,ProfExe,3,0,0,290.31077491,0,46,34.69906743,good
25000,126462,207200,DebtCon,ProfExe,10,0,0,239.8,3,27,NA,good
12500,56960,69014,DebtCon,Other,4,0,0,307.63666403,0,10,30.362483817,good
9700,29094,51990,NA,Other,30,0,0,246.19523933,0,19,20.743364711,good
15700,NA,28198,DebtCon,Other,12,NA,NA,87.620526369,2,9,32.445475521,good
36300,35072,74829,DebtCon,ProfExe,4,1,0,195.5596417,2,18,23.01985524,good
16400,81700,109025,DebtCon,ProfExe,10,0,0,155.26666667,3,19,NA,good
25000,60504,93907,DebtCon,Office,1,0,0,99.993715323,0,23,33.490354241,good
6200,NA,51732,NA,NA,NA,NA,NA,NA,NA,NA,12.324707091,good
27400,99900,143437,DebtCon,Mgr,21,0,0,211.10827714,0,12,39.110297625,good
52200,41301,67400,DebtCon,Office,5,1,NA,181.50235431,1,15,30.626188266,good
24400,50317,71327,DebtCon,Other,6,0,0,45.485801767,1,18,37.014140786,good
17000,125257,161009,DebtCon,Office,3,0,0,129.75779959,1,21,27.6372066,good
17400,11147,166496,HomeImp,Mgr,23,0,0,73.467517761,1,19,29.531664151,good
21900,61423,103075,DebtCon,Office,7,NA,1,125.52302355,1,17,37.006766746,good
18900,44605,65489,DebtCon,ProfExe,15,0,0,189.00845586,0,23,38.57108327,good
10800,199000,226000,HomeImp,ProfExe,11,0,0,236.36666667,0,22,NA,good
23900,NA,63096,DebtCon,Other,NA,0,0,313.80972585,0,19,37.513324048,good
22000,81668,123978,DebtCon,Other,8,0,0,285.14175022,1,16,37.417108014,good
4200,56544,59218,HomeImp,Office,19,0,0,211.00259912,1,20,19.027704425,good
10800,56477,94980,HomeImp,Other,17,0,0,179.91736263,0,28,25.210739655,good
9000,50400,65000,DebtCon,Mgr,6,NA,NA,117.6,NA,24,NA,good
5000,44674,59375,HomeImp,Office,10,NA,NA,178.6925087,NA,19,26.448197463,good
17700,107395,133433,DebtCon,ProfExe,6,0,0,96.157561735,0,13,27.592277381,good
3200,67848,74566,HomeImp,Mgr,10,NA,1,206.42660206,0,25,40.115677278,good
20600,124323,166781,DebtCon,Office,4,NA,1,381.02564753,NA,51,37.169048081,good
32000,22832,43358,DebtCon,Other,1,0,0,68.328984239,0,7,13.665797689,good
10600,56814,66692,DebtCon,Mgr,10,0,0,107.37405519000001,1,18,32.625687041,good
50200,NA,85567,HomeImp,Other,NA,0,0,351.18565237,0,6,24.084565842,good
10700,83650,203720,HomeImp,Self,11,0,0,13.588693962,NA,8,19.587710546,good
12700,53199,82567,HomeImp,Other,3,0,1,185.32503543,0,13,27.390380405,good
9800,54681,74097,DebtCon,Other,2,0,1,106.88889374,3,18,36.618660862,good
13400,100784,118708,NA,Office,15,0,0,268.10759246,0,16,36.158718102,good
11000,57554,68222,DebtCon,ProfExe,14,0,0,215.43179389,3,32,36.569347898,good
11400,84380,202186,HomeImp,Self,13,0,0,34.914371682,NA,7,18.84034872,good
25600,77123,103014,DebtCon,Mgr,1,NA,NA,231.79420106,3,24,43.671281432,good
27900,137006,207997,HomeImp,ProfExe,5,0,0,194.0931469,1,28,36.906075155,good
6000,79046,103048,HomeImp,Other,0,0,0,181.69653802,0,32,37.289989924,good
7900,NA,35422,HomeImp,Office,19,0,0,184.39002923,0,15,37.836714873,good
21400,77794,105330,DebtCon,Other,NA,0,0,187.37085369,1,24,38.188345011,good
36800,109378,163684,DebtCon,Other,NA,0,0,240.23287537,3,13,35.691542689,good
14000,83645,101615,HomeImp,ProfExe,5,0,0,116.33768431,0,26,28.296734839,good
17600,71983,97939,DebtCon,Office,1,0,0,144.36621588,3,19,29.808589765,good
14200,64235,76965,DebtCon,NA,9,NA,NA,NA,NA,NA,24.835957923,good
8500,50569,60940,DebtCon,Mgr,6,0,0,189.94689772,0,22,29.202476735,good
9800,69919,100267,DebtCon,Other,16,NA,NA,130.8860074,3,15,26.835043413,good
34100,241545,42189,DebtCon,Mgr,1,0,2,196.55422123,3,50,42.042706176,good
27200,97541,126368,DebtCon,ProfExe,0,1,0,186.77854794,3,38,34.81068944,good
6900,51384,84689,DebtCon,NA,4,0,0,224.2470369,3,29,30.526150723,good
43900,120527,174003,DebtCon,Self,13,0,0,167.20836635,0,4,39.289348981,good
33000,18026,57436,DebtCon,Other,0,0,0,94.118968045,0,5,37.749933733,good
26700,144243,176096,DebtCon,Other,1,0,0,194.67979612,0,34,40.479243579,good
70500,196690,288512,DebtCon,Self,9,0,0,227.02713568,2,24,29.582300922,good
21500,96993,143240,DebtCon,ProfExe,20,0,0,173.34166492,0,25,39.858726886,good
35000,240994,39401,DebtCon,Mgr,3,0,1,210.50181736,3,50,42.967511635,good
12400,80510,97548,HomeImp,ProfExe,1,0,0,74.404263327,1,19,36.457349926,good
39500,68117,117084,DebtCon,Mgr,15,0,0,198.0997869,0,21,40.204874501,good
7300,60973,79443,HomeImp,Other,14,0,0,239.62029765,1,36,36.727136357,good
9400,53756,76077,HomeImp,Office,12,2,0,244.11665292,2,29,33.374570631,good
7000,98779,124827,HomeImp,Other,9,NA,NA,421.541928,1,49,40.828872934,good
28400,106020,206030,DebtCon,Other,22,0,0,188.75246946,0,18,25.33037232,good
16400,86623,124048,NA,NA,NA,NA,NA,NA,NA,NA,35.810769362,good
18600,50167,96312,DebtCon,ProfExe,5,0,0,128.33943385,1,21,36.377322201,good
28300,71973,119224,DebtCon,Other,4,0,0,89.379952321,2,32,39.98105906,good
15000,48000,105000,HomeImp,Office,2,NA,3,142,1,24,NA,good
14900,51219,144894,DebtCon,Other,1,0,0,275.28311554,5,42,39.323885122,good
18400,40673,60418,HomeImp,Other,27,0,0,247.64957888,0,13,24.980298956,good
15200,40341,58834,DebtCon,Other,NA,0,0,100.01445522,0,15,41.102676905,good
20900,152994,117934,NA,ProfExe,4,0,0,98.50936023,3,34,32.313187157,good
13400,51225,69361,DebtCon,Other,0,0,0,261.18963685,0,21,28.953067713,good
32200,188427,293790,DebtCon,Other,27,0,0,157.72629076,0,23,37.065758884,good
11500,53651,87547,HomeImp,Other,18,0,0,191.39688748,0,16,34.368650887,good
27200,145725,179197,DebtCon,Other,1,0,0,183.37628836,0,34,40.287479925,good
20400,76305,103430,HomeImp,ProfExe,8,0,0,68.441583027,0,16,31.515593407,good
32400,51220,106361,DebtCon,Office,3,0,0,172.36214796,2,24,36.489097213,good
18900,55238,112776,DebtCon,ProfExe,16,0,0,251.54939236,0,19,25.769499901,good
12000,53800,80000,DebtCon,Other,0.3,0,0,124.76666667,4,11,NA,good
13600,101377,131079,HomeImp,ProfExe,10,0,0,174.34778761,2,32,27.969137978,good
9400,92340,125451,DebtCon,Office,7,0,0,129.11372481,1,22,36.349974603,good
31200,124295,176185,DebtCon,Mgr,12,0,0,171.21441633,1,27,43.17681901,good
11500,63136,81099,DebtCon,Other,3,NA,NA,149.06474483,NA,35,28.975940118,good
24800,NA,45167,DebtCon,Other,NA,NA,NA,84.735617935,NA,12,28.457018931,good
7400,65032,83184,HomeImp,Other,15,0,0,230.42025592,1,35,35.415112916,good
8700,51950,67475,HomeImp,Other,4.5,0,1,246.46666667,2,16,NA,good
15800,NA,44144,HomeImp,Other,0,0,0,315.81263172,1,9,25.650384133,good
28500,84908,108385,DebtCon,Office,10,0,0,384.28504689,0,45,41.342010942,good
12900,67038,110955,DebtCon,Office,9,0,0,147.19741366,0,12,37.085986081,good
15900,71841,96424,HomeImp,Office,10,NA,NA,111.43725111,0,11,36.954969611,good
19100,105111,176829,DebtCon,Office,6,0,0,211.40033751000001,4,24,41.413123846,good
15300,NA,92320,DebtCon,Office,28,0,0,325.99844856,0,15,15.335560256,good
7700,35100,45000,DebtCon,Office,10,0,0,206.96666667,1,23,NA,good
40600,14534,60000,DebtCon,Other,20,0,0,206.96666667,1,31,NA,good
6800,76074,88178,HomeImp,Other,22,0,0,341.46505556,0,46,27.523246143,good
25500,73083,126995,DebtCon,Office,1,0,0,289.20089863,1,24,37.316207652,good
30000,12223,35875.06,DebtCon,Other,28.5,0,0,199.83333333,0,15,NA,good
16400,107669,115881,DebtCon,Other,0,0,0,136.81211951,1,21,39.699961675,good
11600,57436,72460,NA,Other,11,0,0,255.12603024,0,27,28.945531785,good
13000,49268,72430,DebtCon,ProfExe,19,0,0,192.36447464,0,15,23.617104865,good
9900,84920,201713,HomeImp,Self,13,0,0,3.0443841399,NA,8,21.05764132,good
14000,73062,88783,DebtCon,Other,6,0,0,211.10255212,2,18,42.254580037,good
7300,139348,205981,DebtCon,ProfExe,1,0,0,60.424760757,2,22,36.812290634,good
27000,54515,82539,DebtCon,Other,20,0,0,203.8613989,0,26,37.11235228,good
25300,62540,101165,DebtCon,ProfExe,0,0,0,195.45133124,0,25,35.200864505,good
15300,22057,44461,NA,Office,1,0,0,210.27547612,0,16,40.432252239,good
20100,57192,82870,DebtCon,Other,5,NA,NA,91.701436768,0,7,36.635230799,good
20900,111464,144487,DebtCon,Office,11,0,1,206.67735326,0,25,40.065477156,good
8700,68186,82518,HomeImp,Other,1,0,0,105.10225507,0,7,36.44893885,good
9900,108155,219936,HomeImp,ProfExe,2,0,0,126.93937738,1,15,27.992051659,good
42900,8117,66731,HomeImp,Office,NA,0,0,315.25481892,0,19,13.312355906,good
24000,43948,86111,HomeImp,Other,24,0,0,258.30359386,0,7,26.61774876,good
8000,70917,83500,DebtCon,Mgr,8,0,0,107.5,0,23,NA,good
19000,105729,172555,DebtCon,Office,6,0,0,216.43903593,4,23,41.046748124,good
23100,42862,63916,DebtCon,Office,5,0,0,182.93211997,1,26,35.583789235,good
13400,30507,47990,DebtCon,Other,7,NA,0,149.93529399,6,29,38.929265887,good
17400,62824,82243,DebtCon,Other,5,NA,NA,109.48274852,0,7,34.818444993,good
21900,62387,113827,DebtCon,ProfExe,15,0,3,281.05914082,1,36,26.031709113,good
12300,90006,121122,DebtCon,Office,9,0,0,133.49754075,1,21,36.91048167,good
15500,59316,80837,DebtCon,Other,1,0,0,126.91272316,3,11,35.901463044,good
11500,77143,86862,DebtCon,ProfExe,8,0,1,164.59640287,1,12,39.449692717,good
22800,127010,171758,NA,Mgr,25,NA,5,335.61565087,0,27,32.365041562,good
6200,73881,98550,HomeImp,Other,0,0,1,182.8787798,0,31,37.19944569,good
11300,114392,214523,HomeImp,ProfExe,2,0,0,132.09765987,1,15,26.251830338,good
10500,NA,53907,HomeImp,Other,10,0,0,308.21326219,2,13,34.408948419,good
17400,NA,48971,DebtCon,Other,NA,NA,NA,345.00991859,NA,17,32.474319466,good
17400,43110,73614,DebtCon,Mgr,1,0,0,114.28918244,1,8,26.379108017,good
24100,NA,49433,DebtCon,Other,NA,NA,NA,83.099726126,NA,13,26.148970181,good
19400,110745,173474,DebtCon,Office,6,0,0,217.40670533,4,23,42.220407153,good
10800,78898,86567,DebtCon,ProfExe,9,0,0,179.83082878,0,12,40.291951983,good
